capture_date,insurer,product_family_id,product_name_zh,category,comparison_bucket,payment_mode,payment_term_years,policy_year,age,total_paid,guaranteed_cash_value,reversionary_bonus_cash_value,terminal_bonus_cash_value,total_surrender_value,surrender_to_paid_pct,guaranteed_to_paid_pct,pdf_file
2026-05-11,FWD,fwd_creative_fortune_plus_ii,創逸致富(豐裕版) II 保險計劃,life-savings,OUT_OF_SCOPE,SINGLE,1,1,31,33870,27775,50,0,27825,82.1523,82.0047,20260510_FWD_LIFESAVING_CreativeFortunePlusII_USD33870_SINGLE_minSI500000.pdf
2026-05-11,FWD,fwd_creative_fortune_plus_ii,創逸致富(豐裕版) II 保險計劃,life-savings,OUT_OF_SCOPE,SINGLE,1,2,32,33870,27775,101,0,27876,82.3029,82.0047,20260510_FWD_LIFESAVING_CreativeFortunePlusII_USD33870_SINGLE_minSI500000.pdf
2026-05-11,FWD,fwd_creative_fortune_plus_ii,創逸致富(豐裕版) II 保險計劃,life-savings,OUT_OF_SCOPE,SINGLE,1,3,33,33870,27775,155,500,28430,83.9386,82.0047,20260510_FWD_LIFESAVING_CreativeFortunePlusII_USD33870_SINGLE_minSI500000.pdf
2026-05-11,FWD,fwd_creative_fortune_plus_ii,創逸致富(豐裕版) II 保險計劃,life-savings,OUT_OF_SCOPE,SINGLE,1,4,34,33870,27775,211,3500,31486,92.9613,82.0047,20260510_FWD_LIFESAVING_CreativeFortunePlusII_USD33870_SINGLE_minSI500000.pdf
2026-05-11,FWD,fwd_creative_fortune_plus_ii,創逸致富(豐裕版) II 保險計劃,life-savings,OUT_OF_SCOPE,SINGLE,1,5,35,33870,27775,269,4500,32544,96.085,82.0047,20260510_FWD_LIFESAVING_CreativeFortunePlusII_USD33870_SINGLE_minSI500000.pdf
2026-05-11,FWD,fwd_creative_fortune_plus_ii,創逸致富(豐裕版) II 保險計劃,life-savings,OUT_OF_SCOPE,SINGLE,1,10,40,33870,27775,593,9500,37868,111.804,82.0047,20260510_FWD_LIFESAVING_CreativeFortunePlusII_USD33870_SINGLE_minSI500000.pdf
2026-05-11,FWD,fwd_creative_fortune_plus_ii,創逸致富(豐裕版) II 保險計劃,life-savings,OUT_OF_SCOPE,SINGLE,1,15,45,33870,27775,982,12500,41257,121.8099,82.0047,20260510_FWD_LIFESAVING_CreativeFortunePlusII_USD33870_SINGLE_minSI500000.pdf
2026-05-11,FWD,fwd_creative_fortune_plus_ii,創逸致富(豐裕版) II 保險計劃,life-savings,OUT_OF_SCOPE,SINGLE,1,20,50,33870,33870,1500,15500,50870,150.1919,100,20260510_FWD_LIFESAVING_CreativeFortunePlusII_USD33870_SINGLE_minSI500000.pdf
2026-05-11,FWD,fwd_creative_fortune_plus_ii,創逸致富(豐裕版) II 保險計劃,life-savings,OUT_OF_SCOPE,SINGLE,1,25,55,33870,33870,2343,25000,61213,180.7293,100,20260510_FWD_LIFESAVING_CreativeFortunePlusII_USD33870_SINGLE_minSI500000.pdf
2026-05-11,FWD,fwd_creative_fortune_plus_ii,創逸致富(豐裕版) II 保險計劃,life-savings,OUT_OF_SCOPE,SINGLE,1,30,60,33870,33870,3405,36000,73275,216.3419,100,20260510_FWD_LIFESAVING_CreativeFortunePlusII_USD33870_SINGLE_minSI500000.pdf
2026-05-11,FWD,fwd_creative_fortune_premier,創逸致富﹙豐盛版﹚,life-savings,10Y_ANNUAL,ANNUAL,10,1,32,15600,0,81,0,81,0.52,0,20260511_FWD_LIFESAVING_CreativeFortunePremier_PREMIUM15600_ANNUAL_10pay.pdf
2026-05-11,FWD,fwd_creative_fortune_premier,創逸致富﹙豐盛版﹚,life-savings,10Y_ANNUAL,ANNUAL,10,2,33,31200,2813,165,0,2978,9.54,9.02,20260511_FWD_LIFESAVING_CreativeFortunePremier_PREMIUM15600_ANNUAL_10pay.pdf
2026-05-11,FWD,fwd_creative_fortune_premier,創逸致富﹙豐盛版﹚,life-savings,10Y_ANNUAL,ANNUAL,10,3,34,46800,8424,252,1621,10298,22,18,20260511_FWD_LIFESAVING_CreativeFortunePremier_PREMIUM15600_ANNUAL_10pay.pdf
2026-05-11,FWD,fwd_creative_fortune_premier,創逸致富﹙豐盛版﹚,life-savings,10Y_ANNUAL,ANNUAL,10,4,35,62400,16848,343,4054,21245,34.05,27,20260511_FWD_LIFESAVING_CreativeFortunePremier_PREMIUM15600_ANNUAL_10pay.pdf
2026-05-11,FWD,fwd_creative_fortune_premier,創逸致富﹙豐盛版﹚,life-savings,10Y_ANNUAL,ANNUAL,10,5,36,78000,28086,436,7297,35820,45.92,36.01,20260511_FWD_LIFESAVING_CreativeFortunePremier_PREMIUM15600_ANNUAL_10pay.pdf
2026-05-11,FWD,fwd_creative_fortune_premier,創逸致富﹙豐盛版﹚,life-savings,10Y_ANNUAL,ANNUAL,10,6,37,93600,42121,534,10540,53196,56.83,45,20260511_FWD_LIFESAVING_CreativeFortunePremier_PREMIUM15600_ANNUAL_10pay.pdf
2026-05-11,FWD,fwd_creative_fortune_premier,創逸致富﹙豐盛版﹚,life-savings,10Y_ANNUAL,ANNUAL,10,7,38,109200,58970,635,13783,73389,67.21,54,20260511_FWD_LIFESAVING_CreativeFortunePremier_PREMIUM15600_ANNUAL_10pay.pdf
2026-05-11,FWD,fwd_creative_fortune_premier,創逸致富﹙豐盛版﹚,life-savings,10Y_ANNUAL,ANNUAL,10,8,39,124800,78624,740,17027,96391,77.24,63,20260511_FWD_LIFESAVING_CreativeFortunePremier_PREMIUM15600_ANNUAL_10pay.pdf
2026-05-11,FWD,fwd_creative_fortune_premier,創逸致富﹙豐盛版﹚,life-savings,10Y_ANNUAL,ANNUAL,10,9,40,140400,101091,849,20270,122211,87.04,72,20260511_FWD_LIFESAVING_CreativeFortunePremier_PREMIUM15600_ANNUAL_10pay.pdf
2026-05-11,FWD,fwd_creative_fortune_premier,創逸致富﹙豐盛版﹚,life-savings,10Y_ANNUAL,ANNUAL,10,10,41,156000,127921,962,22702,151586,97.17,82,20260511_FWD_LIFESAVING_CreativeFortunePremier_PREMIUM15600_ANNUAL_10pay.pdf
2026-05-11,FWD,fwd_creative_fortune_premier,創逸致富﹙豐盛版﹚,life-savings,10Y_ANNUAL,ANNUAL,10,11,42,156000,127921,1079,25945,154947,99.33,82,20260511_FWD_LIFESAVING_CreativeFortunePremier_PREMIUM15600_ANNUAL_10pay.pdf
2026-05-11,FWD,fwd_creative_fortune_premier,創逸致富﹙豐盛版﹚,life-savings,10Y_ANNUAL,ANNUAL,10,12,43,156000,127921,1200,29189,158311,101.48,82,20260511_FWD_LIFESAVING_CreativeFortunePremier_PREMIUM15600_ANNUAL_10pay.pdf
2026-05-11,FWD,fwd_creative_fortune_premier,創逸致富﹙豐盛版﹚,life-savings,10Y_ANNUAL,ANNUAL,10,13,44,156000,127921,1327,32432,161681,103.64,82,20260511_FWD_LIFESAVING_CreativeFortunePremier_PREMIUM15600_ANNUAL_10pay.pdf
2026-05-11,FWD,fwd_creative_fortune_premier,創逸致富﹙豐盛版﹚,life-savings,10Y_ANNUAL,ANNUAL,10,14,45,156000,127921,1457,35675,165055,105.8,82,20260511_FWD_LIFESAVING_CreativeFortunePremier_PREMIUM15600_ANNUAL_10pay.pdf
2026-05-11,FWD,fwd_creative_fortune_premier,創逸致富﹙豐盛版﹚,life-savings,10Y_ANNUAL,ANNUAL,10,15,46,156000,127921,1593,40540,170055,109.01,82,20260511_FWD_LIFESAVING_CreativeFortunePremier_PREMIUM15600_ANNUAL_10pay.pdf
2026-05-11,FWD,fwd_creative_fortune_premier,創逸致富﹙豐盛版﹚,life-savings,10Y_ANNUAL,ANNUAL,10,16,47,156000,127921,1734,47027,176683,113.26,82,20260511_FWD_LIFESAVING_CreativeFortunePremier_PREMIUM15600_ANNUAL_10pay.pdf
2026-05-11,FWD,fwd_creative_fortune_premier,創逸致富﹙豐盛版﹚,life-savings,10Y_ANNUAL,ANNUAL,10,17,48,156000,127921,1880,55135,184937,118.55,82,20260511_FWD_LIFESAVING_CreativeFortunePremier_PREMIUM15600_ANNUAL_10pay.pdf
2026-05-11,FWD,fwd_creative_fortune_premier,創逸致富﹙豐盛版﹚,life-savings,10Y_ANNUAL,ANNUAL,10,18,49,156000,127921,2032,64864,194818,124.88,82,20260511_FWD_LIFESAVING_CreativeFortunePremier_PREMIUM15600_ANNUAL_10pay.pdf
2026-05-11,FWD,fwd_creative_fortune_premier,創逸致富﹙豐盛版﹚,life-savings,10Y_ANNUAL,ANNUAL,10,19,50,156000,127921,2189,77027,207138,132.78,82,20260511_FWD_LIFESAVING_CreativeFortunePremier_PREMIUM15600_ANNUAL_10pay.pdf
2026-05-11,FWD,fwd_creative_fortune_premier,創逸致富﹙豐盛版﹚,life-savings,10Y_ANNUAL,ANNUAL,10,20,51,156000,127921,2433,92432,222787,142.81,82,20260511_FWD_LIFESAVING_CreativeFortunePremier_PREMIUM15600_ANNUAL_10pay.pdf
2026-05-11,FWD,fwd_creative_fortune_premier,創逸致富﹙豐盛版﹚,life-savings,10Y_ANNUAL,ANNUAL,10,21,52,156000,127921,2687,105405,236014,151.29,82,20260511_FWD_LIFESAVING_CreativeFortunePremier_PREMIUM15600_ANNUAL_10pay.pdf
2026-05-11,FWD,fwd_creative_fortune_premier,創逸致富﹙豐盛版﹚,life-savings,10Y_ANNUAL,ANNUAL,10,22,53,156000,127921,2950,113513,244385,156.66,82,20260511_FWD_LIFESAVING_CreativeFortunePremier_PREMIUM15600_ANNUAL_10pay.pdf
2026-05-11,FWD,fwd_creative_fortune_premier,創逸致富﹙豐盛版﹚,life-savings,10Y_ANNUAL,ANNUAL,10,23,54,156000,127921,3223,122432,253577,162.55,82,20260511_FWD_LIFESAVING_CreativeFortunePremier_PREMIUM15600_ANNUAL_10pay.pdf
2026-05-11,FWD,fwd_creative_fortune_premier,創逸致富﹙豐盛版﹚,life-savings,10Y_ANNUAL,ANNUAL,10,24,55,156000,127921,3506,132162,263589,168.97,82,20260511_FWD_LIFESAVING_CreativeFortunePremier_PREMIUM15600_ANNUAL_10pay.pdf
2026-05-11,FWD,fwd_creative_fortune_premier,創逸致富﹙豐盛版﹚,life-savings,10Y_ANNUAL,ANNUAL,10,25,56,156000,156000,3799,137027,296826,190.27,100,20260511_FWD_LIFESAVING_CreativeFortunePremier_PREMIUM15600_ANNUAL_10pay.pdf
2026-05-11,FWD,fwd_creative_fortune_premier,創逸致富﹙豐盛版﹚,life-savings,10Y_ANNUAL,ANNUAL,10,26,57,156000,156000,4104,151621,311726,199.82,100,20260511_FWD_LIFESAVING_CreativeFortunePremier_PREMIUM15600_ANNUAL_10pay.pdf
2026-05-11,FWD,fwd_creative_fortune_premier,創逸致富﹙豐盛版﹚,life-savings,10Y_ANNUAL,ANNUAL,10,27,58,156000,156000,4420,170270,330690,211.98,100,20260511_FWD_LIFESAVING_CreativeFortunePremier_PREMIUM15600_ANNUAL_10pay.pdf
2026-05-11,FWD,fwd_creative_fortune_premier,創逸致富﹙豐盛版﹚,life-savings,10Y_ANNUAL,ANNUAL,10,28,59,156000,156000,4748,191351,352099,225.7,100,20260511_FWD_LIFESAVING_CreativeFortunePremier_PREMIUM15600_ANNUAL_10pay.pdf
2026-05-11,FWD,fwd_creative_fortune_premier,創逸致富﹙豐盛版﹚,life-savings,10Y_ANNUAL,ANNUAL,10,29,60,156000,156000,5169,214864,376034,241.05,100,20260511_FWD_LIFESAVING_CreativeFortunePremier_PREMIUM15600_ANNUAL_10pay.pdf
2026-05-11,FWD,fwd_creative_fortune_premier,創逸致富﹙豐盛版﹚,life-savings,10Y_ANNUAL,ANNUAL,10,30,61,156000,156000,5687,241621,403309,258.53,100,20260511_FWD_LIFESAVING_CreativeFortunePremier_PREMIUM15600_ANNUAL_10pay.pdf
2026-05-11,FWD,fwd_creative_fortune_premier,創逸致富﹙豐盛版﹚,life-savings,10Y_ANNUAL,ANNUAL,10,31,62,156000,156000,6306,257027,419333,268.8,100,20260511_FWD_LIFESAVING_CreativeFortunePremier_PREMIUM15600_ANNUAL_10pay.pdf
2026-05-11,FWD,fwd_creative_fortune_premier,創逸致富﹙豐盛版﹚,life-savings,10Y_ANNUAL,ANNUAL,10,32,63,156000,156000,7029,272432,435462,279.14,100,20260511_FWD_LIFESAVING_CreativeFortunePremier_PREMIUM15600_ANNUAL_10pay.pdf
2026-05-11,FWD,fwd_creative_fortune_premier,創逸致富﹙豐盛版﹚,life-savings,10Y_ANNUAL,ANNUAL,10,33,64,156000,156000,7779,288648,452428,290.02,100,20260511_FWD_LIFESAVING_CreativeFortunePremier_PREMIUM15600_ANNUAL_10pay.pdf
2026-05-11,FWD,fwd_creative_fortune_premier,創逸致富﹙豐盛版﹚,life-savings,10Y_ANNUAL,ANNUAL,10,34,65,156000,156000,8638,305675,470314,301.48,100,20260511_FWD_LIFESAVING_CreativeFortunePremier_PREMIUM15600_ANNUAL_10pay.pdf
2026-05-11,FWD,fwd_creative_fortune_premier,創逸致富﹙豐盛版﹚,life-savings,10Y_ANNUAL,ANNUAL,10,35,66,156000,156000,9611,322702,488314,313.02,100,20260511_FWD_LIFESAVING_CreativeFortunePremier_PREMIUM15600_ANNUAL_10pay.pdf
2026-05-11,FWD,fwd_creative_fortune_premier,創逸致富﹙豐盛版﹚,life-savings,10Y_ANNUAL,ANNUAL,10,36,67,156000,156000,10620,341351,507972,325.62,100,20260511_FWD_LIFESAVING_CreativeFortunePremier_PREMIUM15600_ANNUAL_10pay.pdf
2026-05-11,FWD,fwd_creative_fortune_premier,創逸致富﹙豐盛版﹚,life-savings,10Y_ANNUAL,ANNUAL,10,37,68,156000,156000,11748,360000,527748,338.3,100,20260511_FWD_LIFESAVING_CreativeFortunePremier_PREMIUM15600_ANNUAL_10pay.pdf
2026-05-11,FWD,fwd_creative_fortune_premier,創逸致富﹙豐盛版﹚,life-savings,10Y_ANNUAL,ANNUAL,10,38,69,156000,156000,12999,380270,549270,352.1,100,20260511_FWD_LIFESAVING_CreativeFortunePremier_PREMIUM15600_ANNUAL_10pay.pdf
2026-05-11,FWD,fwd_creative_fortune_premier,創逸致富﹙豐盛版﹚,life-savings,10Y_ANNUAL,ANNUAL,10,39,70,156000,156000,14379,399729,570109,365.45,100,20260511_FWD_LIFESAVING_CreativeFortunePremier_PREMIUM15600_ANNUAL_10pay.pdf
2026-05-11,FWD,fwd_creative_fortune_premier,創逸致富﹙豐盛版﹚,life-savings,10Y_ANNUAL,ANNUAL,10,40,71,156000,156000,15891,421621,593513,380.46,100,20260511_FWD_LIFESAVING_CreativeFortunePremier_PREMIUM15600_ANNUAL_10pay.pdf
2026-05-11,FWD,fwd_creative_fortune_premier,創逸致富﹙豐盛版﹚,life-savings,10Y_ANNUAL,ANNUAL,10,41,72,156000,156000,17460,446756,620217,397.57,100,20260511_FWD_LIFESAVING_CreativeFortunePremier_PREMIUM15600_ANNUAL_10pay.pdf
2026-05-11,FWD,fwd_creative_fortune_premier,創逸致富﹙豐盛版﹚,life-savings,10Y_ANNUAL,ANNUAL,10,42,73,156000,156000,19088,474324,649412,416.29,100,20260511_FWD_LIFESAVING_CreativeFortunePremier_PREMIUM15600_ANNUAL_10pay.pdf
2026-05-11,FWD,fwd_creative_fortune_premier,創逸致富﹙豐盛版﹚,life-savings,10Y_ANNUAL,ANNUAL,10,43,74,156000,156000,20776,502702,679479,435.56,100,20260511_FWD_LIFESAVING_CreativeFortunePremier_PREMIUM15600_ANNUAL_10pay.pdf
2026-05-11,FWD,fwd_creative_fortune_premier,創逸致富﹙豐盛版﹚,life-savings,10Y_ANNUAL,ANNUAL,10,44,75,156000,156000,22610,531892,710502,455.45,100,20260511_FWD_LIFESAVING_CreativeFortunePremier_PREMIUM15600_ANNUAL_10pay.pdf
2026-05-11,FWD,fwd_creative_fortune_premier,創逸致富﹙豐盛版﹚,life-savings,10Y_ANNUAL,ANNUAL,10,45,76,156000,156000,24755,563513,744269,477.1,100,20260511_FWD_LIFESAVING_CreativeFortunePremier_PREMIUM15600_ANNUAL_10pay.pdf
2026-05-11,FWD,fwd_creative_fortune_premier,創逸致富﹙豐盛版﹚,life-savings,10Y_ANNUAL,ANNUAL,10,46,77,156000,156000,27062,595946,779008,499.36,100,20260511_FWD_LIFESAVING_CreativeFortunePremier_PREMIUM15600_ANNUAL_10pay.pdf
2026-05-11,FWD,fwd_creative_fortune_premier,創逸致富﹙豐盛版﹚,life-savings,10Y_ANNUAL,ANNUAL,10,47,78,156000,156000,29617,631621,817239,523.87,100,20260511_FWD_LIFESAVING_CreativeFortunePremier_PREMIUM15600_ANNUAL_10pay.pdf
2026-05-11,FWD,fwd_creative_fortune_premier,創逸致富﹙豐盛版﹚,life-savings,10Y_ANNUAL,ANNUAL,10,48,79,156000,156000,32430,667297,855728,548.54,100,20260511_FWD_LIFESAVING_CreativeFortunePremier_PREMIUM15600_ANNUAL_10pay.pdf
2026-05-11,FWD,fwd_creative_fortune_premier,創逸致富﹙豐盛版﹚,life-savings,10Y_ANNUAL,ANNUAL,10,49,80,156000,156000,35511,706216,897728,575.47,100,20260511_FWD_LIFESAVING_CreativeFortunePremier_PREMIUM15600_ANNUAL_10pay.pdf
2026-05-11,FWD,fwd_creative_fortune_premier,創逸致富﹙豐盛版﹚,life-savings,10Y_ANNUAL,ANNUAL,10,50,81,156000,156000,38789,746756,941546,603.56,100,20260511_FWD_LIFESAVING_CreativeFortunePremier_PREMIUM15600_ANNUAL_10pay.pdf
2026-05-11,FWD,fwd_creative_fortune_premier,創逸致富﹙豐盛版﹚,life-savings,10Y_ANNUAL,ANNUAL,10,51,82,156000,156000,42271,783243,981514,629.18,100,20260511_FWD_LIFESAVING_CreativeFortunePremier_PREMIUM15600_ANNUAL_10pay.pdf
2026-05-11,FWD,fwd_creative_fortune_premier,創逸致富﹙豐盛版﹚,life-savings,10Y_ANNUAL,ANNUAL,10,52,83,156000,156000,45883,819729,1021613,654.88,100,20260511_FWD_LIFESAVING_CreativeFortunePremier_PREMIUM15600_ANNUAL_10pay.pdf
2026-05-11,FWD,fwd_creative_fortune_premier,創逸致富﹙豐盛版﹚,life-savings,10Y_ANNUAL,ANNUAL,10,53,84,156000,156000,49630,859459,1065090,682.75,100,20260511_FWD_LIFESAVING_CreativeFortunePremier_PREMIUM15600_ANNUAL_10pay.pdf
2026-05-11,FWD,fwd_creative_fortune_premier,創逸致富﹙豐盛版﹚,life-savings,10Y_ANNUAL,ANNUAL,10,54,85,156000,156000,53519,900000,1109519,711.23,100,20260511_FWD_LIFESAVING_CreativeFortunePremier_PREMIUM15600_ANNUAL_10pay.pdf
2026-05-11,FWD,fwd_creative_fortune_premier,創逸致富﹙豐盛版﹚,life-savings,10Y_ANNUAL,ANNUAL,10,55,86,156000,156000,57553,942973,1156526,741.36,100,20260511_FWD_LIFESAVING_CreativeFortunePremier_PREMIUM15600_ANNUAL_10pay.pdf
2026-05-11,FWD,fwd_creative_fortune_premier,創逸致富﹙豐盛版﹚,life-savings,10Y_ANNUAL,ANNUAL,10,56,87,156000,156000,61738,986756,1204495,772.11,100,20260511_FWD_LIFESAVING_CreativeFortunePremier_PREMIUM15600_ANNUAL_10pay.pdf
2026-05-11,FWD,fwd_creative_fortune_premier,創逸致富﹙豐盛版﹚,life-savings,10Y_ANNUAL,ANNUAL,10,57,88,156000,156000,66080,1032973,1255053,804.52,100,20260511_FWD_LIFESAVING_CreativeFortunePremier_PREMIUM15600_ANNUAL_10pay.pdf
2026-05-11,FWD,fwd_creative_fortune_premier,創逸致富﹙豐盛版﹚,life-savings,10Y_ANNUAL,ANNUAL,10,58,89,156000,156000,70585,1081621,1308207,838.59,100,20260511_FWD_LIFESAVING_CreativeFortunePremier_PREMIUM15600_ANNUAL_10pay.pdf
2026-05-11,FWD,fwd_creative_fortune_premier,創逸致富﹙豐盛版﹚,life-savings,10Y_ANNUAL,ANNUAL,10,59,90,156000,156000,75259,1131892,1363151,873.81,100,20260511_FWD_LIFESAVING_CreativeFortunePremier_PREMIUM15600_ANNUAL_10pay.pdf
2026-05-11,FWD,fwd_creative_fortune_premier,創逸致富﹙豐盛版﹚,life-savings,10Y_ANNUAL,ANNUAL,10,60,91,156000,156000,80108,1185405,1421514,911.23,100,20260511_FWD_LIFESAVING_CreativeFortunePremier_PREMIUM15600_ANNUAL_10pay.pdf
2026-05-11,FWD,fwd_creative_fortune_premier,創逸致富﹙豐盛版﹚,life-savings,10Y_ANNUAL,ANNUAL,10,61,92,156000,156000,85139,1239730,1480870,949.28,100,20260511_FWD_LIFESAVING_CreativeFortunePremier_PREMIUM15600_ANNUAL_10pay.pdf
2026-05-11,FWD,fwd_creative_fortune_premier,創逸致富﹙豐盛版﹚,life-savings,10Y_ANNUAL,ANNUAL,10,62,93,156000,156000,90359,1298108,1544468,990.04,100,20260511_FWD_LIFESAVING_CreativeFortunePremier_PREMIUM15600_ANNUAL_10pay.pdf
2026-05-11,FWD,fwd_creative_fortune_premier,創逸致富﹙豐盛版﹚,life-savings,10Y_ANNUAL,ANNUAL,10,63,94,156000,156000,95775,1357297,1609072,1031.46,100,20260511_FWD_LIFESAVING_CreativeFortunePremier_PREMIUM15600_ANNUAL_10pay.pdf
2026-05-11,FWD,fwd_creative_fortune_premier,創逸致富﹙豐盛版﹚,life-savings,10Y_ANNUAL,ANNUAL,10,64,95,156000,156000,101393,1420540,1677934,1075.6,100,20260511_FWD_LIFESAVING_CreativeFortunePremier_PREMIUM15600_ANNUAL_10pay.pdf
2026-05-11,FWD,fwd_creative_fortune_premier,創逸致富﹙豐盛版﹚,life-savings,10Y_ANNUAL,ANNUAL,10,65,96,156000,156000,107223,1486216,1749439,1121.44,100,20260511_FWD_LIFESAVING_CreativeFortunePremier_PREMIUM15600_ANNUAL_10pay.pdf
2026-05-11,FWD,fwd_creative_fortune_premier,創逸致富﹙豐盛版﹚,life-savings,10Y_ANNUAL,ANNUAL,10,66,97,156000,156000,113271,1555135,1824406,1169.49,100,20260511_FWD_LIFESAVING_CreativeFortunePremier_PREMIUM15600_ANNUAL_10pay.pdf
2026-05-11,FWD,fwd_creative_fortune_premier,創逸致富﹙豐盛版﹚,life-savings,10Y_ANNUAL,ANNUAL,10,67,98,156000,156000,119545,1626486,1902032,1219.25,100,20260511_FWD_LIFESAVING_CreativeFortunePremier_PREMIUM15600_ANNUAL_10pay.pdf
2026-05-11,FWD,fwd_creative_fortune_premier,創逸致富﹙豐盛版﹚,life-savings,10Y_ANNUAL,ANNUAL,10,68,99,156000,156000,126055,1701081,1983137,1271.24,100,20260511_FWD_LIFESAVING_CreativeFortunePremier_PREMIUM15600_ANNUAL_10pay.pdf
2026-05-11,FWD,fwd_creative_fortune_premier,創逸致富﹙豐盛版﹚,life-savings,10Y_ANNUAL,ANNUAL,10,69,100,156000,156000,132809,1779730,2068540,1325.99,100,20260511_FWD_LIFESAVING_CreativeFortunePremier_PREMIUM15600_ANNUAL_10pay.pdf
2026-05-11,FWD,fwd_creative_fortune_premier,創逸致富﹙豐盛版﹚,life-savings,10Y_ANNUAL,ANNUAL,10,70,101,156000,156000,139898,1861622,2157520,1383.03,100,20260511_FWD_LIFESAVING_CreativeFortunePremier_PREMIUM15600_ANNUAL_10pay.pdf
2026-05-11,FWD,fwd_creative_fortune_premier,創逸致富﹙豐盛版﹚,life-savings,10Y_ANNUAL,ANNUAL,10,71,102,156000,156000,147495,1946757,2250253,1442.47,100,20260511_FWD_LIFESAVING_CreativeFortunePremier_PREMIUM15600_ANNUAL_10pay.pdf
2026-05-11,FWD,fwd_creative_fortune_premier,創逸致富﹙豐盛版﹚,life-savings,10Y_ANNUAL,ANNUAL,10,72,103,156000,156000,155378,2035946,2347324,1504.69,100,20260511_FWD_LIFESAVING_CreativeFortunePremier_PREMIUM15600_ANNUAL_10pay.pdf
2026-05-11,FWD,fwd_creative_fortune_premier,創逸致富﹙豐盛版﹚,life-savings,10Y_ANNUAL,ANNUAL,10,73,104,156000,156000,163556,2130000,2449556,1570.23,100,20260511_FWD_LIFESAVING_CreativeFortunePremier_PREMIUM15600_ANNUAL_10pay.pdf
2026-05-11,FWD,fwd_creative_fortune_premier,創逸致富﹙豐盛版﹚,life-savings,10Y_ANNUAL,ANNUAL,10,74,105,156000,156000,172041,2226487,2554528,1637.52,100,20260511_FWD_LIFESAVING_CreativeFortunePremier_PREMIUM15600_ANNUAL_10pay.pdf
2026-05-11,FWD,fwd_creative_fortune_premier,創逸致富﹙豐盛版﹚,life-savings,10Y_ANNUAL,ANNUAL,10,75,106,156000,156000,180843,2328649,2665493,1708.65,100,20260511_FWD_LIFESAVING_CreativeFortunePremier_PREMIUM15600_ANNUAL_10pay.pdf
2026-05-11,FWD,fwd_creative_fortune_premier,創逸致富﹙豐盛版﹚,life-savings,10Y_ANNUAL,ANNUAL,10,76,107,156000,156000,189976,2434865,2780842,1782.59,100,20260511_FWD_LIFESAVING_CreativeFortunePremier_PREMIUM15600_ANNUAL_10pay.pdf
2026-05-11,FWD,fwd_creative_fortune_premier,創逸致富﹙豐盛版﹚,life-savings,10Y_ANNUAL,ANNUAL,10,77,108,156000,156000,199452,2546757,2902209,1860.39,100,20260511_FWD_LIFESAVING_CreativeFortunePremier_PREMIUM15600_ANNUAL_10pay.pdf
2026-05-11,FWD,fwd_creative_fortune_premier,創逸致富﹙豐盛版﹚,life-savings,10Y_ANNUAL,ANNUAL,10,78,109,156000,156000,209283,2662703,3027986,1941.02,100,20260511_FWD_LIFESAVING_CreativeFortunePremier_PREMIUM15600_ANNUAL_10pay.pdf
2026-05-11,FWD,fwd_creative_fortune_premier,創逸致富﹙豐盛版﹚,life-savings,10Y_ANNUAL,ANNUAL,10,79,110,156000,156000,219482,2785135,3160618,2026.04,100,20260511_FWD_LIFESAVING_CreativeFortunePremier_PREMIUM15600_ANNUAL_10pay.pdf
2026-05-11,FWD,fwd_creative_fortune_premier,創逸致富﹙豐盛版﹚,life-savings,10Y_ANNUAL,ANNUAL,10,80,111,156000,156000,230064,2912433,3298497,2114.42,100,20260511_FWD_LIFESAVING_CreativeFortunePremier_PREMIUM15600_ANNUAL_10pay.pdf
2026-05-11,FWD,fwd_creative_fortune_premier,創逸致富﹙豐盛版﹚,life-savings,10Y_ANNUAL,ANNUAL,10,81,112,156000,156000,241043,3045406,3442449,2206.7,100,20260511_FWD_LIFESAVING_CreativeFortunePremier_PREMIUM15600_ANNUAL_10pay.pdf
2026-05-11,FWD,fwd_creative_fortune_premier,創逸致富﹙豐盛版﹚,life-savings,10Y_ANNUAL,ANNUAL,10,82,113,156000,156000,252433,3184865,3593299,2303.4,100,20260511_FWD_LIFESAVING_CreativeFortunePremier_PREMIUM15600_ANNUAL_10pay.pdf
2026-05-11,FWD,fwd_creative_fortune_premier,創逸致富﹙豐盛版﹚,life-savings,10Y_ANNUAL,ANNUAL,10,83,114,156000,156000,264251,3330811,3751063,2404.53,100,20260511_FWD_LIFESAVING_CreativeFortunePremier_PREMIUM15600_ANNUAL_10pay.pdf
2026-05-11,FWD,fwd_creative_fortune_premier,創逸致富﹙豐盛版﹚,life-savings,10Y_ANNUAL,ANNUAL,10,84,115,156000,156000,276512,3483244,3915756,2510.1,100,20260511_FWD_LIFESAVING_CreativeFortunePremier_PREMIUM15600_ANNUAL_10pay.pdf
2026-05-11,FWD,fwd_creative_fortune_premier,創逸致富﹙豐盛版﹚,life-savings,10Y_ANNUAL,ANNUAL,10,85,116,156000,156000,289232,3642973,4088206,2620.64,100,20260511_FWD_LIFESAVING_CreativeFortunePremier_PREMIUM15600_ANNUAL_10pay.pdf
2026-05-11,FWD,fwd_creative_fortune_premier,創逸致富﹙豐盛版﹚,life-savings,10Y_ANNUAL,ANNUAL,10,86,117,156000,156000,302430,3810000,4268431,2736.17,100,20260511_FWD_LIFESAVING_CreativeFortunePremier_PREMIUM15600_ANNUAL_10pay.pdf
2026-05-11,FWD,fwd_creative_fortune_premier,創逸致富﹙豐盛版﹚,life-savings,10Y_ANNUAL,ANNUAL,10,87,118,156000,156000,316123,3984325,4456448,2856.7,100,20260511_FWD_LIFESAVING_CreativeFortunePremier_PREMIUM15600_ANNUAL_10pay.pdf
2026-05-11,FWD,fwd_creative_fortune_premier,創逸致富﹙豐盛版﹚,life-savings,10Y_ANNUAL,ANNUAL,10,88,119,156000,156000,330328,4166757,4653086,2982.75,100,20260511_FWD_LIFESAVING_CreativeFortunePremier_PREMIUM15600_ANNUAL_10pay.pdf
2026-05-11,FWD,fwd_creative_fortune_premier,創逸致富﹙豐盛版﹚,life-savings,10Y_ANNUAL,ANNUAL,10,89,120,156000,156000,345067,4358109,4859176,3114.86,100,20260511_FWD_LIFESAVING_CreativeFortunePremier_PREMIUM15600_ANNUAL_10pay.pdf
2026-05-11,FWD,fwd_creative_fortune_premier,創逸致富﹙豐盛版﹚,life-savings,10Y_MONTHLY,MONTHLY,10,1,32,15600,0,75,0,75,0.48,0,20260511_FWD_LIFESAVING_CreativeFortunePremier_PREMIUM1300_MONTHLY_10pay.pdf
2026-05-11,FWD,fwd_creative_fortune_premier,創逸致富﹙豐盛版﹚,life-savings,10Y_MONTHLY,MONTHLY,10,2,33,31200,2605,152,0,2758,8.84,8.35,20260511_FWD_LIFESAVING_CreativeFortunePremier_PREMIUM1300_MONTHLY_10pay.pdf
2026-05-11,FWD,fwd_creative_fortune_premier,創逸致富﹙豐盛版﹚,life-savings,10Y_MONTHLY,MONTHLY,10,3,34,46800,7800,233,1501,9535,20.37,16.67,20260511_FWD_LIFESAVING_CreativeFortunePremier_PREMIUM1300_MONTHLY_10pay.pdf
2026-05-11,FWD,fwd_creative_fortune_premier,創逸致富﹙豐盛版﹚,life-savings,10Y_MONTHLY,MONTHLY,10,4,35,62400,15600,317,3753,19671,31.52,25,20260511_FWD_LIFESAVING_CreativeFortunePremier_PREMIUM1300_MONTHLY_10pay.pdf
2026-05-11,FWD,fwd_creative_fortune_premier,創逸致富﹙豐盛版﹚,life-savings,10Y_MONTHLY,MONTHLY,10,5,36,78000,26006,404,6756,33167,42.52,33.34,20260511_FWD_LIFESAVING_CreativeFortunePremier_PREMIUM1300_MONTHLY_10pay.pdf
2026-05-11,FWD,fwd_creative_fortune_premier,創逸致富﹙豐盛版﹚,life-savings,10Y_MONTHLY,MONTHLY,10,6,37,93600,39001,494,9759,49256,52.62,41.67,20260511_FWD_LIFESAVING_CreativeFortunePremier_PREMIUM1300_MONTHLY_10pay.pdf
2026-05-11,FWD,fwd_creative_fortune_premier,創逸致富﹙豐盛版﹚,life-savings,10Y_MONTHLY,MONTHLY,10,7,38,109200,54602,588,12762,67953,62.23,50,20260511_FWD_LIFESAVING_CreativeFortunePremier_PREMIUM1300_MONTHLY_10pay.pdf
2026-05-11,FWD,fwd_creative_fortune_premier,創逸致富﹙豐盛版﹚,life-savings,10Y_MONTHLY,MONTHLY,10,8,39,124800,72800,685,15765,89251,71.52,58.33,20260511_FWD_LIFESAVING_CreativeFortunePremier_PREMIUM1300_MONTHLY_10pay.pdf
2026-05-11,FWD,fwd_creative_fortune_premier,創逸致富﹙豐盛版﹚,life-savings,10Y_MONTHLY,MONTHLY,10,9,40,140400,93603,786,18768,113158,80.6,66.67,20260511_FWD_LIFESAVING_CreativeFortunePremier_PREMIUM1300_MONTHLY_10pay.pdf
2026-05-11,FWD,fwd_creative_fortune_premier,創逸致富﹙豐盛版﹚,life-savings,10Y_MONTHLY,MONTHLY,10,10,41,156000,118445,890,21021,140357,89.97,75.93,20260511_FWD_LIFESAVING_CreativeFortunePremier_PREMIUM1300_MONTHLY_10pay.pdf
2026-05-11,FWD,fwd_creative_fortune_premier,創逸致富﹙豐盛版﹚,life-savings,10Y_MONTHLY,MONTHLY,10,11,42,156000,118445,999,24024,143469,91.97,75.93,20260511_FWD_LIFESAVING_CreativeFortunePremier_PREMIUM1300_MONTHLY_10pay.pdf
2026-05-11,FWD,fwd_creative_fortune_premier,創逸致富﹙豐盛版﹚,life-savings,10Y_MONTHLY,MONTHLY,10,12,43,156000,118445,1112,27027,146585,93.96,75.93,20260511_FWD_LIFESAVING_CreativeFortunePremier_PREMIUM1300_MONTHLY_10pay.pdf
2026-05-11,FWD,fwd_creative_fortune_premier,創逸致富﹙豐盛版﹚,life-savings,10Y_MONTHLY,MONTHLY,10,13,44,156000,118445,1228,30030,149704,95.96,75.93,20260511_FWD_LIFESAVING_CreativeFortunePremier_PREMIUM1300_MONTHLY_10pay.pdf
2026-05-11,FWD,fwd_creative_fortune_premier,創逸致富﹙豐盛版﹚,life-savings,10Y_MONTHLY,MONTHLY,10,14,45,156000,118445,1349,33033,152828,97.97,75.93,20260511_FWD_LIFESAVING_CreativeFortunePremier_PREMIUM1300_MONTHLY_10pay.pdf
2026-05-11,FWD,fwd_creative_fortune_premier,創逸致富﹙豐盛版﹚,life-savings,10Y_MONTHLY,MONTHLY,10,15,46,156000,118445,1475,37537,157459,100.94,75.93,20260511_FWD_LIFESAVING_CreativeFortunePremier_PREMIUM1300_MONTHLY_10pay.pdf
2026-05-11,FWD,fwd_creative_fortune_premier,創逸致富﹙豐盛版﹚,life-savings,10Y_MONTHLY,MONTHLY,10,16,47,156000,118445,1606,43543,163595,104.87,75.93,20260511_FWD_LIFESAVING_CreativeFortunePremier_PREMIUM1300_MONTHLY_10pay.pdf
2026-05-11,FWD,fwd_creative_fortune_premier,創逸致富﹙豐盛版﹚,life-savings,10Y_MONTHLY,MONTHLY,10,17,48,156000,118445,1741,51051,171238,109.77,75.93,20260511_FWD_LIFESAVING_CreativeFortunePremier_PREMIUM1300_MONTHLY_10pay.pdf
2026-05-11,FWD,fwd_creative_fortune_premier,創逸致富﹙豐盛版﹚,life-savings,10Y_MONTHLY,MONTHLY,10,18,49,156000,118445,1881,60060,180387,115.63,75.93,20260511_FWD_LIFESAVING_CreativeFortunePremier_PREMIUM1300_MONTHLY_10pay.pdf
2026-05-11,FWD,fwd_creative_fortune_premier,創逸致富﹙豐盛版﹚,life-savings,10Y_MONTHLY,MONTHLY,10,19,50,156000,118445,2027,71321,191794,122.94,75.93,20260511_FWD_LIFESAVING_CreativeFortunePremier_PREMIUM1300_MONTHLY_10pay.pdf
2026-05-11,FWD,fwd_creative_fortune_premier,創逸致富﹙豐盛版﹚,life-savings,10Y_MONTHLY,MONTHLY,10,20,51,156000,118445,2253,85585,206285,132.23,75.93,20260511_FWD_LIFESAVING_CreativeFortunePremier_PREMIUM1300_MONTHLY_10pay.pdf
2026-05-11,FWD,fwd_creative_fortune_premier,創逸致富﹙豐盛版﹚,life-savings,10Y_MONTHLY,MONTHLY,10,21,52,156000,118445,2488,97597,218531,140.08,75.93,20260511_FWD_LIFESAVING_CreativeFortunePremier_PREMIUM1300_MONTHLY_10pay.pdf
2026-05-11,FWD,fwd_creative_fortune_premier,創逸致富﹙豐盛版﹚,life-savings,10Y_MONTHLY,MONTHLY,10,22,53,156000,118445,2731,105105,226282,145.05,75.93,20260511_FWD_LIFESAVING_CreativeFortunePremier_PREMIUM1300_MONTHLY_10pay.pdf
2026-05-11,FWD,fwd_creative_fortune_premier,創逸致富﹙豐盛版﹚,life-savings,10Y_MONTHLY,MONTHLY,10,23,54,156000,118445,2984,113363,234793,150.51,75.93,20260511_FWD_LIFESAVING_CreativeFortunePremier_PREMIUM1300_MONTHLY_10pay.pdf
2026-05-11,FWD,fwd_creative_fortune_premier,創逸致富﹙豐盛版﹚,life-savings,10Y_MONTHLY,MONTHLY,10,24,55,156000,118445,3246,122372,244064,156.45,75.93,20260511_FWD_LIFESAVING_CreativeFortunePremier_PREMIUM1300_MONTHLY_10pay.pdf
2026-05-11,FWD,fwd_creative_fortune_premier,創逸致富﹙豐盛版﹚,life-savings,10Y_MONTHLY,MONTHLY,10,25,56,156000,144444,3518,126876,274839,176.18,92.59,20260511_FWD_LIFESAVING_CreativeFortunePremier_PREMIUM1300_MONTHLY_10pay.pdf
2026-05-11,FWD,fwd_creative_fortune_premier,創逸致富﹙豐盛版﹚,life-savings,10Y_MONTHLY,MONTHLY,10,26,57,156000,144444,3800,140390,288635,185.02,92.59,20260511_FWD_LIFESAVING_CreativeFortunePremier_PREMIUM1300_MONTHLY_10pay.pdf
2026-05-11,FWD,fwd_creative_fortune_premier,創逸致富﹙豐盛版﹚,life-savings,10Y_MONTHLY,MONTHLY,10,27,58,156000,144444,4092,157657,306195,196.28,92.59,20260511_FWD_LIFESAVING_CreativeFortunePremier_PREMIUM1300_MONTHLY_10pay.pdf
2026-05-11,FWD,fwd_creative_fortune_premier,創逸致富﹙豐盛版﹚,life-savings,10Y_MONTHLY,MONTHLY,10,28,59,156000,144444,4396,177177,326018,208.99,92.59,20260511_FWD_LIFESAVING_CreativeFortunePremier_PREMIUM1300_MONTHLY_10pay.pdf
2026-05-11,FWD,fwd_creative_fortune_premier,創逸致富﹙豐盛版﹚,life-savings,10Y_MONTHLY,MONTHLY,10,29,60,156000,144444,4786,198949,348180,223.19,92.59,20260511_FWD_LIFESAVING_CreativeFortunePremier_PREMIUM1300_MONTHLY_10pay.pdf
2026-05-11,FWD,fwd_creative_fortune_premier,創逸致富﹙豐盛版﹚,life-savings,10Y_MONTHLY,MONTHLY,10,30,61,156000,144444,5266,223723,373434,239.38,92.59,20260511_FWD_LIFESAVING_CreativeFortunePremier_PREMIUM1300_MONTHLY_10pay.pdf
2026-05-11,FWD,fwd_creative_fortune_premier,創逸致富﹙豐盛版﹚,life-savings,10Y_MONTHLY,MONTHLY,10,31,62,156000,144444,5839,237988,388271,248.89,92.59,20260511_FWD_LIFESAVING_CreativeFortunePremier_PREMIUM1300_MONTHLY_10pay.pdf
2026-05-11,FWD,fwd_creative_fortune_premier,創逸致富﹙豐盛版﹚,life-savings,10Y_MONTHLY,MONTHLY,10,32,63,156000,144444,6508,252252,403205,258.46,92.59,20260511_FWD_LIFESAVING_CreativeFortunePremier_PREMIUM1300_MONTHLY_10pay.pdf
2026-05-11,FWD,fwd_creative_fortune_premier,創逸致富﹙豐盛版﹚,life-savings,10Y_MONTHLY,MONTHLY,10,33,64,156000,144444,7203,267267,418915,268.54,92.59,20260511_FWD_LIFESAVING_CreativeFortunePremier_PREMIUM1300_MONTHLY_10pay.pdf
2026-05-11,FWD,fwd_creative_fortune_premier,創逸致富﹙豐盛版﹚,life-savings,10Y_MONTHLY,MONTHLY,10,34,65,156000,144444,7998,283033,435476,279.15,92.59,20260511_FWD_LIFESAVING_CreativeFortunePremier_PREMIUM1300_MONTHLY_10pay.pdf
2026-05-11,FWD,fwd_creative_fortune_premier,創逸致富﹙豐盛版﹚,life-savings,10Y_MONTHLY,MONTHLY,10,35,66,156000,144444,8899,298798,452142,289.83,92.59,20260511_FWD_LIFESAVING_CreativeFortunePremier_PREMIUM1300_MONTHLY_10pay.pdf
2026-05-11,FWD,fwd_creative_fortune_premier,創逸致富﹙豐盛版﹚,life-savings,10Y_MONTHLY,MONTHLY,10,36,67,156000,144444,9833,316066,470344,301.5,92.59,20260511_FWD_LIFESAVING_CreativeFortunePremier_PREMIUM1300_MONTHLY_10pay.pdf
2026-05-11,FWD,fwd_creative_fortune_premier,創逸致富﹙豐盛版﹚,life-savings,10Y_MONTHLY,MONTHLY,10,37,68,156000,144444,10878,333333,488656,313.24,92.59,20260511_FWD_LIFESAVING_CreativeFortunePremier_PREMIUM1300_MONTHLY_10pay.pdf
2026-05-11,FWD,fwd_creative_fortune_premier,創逸致富﹙豐盛版﹚,life-savings,10Y_MONTHLY,MONTHLY,10,38,69,156000,144444,12036,352102,508583,326.01,92.59,20260511_FWD_LIFESAVING_CreativeFortunePremier_PREMIUM1300_MONTHLY_10pay.pdf
2026-05-11,FWD,fwd_creative_fortune_premier,創逸致富﹙豐盛版﹚,life-savings,10Y_MONTHLY,MONTHLY,10,39,70,156000,144444,13314,370120,527878,338.38,92.59,20260511_FWD_LIFESAVING_CreativeFortunePremier_PREMIUM1300_MONTHLY_10pay.pdf
2026-05-11,FWD,fwd_creative_fortune_premier,創逸致富﹙豐盛版﹚,life-savings,10Y_MONTHLY,MONTHLY,10,40,71,156000,144444,14714,390390,549549,352.27,92.59,20260511_FWD_LIFESAVING_CreativeFortunePremier_PREMIUM1300_MONTHLY_10pay.pdf
2026-05-11,FWD,fwd_creative_fortune_premier,創逸致富﹙豐盛版﹚,life-savings,10Y_MONTHLY,MONTHLY,10,41,72,156000,144444,16167,413663,574275,368.12,92.59,20260511_FWD_LIFESAVING_CreativeFortunePremier_PREMIUM1300_MONTHLY_10pay.pdf
2026-05-11,FWD,fwd_creative_fortune_premier,創逸致富﹙豐盛版﹚,life-savings,10Y_MONTHLY,MONTHLY,10,42,73,156000,144444,17674,439189,601308,385.45,92.59,20260511_FWD_LIFESAVING_CreativeFortunePremier_PREMIUM1300_MONTHLY_10pay.pdf
2026-05-11,FWD,fwd_creative_fortune_premier,創逸致富﹙豐盛版﹚,life-savings,10Y_MONTHLY,MONTHLY,10,43,74,156000,144444,19237,465465,629148,403.3,92.59,20260511_FWD_LIFESAVING_CreativeFortunePremier_PREMIUM1300_MONTHLY_10pay.pdf
2026-05-11,FWD,fwd_creative_fortune_premier,創逸致富﹙豐盛版﹚,life-savings,10Y_MONTHLY,MONTHLY,10,44,75,156000,144444,20935,492492,657872,421.71,92.59,20260511_FWD_LIFESAVING_CreativeFortunePremier_PREMIUM1300_MONTHLY_10pay.pdf
2026-05-11,FWD,fwd_creative_fortune_premier,創逸致富﹙豐盛版﹚,life-savings,10Y_MONTHLY,MONTHLY,10,45,76,156000,144444,22921,521771,689138,441.76,92.59,20260511_FWD_LIFESAVING_CreativeFortunePremier_PREMIUM1300_MONTHLY_10pay.pdf
2026-05-11,FWD,fwd_creative_fortune_premier,創逸致富﹙豐盛版﹚,life-savings,10Y_MONTHLY,MONTHLY,10,46,77,156000,144444,25057,551801,721303,462.37,92.59,20260511_FWD_LIFESAVING_CreativeFortunePremier_PREMIUM1300_MONTHLY_10pay.pdf
2026-05-11,FWD,fwd_creative_fortune_premier,創逸致富﹙豐盛版﹚,life-savings,10Y_MONTHLY,MONTHLY,10,47,78,156000,144444,27423,584835,756703,485.07,92.59,20260511_FWD_LIFESAVING_CreativeFortunePremier_PREMIUM1300_MONTHLY_10pay.pdf
2026-05-11,FWD,fwd_creative_fortune_premier,創逸致富﹙豐盛版﹚,life-savings,10Y_MONTHLY,MONTHLY,10,48,79,156000,144444,30028,617868,792341,507.91,92.59,20260511_FWD_LIFESAVING_CreativeFortunePremier_PREMIUM1300_MONTHLY_10pay.pdf
2026-05-11,FWD,fwd_creative_fortune_premier,創逸致富﹙豐盛版﹚,life-savings,10Y_MONTHLY,MONTHLY,10,49,80,156000,144444,32881,653904,831229,532.84,92.59,20260511_FWD_LIFESAVING_CreativeFortunePremier_PREMIUM1300_MONTHLY_10pay.pdf
2026-05-11,FWD,fwd_creative_fortune_premier,創逸致富﹙豐盛版﹚,life-savings,10Y_MONTHLY,MONTHLY,10,50,81,156000,144444,35916,691441,871802,558.85,92.59,20260511_FWD_LIFESAVING_CreativeFortunePremier_PREMIUM1300_MONTHLY_10pay.pdf
2026-05-11,FWD,fwd_creative_fortune_premier,創逸致富﹙豐盛版﹚,life-savings,10Y_MONTHLY,MONTHLY,10,51,82,156000,144444,39139,725225,908809,582.57,92.59,20260511_FWD_LIFESAVING_CreativeFortunePremier_PREMIUM1300_MONTHLY_10pay.pdf
2026-05-11,FWD,fwd_creative_fortune_premier,創逸致富﹙豐盛版﹚,life-savings,10Y_MONTHLY,MONTHLY,10,52,83,156000,144444,42484,759009,945938,606.37,92.59,20260511_FWD_LIFESAVING_CreativeFortunePremier_PREMIUM1300_MONTHLY_10pay.pdf
2026-05-11,FWD,fwd_creative_fortune_premier,創逸致富﹙豐盛版﹚,life-savings,10Y_MONTHLY,MONTHLY,10,53,84,156000,144444,45954,795796,986195,632.18,92.59,20260511_FWD_LIFESAVING_CreativeFortunePremier_PREMIUM1300_MONTHLY_10pay.pdf
2026-05-11,FWD,fwd_creative_fortune_premier,創逸致富﹙豐盛版﹚,life-savings,10Y_MONTHLY,MONTHLY,10,54,85,156000,144444,49554,833333,1027332,658.55,92.59,20260511_FWD_LIFESAVING_CreativeFortunePremier_PREMIUM1300_MONTHLY_10pay.pdf
2026-05-11,FWD,fwd_creative_fortune_premier,創逸致富﹙豐盛版﹚,life-savings,10Y_MONTHLY,MONTHLY,10,55,86,156000,144444,53289,873123,1070857,686.45,92.59,20260511_FWD_LIFESAVING_CreativeFortunePremier_PREMIUM1300_MONTHLY_10pay.pdf
2026-05-11,FWD,fwd_creative_fortune_premier,創逸致富﹙豐盛版﹚,life-savings,10Y_MONTHLY,MONTHLY,10,56,87,156000,144444,57165,913663,1115273,714.92,92.59,20260511_FWD_LIFESAVING_CreativeFortunePremier_PREMIUM1300_MONTHLY_10pay.pdf
2026-05-11,FWD,fwd_creative_fortune_premier,創逸致富﹙豐盛版﹚,life-savings,10Y_MONTHLY,MONTHLY,10,57,88,156000,144444,61185,956456,1162086,744.93,92.59,20260511_FWD_LIFESAVING_CreativeFortunePremier_PREMIUM1300_MONTHLY_10pay.pdf
2026-05-11,FWD,fwd_creative_fortune_premier,創逸致富﹙豐盛版﹚,life-savings,10Y_MONTHLY,MONTHLY,10,58,89,156000,144444,65357,1001501,1211303,776.48,92.59,20260511_FWD_LIFESAVING_CreativeFortunePremier_PREMIUM1300_MONTHLY_10pay.pdf
2026-05-11,FWD,fwd_creative_fortune_premier,創逸致富﹙豐盛版﹚,life-savings,10Y_MONTHLY,MONTHLY,10,59,90,156000,144444,69684,1048048,1262177,809.09,92.59,20260511_FWD_LIFESAVING_CreativeFortunePremier_PREMIUM1300_MONTHLY_10pay.pdf
2026-05-11,FWD,fwd_creative_fortune_premier,創逸致富﹙豐盛版﹚,life-savings,10Y_MONTHLY,MONTHLY,10,60,91,156000,144444,74174,1097597,1316217,843.73,92.59,20260511_FWD_LIFESAVING_CreativeFortunePremier_PREMIUM1300_MONTHLY_10pay.pdf
2026-05-11,FWD,fwd_creative_fortune_premier,創逸致富﹙豐盛版﹚,life-savings,10Y_MONTHLY,MONTHLY,10,61,92,156000,144444,78833,1147898,1371176,878.96,92.59,20260511_FWD_LIFESAVING_CreativeFortunePremier_PREMIUM1300_MONTHLY_10pay.pdf
2026-05-11,FWD,fwd_creative_fortune_premier,創逸致富﹙豐盛版﹚,life-savings,10Y_MONTHLY,MONTHLY,10,62,93,156000,144444,83666,1201952,1430063,916.71,92.59,20260511_FWD_LIFESAVING_CreativeFortunePremier_PREMIUM1300_MONTHLY_10pay.pdf
2026-05-11,FWD,fwd_creative_fortune_premier,創逸致富﹙豐盛版﹚,life-savings,10Y_MONTHLY,MONTHLY,10,63,94,156000,144444,88680,1256757,1489882,955.05,92.59,20260511_FWD_LIFESAVING_CreativeFortunePremier_PREMIUM1300_MONTHLY_10pay.pdf
2026-05-11,FWD,fwd_creative_fortune_premier,創逸致富﹙豐盛版﹚,life-savings,10Y_MONTHLY,MONTHLY,10,64,95,156000,144444,93883,1315315,1553643,995.92,92.59,20260511_FWD_LIFESAVING_CreativeFortunePremier_PREMIUM1300_MONTHLY_10pay.pdf
2026-05-11,FWD,fwd_creative_fortune_premier,創逸致富﹙豐盛版﹚,life-savings,10Y_MONTHLY,MONTHLY,10,65,96,156000,144444,99280,1376126,1619851,1038.37,92.59,20260511_FWD_LIFESAVING_CreativeFortunePremier_PREMIUM1300_MONTHLY_10pay.pdf
2026-05-11,FWD,fwd_creative_fortune_premier,創逸致富﹙豐盛版﹚,life-savings,10Y_MONTHLY,MONTHLY,10,66,97,156000,144444,104880,1439940,1689265,1082.86,92.59,20260511_FWD_LIFESAVING_CreativeFortunePremier_PREMIUM1300_MONTHLY_10pay.pdf
2026-05-11,FWD,fwd_creative_fortune_premier,創逸致富﹙豐盛版﹚,life-savings,10Y_MONTHLY,MONTHLY,10,67,98,156000,144444,110690,1506006,1761141,1128.94,92.59,20260511_FWD_LIFESAVING_CreativeFortunePremier_PREMIUM1300_MONTHLY_10pay.pdf
2026-05-11,FWD,fwd_creative_fortune_premier,創逸致富﹙豐盛版﹚,life-savings,10Y_MONTHLY,MONTHLY,10,68,99,156000,144444,116718,1575075,1836238,1177.08,92.59,20260511_FWD_LIFESAVING_CreativeFortunePremier_PREMIUM1300_MONTHLY_10pay.pdf
2026-05-11,FWD,fwd_creative_fortune_premier,創逸致富﹙豐盛版﹚,life-savings,10Y_MONTHLY,MONTHLY,10,69,100,156000,144444,122972,1647898,1915315,1227.77,92.59,20260511_FWD_LIFESAVING_CreativeFortunePremier_PREMIUM1300_MONTHLY_10pay.pdf
2026-05-11,FWD,fwd_creative_fortune_premier,創逸致富﹙豐盛版﹚,life-savings,10Y_MONTHLY,MONTHLY,10,70,101,156000,144444,129535,1723724,1997704,1280.58,92.59,20260511_FWD_LIFESAVING_CreativeFortunePremier_PREMIUM1300_MONTHLY_10pay.pdf
2026-05-11,FWD,fwd_creative_fortune_premier,創逸致富﹙豐盛版﹚,life-savings,10Y_MONTHLY,MONTHLY,10,71,102,156000,144444,136570,1802553,2083567,1335.62,92.59,20260511_FWD_LIFESAVING_CreativeFortunePremier_PREMIUM1300_MONTHLY_10pay.pdf
2026-05-11,FWD,fwd_creative_fortune_premier,創逸致富﹙豐盛版﹚,life-savings,10Y_MONTHLY,MONTHLY,10,72,103,156000,144444,143868,1885135,2173449,1393.24,92.59,20260511_FWD_LIFESAVING_CreativeFortunePremier_PREMIUM1300_MONTHLY_10pay.pdf
2026-05-11,FWD,fwd_creative_fortune_premier,創逸致富﹙豐盛版﹚,life-savings,10Y_MONTHLY,MONTHLY,10,73,104,156000,144444,151441,1972222,2268108,1453.92,92.59,20260511_FWD_LIFESAVING_CreativeFortunePremier_PREMIUM1300_MONTHLY_10pay.pdf
2026-05-11,FWD,fwd_creative_fortune_premier,創逸致富﹙豐盛版﹚,life-savings,10Y_MONTHLY,MONTHLY,10,74,105,156000,144444,159297,2061562,2365304,1516.22,92.59,20260511_FWD_LIFESAVING_CreativeFortunePremier_PREMIUM1300_MONTHLY_10pay.pdf
2026-05-11,FWD,fwd_creative_fortune_premier,創逸致富﹙豐盛版﹚,life-savings,10Y_MONTHLY,MONTHLY,10,75,106,156000,144444,167448,2156156,2468049,1582.08,92.59,20260511_FWD_LIFESAVING_CreativeFortunePremier_PREMIUM1300_MONTHLY_10pay.pdf
2026-05-11,FWD,fwd_creative_fortune_premier,創逸致富﹙豐盛版﹚,life-savings,10Y_MONTHLY,MONTHLY,10,76,107,156000,144444,175904,2254505,2574854,1650.55,92.59,20260511_FWD_LIFESAVING_CreativeFortunePremier_PREMIUM1300_MONTHLY_10pay.pdf
2026-05-11,FWD,fwd_creative_fortune_premier,創逸致富﹙豐盛版﹚,life-savings,10Y_MONTHLY,MONTHLY,10,77,108,156000,144444,184678,2358108,2687231,1722.58,92.59,20260511_FWD_LIFESAVING_CreativeFortunePremier_PREMIUM1300_MONTHLY_10pay.pdf
2026-05-11,FWD,fwd_creative_fortune_premier,創逸致富﹙豐盛版﹚,life-savings,10Y_MONTHLY,MONTHLY,10,78,109,156000,144444,193780,2465466,2803691,1797.24,92.59,20260511_FWD_LIFESAVING_CreativeFortunePremier_PREMIUM1300_MONTHLY_10pay.pdf
2026-05-11,FWD,fwd_creative_fortune_premier,創逸致富﹙豐盛版﹚,life-savings,10Y_MONTHLY,MONTHLY,10,79,110,156000,144444,203224,2578829,2926498,1875.96,92.59,20260511_FWD_LIFESAVING_CreativeFortunePremier_PREMIUM1300_MONTHLY_10pay.pdf
2026-05-11,FWD,fwd_creative_fortune_premier,創逸致富﹙豐盛版﹚,life-savings,10Y_MONTHLY,MONTHLY,10,80,111,156000,144444,213022,2696697,3054164,1957.8,92.59,20260511_FWD_LIFESAVING_CreativeFortunePremier_PREMIUM1300_MONTHLY_10pay.pdf
2026-05-11,FWD,fwd_creative_fortune_premier,創逸致富﹙豐盛版﹚,life-savings,10Y_MONTHLY,MONTHLY,10,81,112,156000,144444,223188,2819820,3187453,2043.24,92.59,20260511_FWD_LIFESAVING_CreativeFortunePremier_PREMIUM1300_MONTHLY_10pay.pdf
2026-05-11,FWD,fwd_creative_fortune_premier,創逸致富﹙豐盛版﹚,life-savings,10Y_MONTHLY,MONTHLY,10,82,113,156000,144444,233735,2948949,3327129,2132.78,92.59,20260511_FWD_LIFESAVING_CreativeFortunePremier_PREMIUM1300_MONTHLY_10pay.pdf
2026-05-11,FWD,fwd_creative_fortune_premier,創逸致富﹙豐盛版﹚,life-savings,10Y_MONTHLY,MONTHLY,10,83,114,156000,144444,244677,3084085,3473207,2226.41,92.59,20260511_FWD_LIFESAVING_CreativeFortunePremier_PREMIUM1300_MONTHLY_10pay.pdf
2026-05-11,FWD,fwd_creative_fortune_premier,創逸致富﹙豐盛版﹚,life-savings,10Y_MONTHLY,MONTHLY,10,84,115,156000,144444,256029,3225226,3625700,2324.17,92.59,20260511_FWD_LIFESAVING_CreativeFortunePremier_PREMIUM1300_MONTHLY_10pay.pdf
2026-05-11,FWD,fwd_creative_fortune_premier,創逸致富﹙豐盛版﹚,life-savings,10Y_MONTHLY,MONTHLY,10,85,116,156000,144444,267808,3373124,3785377,2426.52,92.59,20260511_FWD_LIFESAVING_CreativeFortunePremier_PREMIUM1300_MONTHLY_10pay.pdf
2026-05-11,FWD,fwd_creative_fortune_premier,創逸致富﹙豐盛版﹚,life-savings,10Y_MONTHLY,MONTHLY,10,86,117,156000,144444,280028,3527778,3952251,2533.49,92.59,20260511_FWD_LIFESAVING_CreativeFortunePremier_PREMIUM1300_MONTHLY_10pay.pdf
2026-05-11,FWD,fwd_creative_fortune_premier,創逸致富﹙豐盛版﹚,life-savings,10Y_MONTHLY,MONTHLY,10,87,118,156000,144444,292706,3689190,4126341,2645.09,92.59,20260511_FWD_LIFESAVING_CreativeFortunePremier_PREMIUM1300_MONTHLY_10pay.pdf
2026-05-11,FWD,fwd_creative_fortune_premier,創逸致富﹙豐盛版﹚,life-savings,10Y_MONTHLY,MONTHLY,10,88,119,156000,144444,305860,3858109,4308414,2761.8,92.59,20260511_FWD_LIFESAVING_CreativeFortunePremier_PREMIUM1300_MONTHLY_10pay.pdf
2026-05-11,FWD,fwd_creative_fortune_premier,創逸致富﹙豐盛版﹚,life-savings,10Y_MONTHLY,MONTHLY,10,89,120,156000,144444,319507,4035286,4499238,2884.13,92.59,20260511_FWD_LIFESAVING_CreativeFortunePremier_PREMIUM1300_MONTHLY_10pay.pdf
2026-05-11,FWD,fwd_creative_fortune_premier,創逸致富﹙豐盛版﹚,life-savings,5Y_ANNUAL,ANNUAL,5,1,31,15599,2342,44,0,2386,15.3,15.01,20260511_FWD_LIFESAVING_CreativeFortunePremier_PREMIUM15600_ANNUAL_5pay.pdf
2026-05-11,FWD,fwd_creative_fortune_premier,創逸致富﹙豐盛版﹚,life-savings,5Y_ANNUAL,ANNUAL,5,2,32,31199,12479,90,0,12570,40.29,40,20260511_FWD_LIFESAVING_CreativeFortunePremier_PREMIUM15600_ANNUAL_5pay.pdf
2026-05-11,FWD,fwd_creative_fortune_premier,創逸致富﹙豐盛版﹚,life-savings,5Y_ANNUAL,ANNUAL,5,3,33,46799,25742,138,1333,27213,58.15,55.01,20260511_FWD_LIFESAVING_CreativeFortunePremier_PREMIUM15600_ANNUAL_5pay.pdf
2026-05-11,FWD,fwd_creative_fortune_premier,創逸致富﹙豐盛版﹚,life-savings,5Y_ANNUAL,ANNUAL,5,4,34,62399,43679,188,3999,47867,76.71,70,20260511_FWD_LIFESAVING_CreativeFortunePremier_PREMIUM15600_ANNUAL_5pay.pdf
2026-05-11,FWD,fwd_creative_fortune_premier,創逸致富﹙豐盛版﹚,life-savings,5Y_ANNUAL,ANNUAL,5,5,35,77999,63959,239,6666,70866,90.86,82,20260511_FWD_LIFESAVING_CreativeFortunePremier_PREMIUM15600_ANNUAL_5pay.pdf
2026-05-11,FWD,fwd_creative_fortune_premier,創逸致富﹙豐盛版﹚,life-savings,5Y_ANNUAL,ANNUAL,5,6,36,77999,63959,292,9333,73586,94.34,82,20260511_FWD_LIFESAVING_CreativeFortunePremier_PREMIUM15600_ANNUAL_5pay.pdf
2026-05-11,FWD,fwd_creative_fortune_premier,創逸致富﹙豐盛版﹚,life-savings,5Y_ANNUAL,ANNUAL,5,7,37,77999,63959,348,11999,76308,97.83,82,20260511_FWD_LIFESAVING_CreativeFortunePremier_PREMIUM15600_ANNUAL_5pay.pdf
2026-05-11,FWD,fwd_creative_fortune_premier,創逸致富﹙豐盛版﹚,life-savings,5Y_ANNUAL,ANNUAL,5,8,38,77999,63959,405,14666,79032,101.32,82,20260511_FWD_LIFESAVING_CreativeFortunePremier_PREMIUM15600_ANNUAL_5pay.pdf
2026-05-11,FWD,fwd_creative_fortune_premier,創逸致富﹙豐盛版﹚,life-savings,5Y_ANNUAL,ANNUAL,5,9,39,77999,63959,465,15111,79536,101.97,82,20260511_FWD_LIFESAVING_CreativeFortunePremier_PREMIUM15600_ANNUAL_5pay.pdf
2026-05-11,FWD,fwd_creative_fortune_premier,創逸致富﹙豐盛版﹚,life-savings,5Y_ANNUAL,ANNUAL,5,10,40,77999,63959,527,16444,80931,103.76,82,20260511_FWD_LIFESAVING_CreativeFortunePremier_PREMIUM15600_ANNUAL_5pay.pdf
2026-05-11,FWD,fwd_creative_fortune_premier,創逸致富﹙豐盛版﹚,life-savings,5Y_ANNUAL,ANNUAL,5,11,41,77999,63959,591,17777,82329,105.55,82,20260511_FWD_LIFESAVING_CreativeFortunePremier_PREMIUM15600_ANNUAL_5pay.pdf
2026-05-11,FWD,fwd_creative_fortune_premier,創逸致富﹙豐盛版﹚,life-savings,5Y_ANNUAL,ANNUAL,5,12,42,77999,63959,658,19555,84173,107.92,82,20260511_FWD_LIFESAVING_CreativeFortunePremier_PREMIUM15600_ANNUAL_5pay.pdf
2026-05-11,FWD,fwd_creative_fortune_premier,創逸致富﹙豐盛版﹚,life-savings,5Y_ANNUAL,ANNUAL,5,13,43,77999,63959,727,21777,86465,110.85,82,20260511_FWD_LIFESAVING_CreativeFortunePremier_PREMIUM15600_ANNUAL_5pay.pdf
2026-05-11,FWD,fwd_creative_fortune_premier,創逸致富﹙豐盛版﹚,life-savings,5Y_ANNUAL,ANNUAL,5,14,44,77999,63959,799,24444,89203,114.36,82,20260511_FWD_LIFESAVING_CreativeFortunePremier_PREMIUM15600_ANNUAL_5pay.pdf
2026-05-11,FWD,fwd_creative_fortune_premier,創逸致富﹙豐盛版﹚,life-savings,5Y_ANNUAL,ANNUAL,5,15,45,77999,63959,873,27555,92389,118.45,82,20260511_FWD_LIFESAVING_CreativeFortunePremier_PREMIUM15600_ANNUAL_5pay.pdf
2026-05-11,FWD,fwd_creative_fortune_premier,創逸致富﹙豐盛版﹚,life-savings,5Y_ANNUAL,ANNUAL,5,16,46,77999,63959,950,31111,96021,123.11,82,20260511_FWD_LIFESAVING_CreativeFortunePremier_PREMIUM15600_ANNUAL_5pay.pdf
2026-05-11,FWD,fwd_creative_fortune_premier,創逸致富﹙豐盛版﹚,life-savings,5Y_ANNUAL,ANNUAL,5,17,47,77999,63959,1030,36444,101435,130.05,82,20260511_FWD_LIFESAVING_CreativeFortunePremier_PREMIUM15600_ANNUAL_5pay.pdf
2026-05-11,FWD,fwd_creative_fortune_premier,創逸致富﹙豐盛版﹚,life-savings,5Y_ANNUAL,ANNUAL,5,18,48,77999,63959,1113,43111,108184,138.7,82,20260511_FWD_LIFESAVING_CreativeFortunePremier_PREMIUM15600_ANNUAL_5pay.pdf
2026-05-11,FWD,fwd_creative_fortune_premier,創逸致富﹙豐盛版﹚,life-savings,5Y_ANNUAL,ANNUAL,5,19,49,77999,63959,1200,50222,115382,147.93,82,20260511_FWD_LIFESAVING_CreativeFortunePremier_PREMIUM15600_ANNUAL_5pay.pdf
2026-05-11,FWD,fwd_creative_fortune_premier,創逸致富﹙豐盛版﹚,life-savings,5Y_ANNUAL,ANNUAL,5,20,50,77999,63959,1334,59111,124405,159.5,82,20260511_FWD_LIFESAVING_CreativeFortunePremier_PREMIUM15600_ANNUAL_5pay.pdf
2026-05-11,FWD,fwd_creative_fortune_premier,創逸致富﹙豐盛版﹚,life-savings,5Y_ANNUAL,ANNUAL,5,21,51,77999,63959,1473,63999,129432,165.94,82,20260511_FWD_LIFESAVING_CreativeFortunePremier_PREMIUM15600_ANNUAL_5pay.pdf
2026-05-11,FWD,fwd_creative_fortune_premier,創逸致富﹙豐盛版﹚,life-savings,5Y_ANNUAL,ANNUAL,5,22,52,77999,63959,1617,68888,134465,172.39,82,20260511_FWD_LIFESAVING_CreativeFortunePremier_PREMIUM15600_ANNUAL_5pay.pdf
2026-05-11,FWD,fwd_creative_fortune_premier,創逸致富﹙豐盛版﹚,life-savings,5Y_ANNUAL,ANNUAL,5,23,53,77999,63959,1766,73777,139504,178.85,82,20260511_FWD_LIFESAVING_CreativeFortunePremier_PREMIUM15600_ANNUAL_5pay.pdf
2026-05-11,FWD,fwd_creative_fortune_premier,創逸致富﹙豐盛版﹚,life-savings,5Y_ANNUAL,ANNUAL,5,24,54,77999,63959,1921,79555,145437,186.46,82,20260511_FWD_LIFESAVING_CreativeFortunePremier_PREMIUM15600_ANNUAL_5pay.pdf
2026-05-11,FWD,fwd_creative_fortune_premier,創逸致富﹙豐盛版﹚,life-savings,5Y_ANNUAL,ANNUAL,5,25,55,77999,77999,2082,85777,165860,212.64,100,20260511_FWD_LIFESAVING_CreativeFortunePremier_PREMIUM15600_ANNUAL_5pay.pdf
2026-05-11,FWD,fwd_creative_fortune_premier,創逸致富﹙豐盛版﹚,life-savings,5Y_ANNUAL,ANNUAL,5,26,56,77999,77999,2249,93777,174027,223.11,100,20260511_FWD_LIFESAVING_CreativeFortunePremier_PREMIUM15600_ANNUAL_5pay.pdf
2026-05-11,FWD,fwd_creative_fortune_premier,創逸致富﹙豐盛版﹚,life-savings,5Y_ANNUAL,ANNUAL,5,27,57,77999,77999,2423,104888,185311,237.58,100,20260511_FWD_LIFESAVING_CreativeFortunePremier_PREMIUM15600_ANNUAL_5pay.pdf
2026-05-11,FWD,fwd_creative_fortune_premier,創逸致富﹙豐盛版﹚,life-savings,5Y_ANNUAL,ANNUAL,5,28,58,77999,77999,2602,117777,198380,254.34,100,20260511_FWD_LIFESAVING_CreativeFortunePremier_PREMIUM15600_ANNUAL_5pay.pdf
2026-05-11,FWD,fwd_creative_fortune_premier,創逸致富﹙豐盛版﹚,life-savings,5Y_ANNUAL,ANNUAL,5,29,59,77999,77999,2789,132444,213233,273.38,100,20260511_FWD_LIFESAVING_CreativeFortunePremier_PREMIUM15600_ANNUAL_5pay.pdf
2026-05-11,FWD,fwd_creative_fortune_premier,創逸致富﹙豐盛版﹚,life-savings,5Y_ANNUAL,ANNUAL,5,30,60,77999,77999,3027,148444,229471,294.2,100,20260511_FWD_LIFESAVING_CreativeFortunePremier_PREMIUM15600_ANNUAL_5pay.pdf
2026-05-11,FWD,fwd_creative_fortune_premier,創逸致富﹙豐盛版﹚,life-savings,5Y_ANNUAL,ANNUAL,5,31,61,77999,77999,3362,157333,238696,306.02,100,20260511_FWD_LIFESAVING_CreativeFortunePremier_PREMIUM15600_ANNUAL_5pay.pdf
2026-05-11,FWD,fwd_creative_fortune_premier,創逸致富﹙豐盛版﹚,life-savings,5Y_ANNUAL,ANNUAL,5,32,62,77999,77999,3755,167110,248866,319.06,100,20260511_FWD_LIFESAVING_CreativeFortunePremier_PREMIUM15600_ANNUAL_5pay.pdf
2026-05-11,FWD,fwd_creative_fortune_premier,創逸致富﹙豐盛版﹚,life-savings,5Y_ANNUAL,ANNUAL,5,33,63,77999,77999,4163,176444,258607,331.55,100,20260511_FWD_LIFESAVING_CreativeFortunePremier_PREMIUM15600_ANNUAL_5pay.pdf
2026-05-11,FWD,fwd_creative_fortune_premier,創逸致富﹙豐盛版﹚,life-savings,5Y_ANNUAL,ANNUAL,5,34,64,77999,77999,4630,186666,269296,345.26,100,20260511_FWD_LIFESAVING_CreativeFortunePremier_PREMIUM15600_ANNUAL_5pay.pdf
2026-05-11,FWD,fwd_creative_fortune_premier,創逸致富﹙豐盛版﹚,life-savings,5Y_ANNUAL,ANNUAL,5,35,65,77999,77999,5159,196888,280048,359.04,100,20260511_FWD_LIFESAVING_CreativeFortunePremier_PREMIUM15600_ANNUAL_5pay.pdf
2026-05-11,FWD,fwd_creative_fortune_premier,創逸致富﹙豐盛版﹚,life-savings,5Y_ANNUAL,ANNUAL,5,36,66,77999,77999,5708,208444,292152,374.56,100,20260511_FWD_LIFESAVING_CreativeFortunePremier_PREMIUM15600_ANNUAL_5pay.pdf
2026-05-11,FWD,fwd_creative_fortune_premier,創逸致富﹙豐盛版﹚,life-savings,5Y_ANNUAL,ANNUAL,5,37,67,77999,77999,6322,219555,303878,389.59,100,20260511_FWD_LIFESAVING_CreativeFortunePremier_PREMIUM15600_ANNUAL_5pay.pdf
2026-05-11,FWD,fwd_creative_fortune_premier,創逸致富﹙豐盛版﹚,life-savings,5Y_ANNUAL,ANNUAL,5,38,68,77999,77999,7004,231555,316559,405.85,100,20260511_FWD_LIFESAVING_CreativeFortunePremier_PREMIUM15600_ANNUAL_5pay.pdf
2026-05-11,FWD,fwd_creative_fortune_premier,創逸致富﹙豐盛版﹚,life-savings,5Y_ANNUAL,ANNUAL,5,39,69,77999,77999,7755,243555,329311,422.2,100,20260511_FWD_LIFESAVING_CreativeFortunePremier_PREMIUM15600_ANNUAL_5pay.pdf
2026-05-11,FWD,fwd_creative_fortune_premier,創逸致富﹙豐盛版﹚,life-savings,5Y_ANNUAL,ANNUAL,5,40,70,77999,77999,8580,256444,343024,439.78,100,20260511_FWD_LIFESAVING_CreativeFortunePremier_PREMIUM15600_ANNUAL_5pay.pdf
2026-05-11,FWD,fwd_creative_fortune_premier,創逸致富﹙豐盛版﹚,life-savings,5Y_ANNUAL,ANNUAL,5,41,71,77999,77999,9435,269777,357212,457.97,100,20260511_FWD_LIFESAVING_CreativeFortunePremier_PREMIUM15600_ANNUAL_5pay.pdf
2026-05-11,FWD,fwd_creative_fortune_premier,創逸致富﹙豐盛版﹚,life-savings,5Y_ANNUAL,ANNUAL,5,42,72,77999,77999,10322,283999,372321,477.34,100,20260511_FWD_LIFESAVING_CreativeFortunePremier_PREMIUM15600_ANNUAL_5pay.pdf
2026-05-11,FWD,fwd_creative_fortune_premier,創逸致富﹙豐盛版﹚,life-savings,5Y_ANNUAL,ANNUAL,5,43,73,77999,77999,11242,298666,387908,497.32,100,20260511_FWD_LIFESAVING_CreativeFortunePremier_PREMIUM15600_ANNUAL_5pay.pdf
2026-05-11,FWD,fwd_creative_fortune_premier,創逸致富﹙豐盛版﹚,life-savings,5Y_ANNUAL,ANNUAL,5,44,74,77999,77999,12242,313777,404019,517.98,100,20260511_FWD_LIFESAVING_CreativeFortunePremier_PREMIUM15600_ANNUAL_5pay.pdf
2026-05-11,FWD,fwd_creative_fortune_premier,創逸致富﹙豐盛版﹚,life-savings,5Y_ANNUAL,ANNUAL,5,45,75,77999,77999,13412,329777,421189,539.99,100,20260511_FWD_LIFESAVING_CreativeFortunePremier_PREMIUM15600_ANNUAL_5pay.pdf
2026-05-11,FWD,fwd_creative_fortune_premier,創逸致富﹙豐盛版﹚,life-savings,5Y_ANNUAL,ANNUAL,5,46,76,77999,77999,14670,346221,438892,562.69,100,20260511_FWD_LIFESAVING_CreativeFortunePremier_PREMIUM15600_ANNUAL_5pay.pdf
2026-05-11,FWD,fwd_creative_fortune_premier,創逸致富﹙豐盛版﹚,life-savings,5Y_ANNUAL,ANNUAL,5,47,77,77999,77999,16020,363110,457131,586.07,100,20260511_FWD_LIFESAVING_CreativeFortunePremier_PREMIUM15600_ANNUAL_5pay.pdf
2026-05-11,FWD,fwd_creative_fortune_premier,創逸致富﹙豐盛版﹚,life-savings,5Y_ANNUAL,ANNUAL,5,48,78,77999,77999,17510,381332,476843,611.35,100,20260511_FWD_LIFESAVING_CreativeFortunePremier_PREMIUM15600_ANNUAL_5pay.pdf
2026-05-11,FWD,fwd_creative_fortune_premier,創逸致富﹙豐盛版﹚,life-savings,5Y_ANNUAL,ANNUAL,5,49,79,77999,77999,19145,399555,496700,636.8,100,20260511_FWD_LIFESAVING_CreativeFortunePremier_PREMIUM15600_ANNUAL_5pay.pdf
2026-05-11,FWD,fwd_creative_fortune_premier,創逸致富﹙豐盛版﹚,life-savings,5Y_ANNUAL,ANNUAL,5,50,80,77999,77999,20885,419110,517995,664.1,100,20260511_FWD_LIFESAVING_CreativeFortunePremier_PREMIUM15600_ANNUAL_5pay.pdf
2026-05-11,FWD,fwd_creative_fortune_premier,創逸致富﹙豐盛版﹚,life-savings,5Y_ANNUAL,ANNUAL,5,51,81,77999,77999,22735,438666,539401,691.55,100,20260511_FWD_LIFESAVING_CreativeFortunePremier_PREMIUM15600_ANNUAL_5pay.pdf
2026-05-11,FWD,fwd_creative_fortune_premier,創逸致富﹙豐盛版﹚,life-savings,5Y_ANNUAL,ANNUAL,5,52,82,77999,77999,24654,459555,562209,720.79,100,20260511_FWD_LIFESAVING_CreativeFortunePremier_PREMIUM15600_ANNUAL_5pay.pdf
2026-05-11,FWD,fwd_creative_fortune_premier,創逸致富﹙豐盛版﹚,life-savings,5Y_ANNUAL,ANNUAL,5,53,83,77999,77999,26645,481332,585978,751.26,100,20260511_FWD_LIFESAVING_CreativeFortunePremier_PREMIUM15600_ANNUAL_5pay.pdf
2026-05-11,FWD,fwd_creative_fortune_premier,創逸致富﹙豐盛版﹚,life-savings,5Y_ANNUAL,ANNUAL,5,54,84,77999,77999,28711,503555,610266,782.4,100,20260511_FWD_LIFESAVING_CreativeFortunePremier_PREMIUM15600_ANNUAL_5pay.pdf
2026-05-11,FWD,fwd_creative_fortune_premier,創逸致富﹙豐盛版﹚,life-savings,5Y_ANNUAL,ANNUAL,5,55,85,77999,77999,30854,527110,635965,815.35,100,20260511_FWD_LIFESAVING_CreativeFortunePremier_PREMIUM15600_ANNUAL_5pay.pdf
2026-05-11,FWD,fwd_creative_fortune_premier,創逸致富﹙豐盛版﹚,life-savings,5Y_ANNUAL,ANNUAL,5,56,86,77999,77999,33078,551555,662633,849.54,100,20260511_FWD_LIFESAVING_CreativeFortunePremier_PREMIUM15600_ANNUAL_5pay.pdf
2026-05-11,FWD,fwd_creative_fortune_premier,創逸致富﹙豐盛版﹚,life-savings,5Y_ANNUAL,ANNUAL,5,57,87,77999,77999,35385,577332,690718,885.55,100,20260511_FWD_LIFESAVING_CreativeFortunePremier_PREMIUM15600_ANNUAL_5pay.pdf
2026-05-11,FWD,fwd_creative_fortune_premier,創逸致富﹙豐盛版﹚,life-savings,5Y_ANNUAL,ANNUAL,5,58,88,77999,77999,37779,603999,719778,922.8,100,20260511_FWD_LIFESAVING_CreativeFortunePremier_PREMIUM15600_ANNUAL_5pay.pdf
2026-05-11,FWD,fwd_creative_fortune_premier,創逸致富﹙豐盛版﹚,life-savings,5Y_ANNUAL,ANNUAL,5,59,89,77999,77999,40262,631999,750261,961.89,100,20260511_FWD_LIFESAVING_CreativeFortunePremier_PREMIUM15600_ANNUAL_5pay.pdf
2026-05-11,FWD,fwd_creative_fortune_premier,創逸致富﹙豐盛版﹚,life-savings,5Y_ANNUAL,ANNUAL,5,60,90,77999,77999,42839,661332,782171,1002.8,100,20260511_FWD_LIFESAVING_CreativeFortunePremier_PREMIUM15600_ANNUAL_5pay.pdf
2026-05-11,FWD,fwd_creative_fortune_premier,創逸致富﹙豐盛版﹚,life-savings,5Y_ANNUAL,ANNUAL,5,61,91,77999,77999,45512,691999,815511,1045.54,100,20260511_FWD_LIFESAVING_CreativeFortunePremier_PREMIUM15600_ANNUAL_5pay.pdf
2026-05-11,FWD,fwd_creative_fortune_premier,創逸致富﹙豐盛版﹚,life-savings,5Y_ANNUAL,ANNUAL,5,62,92,77999,77999,48285,723999,850284,1090.12,100,20260511_FWD_LIFESAVING_CreativeFortunePremier_PREMIUM15600_ANNUAL_5pay.pdf
2026-05-11,FWD,fwd_creative_fortune_premier,創逸致富﹙豐盛版﹚,life-savings,5Y_ANNUAL,ANNUAL,5,63,93,77999,77999,51162,756888,886050,1135.98,100,20260511_FWD_LIFESAVING_CreativeFortunePremier_PREMIUM15600_ANNUAL_5pay.pdf
2026-05-11,FWD,fwd_creative_fortune_premier,創逸致富﹙豐盛版﹚,life-savings,5Y_ANNUAL,ANNUAL,5,64,94,77999,77999,54148,791554,923702,1184.25,100,20260511_FWD_LIFESAVING_CreativeFortunePremier_PREMIUM15600_ANNUAL_5pay.pdf
2026-05-11,FWD,fwd_creative_fortune_premier,創逸致富﹙豐盛版﹚,life-savings,5Y_ANNUAL,ANNUAL,5,65,95,77999,77999,57245,827999,963244,1234.94,100,20260511_FWD_LIFESAVING_CreativeFortunePremier_PREMIUM15600_ANNUAL_5pay.pdf
2026-05-11,FWD,fwd_creative_fortune_premier,創逸致富﹙豐盛版﹚,life-savings,5Y_ANNUAL,ANNUAL,5,66,96,77999,77999,60458,866221,1004680,1288.07,100,20260511_FWD_LIFESAVING_CreativeFortunePremier_PREMIUM15600_ANNUAL_5pay.pdf
2026-05-11,FWD,fwd_creative_fortune_premier,創逸致富﹙豐盛版﹚,life-savings,5Y_ANNUAL,ANNUAL,5,67,97,77999,77999,63792,905776,1047569,1343.05,100,20260511_FWD_LIFESAVING_CreativeFortunePremier_PREMIUM15600_ANNUAL_5pay.pdf
2026-05-11,FWD,fwd_creative_fortune_premier,創逸致富﹙豐盛版﹚,life-savings,5Y_ANNUAL,ANNUAL,5,68,98,77999,77999,67251,947554,1092806,1401.05,100,20260511_FWD_LIFESAVING_CreativeFortunePremier_PREMIUM15600_ANNUAL_5pay.pdf
2026-05-11,FWD,fwd_creative_fortune_premier,創逸致富﹙豐盛版﹚,life-savings,5Y_ANNUAL,ANNUAL,5,69,99,77999,77999,70840,990665,1139505,1460.92,100,20260511_FWD_LIFESAVING_CreativeFortunePremier_PREMIUM15600_ANNUAL_5pay.pdf
2026-05-11,FWD,fwd_creative_fortune_premier,創逸致富﹙豐盛版﹚,life-savings,5Y_ANNUAL,ANNUAL,5,70,100,77999,77999,74607,1035998,1188606,1523.87,100,20260511_FWD_LIFESAVING_CreativeFortunePremier_PREMIUM15600_ANNUAL_5pay.pdf
2026-05-11,FWD,fwd_creative_fortune_premier,創逸致富﹙豐盛版﹚,life-savings,5Y_ANNUAL,ANNUAL,5,71,101,77999,77999,78694,1083554,1240248,1590.08,100,20260511_FWD_LIFESAVING_CreativeFortunePremier_PREMIUM15600_ANNUAL_5pay.pdf
2026-05-11,FWD,fwd_creative_fortune_premier,創逸致富﹙豐盛版﹚,life-savings,5Y_ANNUAL,ANNUAL,5,72,102,77999,77999,82934,1132887,1293822,1658.77,100,20260511_FWD_LIFESAVING_CreativeFortunePremier_PREMIUM15600_ANNUAL_5pay.pdf
2026-05-11,FWD,fwd_creative_fortune_premier,創逸致富﹙豐盛版﹚,life-savings,5Y_ANNUAL,ANNUAL,5,73,103,77999,77999,87333,1184443,1349776,1730.5,100,20260511_FWD_LIFESAVING_CreativeFortunePremier_PREMIUM15600_ANNUAL_5pay.pdf
2026-05-11,FWD,fwd_creative_fortune_premier,創逸致富﹙豐盛版﹚,life-savings,5Y_ANNUAL,ANNUAL,5,74,104,77999,77999,91897,1238220,1408118,1805.3,100,20260511_FWD_LIFESAVING_CreativeFortunePremier_PREMIUM15600_ANNUAL_5pay.pdf
2026-05-11,FWD,fwd_creative_fortune_premier,創逸致富﹙豐盛版﹚,life-savings,5Y_ANNUAL,ANNUAL,5,75,105,77999,77999,96632,1294665,1469297,1883.74,100,20260511_FWD_LIFESAVING_CreativeFortunePremier_PREMIUM15600_ANNUAL_5pay.pdf
2026-05-11,FWD,fwd_creative_fortune_premier,創逸致富﹙豐盛版﹚,life-savings,5Y_ANNUAL,ANNUAL,5,76,106,77999,77999,101544,1353776,1533321,1965.82,100,20260511_FWD_LIFESAVING_CreativeFortunePremier_PREMIUM15600_ANNUAL_5pay.pdf
2026-05-11,FWD,fwd_creative_fortune_premier,創逸致富﹙豐盛版﹚,life-savings,5Y_ANNUAL,ANNUAL,5,77,107,77999,77999,106641,1415109,1599751,2050.99,100,20260511_FWD_LIFESAVING_CreativeFortunePremier_PREMIUM15600_ANNUAL_5pay.pdf
2026-05-11,FWD,fwd_creative_fortune_premier,創逸致富﹙豐盛版﹚,life-savings,5Y_ANNUAL,ANNUAL,5,78,108,77999,77999,111929,1479554,1669483,2140.39,100,20260511_FWD_LIFESAVING_CreativeFortunePremier_PREMIUM15600_ANNUAL_5pay.pdf
2026-05-11,FWD,fwd_creative_fortune_premier,創逸致富﹙豐盛版﹚,life-savings,5Y_ANNUAL,ANNUAL,5,79,109,77999,77999,117415,1547109,1742525,2234.04,100,20260511_FWD_LIFESAVING_CreativeFortunePremier_PREMIUM15600_ANNUAL_5pay.pdf
2026-05-11,FWD,fwd_creative_fortune_premier,創逸致富﹙豐盛版﹚,life-savings,5Y_ANNUAL,ANNUAL,5,80,110,77999,77999,123107,1617776,1818883,2331.93,100,20260511_FWD_LIFESAVING_CreativeFortunePremier_PREMIUM15600_ANNUAL_5pay.pdf
2026-05-11,FWD,fwd_creative_fortune_premier,創逸致富﹙豐盛版﹚,life-savings,5Y_ANNUAL,ANNUAL,5,81,111,77999,77999,129013,1691553,1898567,2434.09,100,20260511_FWD_LIFESAVING_CreativeFortunePremier_PREMIUM15600_ANNUAL_5pay.pdf
2026-05-11,FWD,fwd_creative_fortune_premier,創逸致富﹙豐盛版﹚,life-savings,5Y_ANNUAL,ANNUAL,5,82,112,77999,77999,135140,1768887,1982027,2541.09,100,20260511_FWD_LIFESAVING_CreativeFortunePremier_PREMIUM15600_ANNUAL_5pay.pdf
2026-05-11,FWD,fwd_creative_fortune_premier,創逸致富﹙豐盛版﹚,life-savings,5Y_ANNUAL,ANNUAL,5,83,113,77999,77999,141496,1849331,2068828,2652.38,100,20260511_FWD_LIFESAVING_CreativeFortunePremier_PREMIUM15600_ANNUAL_5pay.pdf
2026-05-11,FWD,fwd_creative_fortune_premier,創逸致富﹙豐盛版﹚,life-savings,5Y_ANNUAL,ANNUAL,5,84,114,77999,77999,148091,1934220,2160311,2769.66,100,20260511_FWD_LIFESAVING_CreativeFortunePremier_PREMIUM15600_ANNUAL_5pay.pdf
2026-05-11,FWD,fwd_creative_fortune_premier,創逸致富﹙豐盛版﹚,life-savings,5Y_ANNUAL,ANNUAL,5,85,115,77999,77999,154934,2022664,2255598,2891.83,100,20260511_FWD_LIFESAVING_CreativeFortunePremier_PREMIUM15600_ANNUAL_5pay.pdf
2026-05-11,FWD,fwd_creative_fortune_premier,創逸致富﹙豐盛版﹚,life-savings,5Y_ANNUAL,ANNUAL,5,86,116,77999,77999,162033,2115108,2355141,3019.45,100,20260511_FWD_LIFESAVING_CreativeFortunePremier_PREMIUM15600_ANNUAL_5pay.pdf
2026-05-11,FWD,fwd_creative_fortune_premier,創逸致富﹙豐盛版﹚,life-savings,5Y_ANNUAL,ANNUAL,5,87,117,77999,77999,169398,2211997,2459395,3153.11,100,20260511_FWD_LIFESAVING_CreativeFortunePremier_PREMIUM15600_ANNUAL_5pay.pdf
2026-05-11,FWD,fwd_creative_fortune_premier,創逸致富﹙豐盛版﹚,life-savings,5Y_ANNUAL,ANNUAL,5,88,118,77999,77999,177039,2312886,2567925,3292.25,100,20260511_FWD_LIFESAVING_CreativeFortunePremier_PREMIUM15600_ANNUAL_5pay.pdf
2026-05-11,FWD,fwd_creative_fortune_premier,創逸致富﹙豐盛版﹚,life-savings,5Y_ANNUAL,ANNUAL,5,89,119,77999,77999,184967,2419108,2682075,3438.6,100,20260511_FWD_LIFESAVING_CreativeFortunePremier_PREMIUM15600_ANNUAL_5pay.pdf
2026-05-11,FWD,fwd_creative_fortune_premier,創逸致富﹙豐盛版﹚,life-savings,5Y_ANNUAL,ANNUAL,5,90,120,77999,77999,193236,2530219,2801456,3591.66,100,20260511_FWD_LIFESAVING_CreativeFortunePremier_PREMIUM15600_ANNUAL_5pay.pdf
2026-05-11,FWD,fwd_creative_fortune_premier,創逸致富﹙豐盛版﹚,life-savings,5Y_MONTHLY,MONTHLY,5,1,32,15600,2167,39,0,2206,14.14,13.89,20260511_FWD_LIFESAVING_CreativeFortunePremier_PREMIUM1300_MONTHLY_5pay.pdf
2026-05-11,FWD,fwd_creative_fortune_premier,創逸致富﹙豐盛版﹚,life-savings,5Y_MONTHLY,MONTHLY,5,2,33,31200,11556,81,0,11637,37.3,37.04,20260511_FWD_LIFESAVING_CreativeFortunePremier_PREMIUM1300_MONTHLY_5pay.pdf
2026-05-11,FWD,fwd_creative_fortune_premier,創逸致富﹙豐盛版﹚,life-savings,5Y_MONTHLY,MONTHLY,5,3,34,46800,23833,124,1195,25152,53.74,50.93,20260511_FWD_LIFESAVING_CreativeFortunePremier_PREMIUM1300_MONTHLY_5pay.pdf
2026-05-11,FWD,fwd_creative_fortune_premier,創逸致富﹙豐盛版﹚,life-savings,5Y_MONTHLY,MONTHLY,5,4,35,62400,40445,168,3585,44199,70.83,64.82,20260511_FWD_LIFESAVING_CreativeFortunePremier_PREMIUM1300_MONTHLY_5pay.pdf
2026-05-11,FWD,fwd_creative_fortune_premier,創逸致富﹙豐盛版﹚,life-savings,5Y_MONTHLY,MONTHLY,5,5,36,78000,59223,214,5975,65413,83.86,75.93,20260511_FWD_LIFESAVING_CreativeFortunePremier_PREMIUM1300_MONTHLY_5pay.pdf
2026-05-11,FWD,fwd_creative_fortune_premier,創逸致富﹙豐盛版﹚,life-savings,5Y_MONTHLY,MONTHLY,5,6,37,78000,59223,262,8365,67851,86.99,75.93,20260511_FWD_LIFESAVING_CreativeFortunePremier_PREMIUM1300_MONTHLY_5pay.pdf
2026-05-11,FWD,fwd_creative_fortune_premier,創逸致富﹙豐盛版﹚,life-savings,5Y_MONTHLY,MONTHLY,5,7,38,78000,59223,312,11154,70690,90.63,75.93,20260511_FWD_LIFESAVING_CreativeFortunePremier_PREMIUM1300_MONTHLY_5pay.pdf
2026-05-11,FWD,fwd_creative_fortune_premier,創逸致富﹙豐盛版﹚,life-savings,5Y_MONTHLY,MONTHLY,5,8,39,78000,59223,363,13544,73131,93.76,75.93,20260511_FWD_LIFESAVING_CreativeFortunePremier_PREMIUM1300_MONTHLY_5pay.pdf
2026-05-11,FWD,fwd_creative_fortune_premier,創逸致富﹙豐盛版﹚,life-savings,5Y_MONTHLY,MONTHLY,5,9,40,78000,59223,417,14340,73982,94.85,75.93,20260511_FWD_LIFESAVING_CreativeFortunePremier_PREMIUM1300_MONTHLY_5pay.pdf
2026-05-11,FWD,fwd_creative_fortune_premier,創逸致富﹙豐盛版﹚,life-savings,5Y_MONTHLY,MONTHLY,5,10,41,78000,59223,472,15535,75232,96.45,75.93,20260511_FWD_LIFESAVING_CreativeFortunePremier_PREMIUM1300_MONTHLY_5pay.pdf
2026-05-11,FWD,fwd_creative_fortune_premier,創逸致富﹙豐盛版﹚,life-savings,5Y_MONTHLY,MONTHLY,5,11,42,78000,59223,530,16731,76485,98.06,75.93,20260511_FWD_LIFESAVING_CreativeFortunePremier_PREMIUM1300_MONTHLY_5pay.pdf
2026-05-11,FWD,fwd_creative_fortune_premier,創逸致富﹙豐盛版﹚,life-savings,5Y_MONTHLY,MONTHLY,5,12,43,78000,59223,590,18324,78138,100.18,75.93,20260511_FWD_LIFESAVING_CreativeFortunePremier_PREMIUM1300_MONTHLY_5pay.pdf
2026-05-11,FWD,fwd_creative_fortune_premier,創逸致富﹙豐盛版﹚,life-savings,5Y_MONTHLY,MONTHLY,5,13,44,78000,59223,652,20316,80192,102.81,75.93,20260511_FWD_LIFESAVING_CreativeFortunePremier_PREMIUM1300_MONTHLY_5pay.pdf
2026-05-11,FWD,fwd_creative_fortune_premier,創逸致富﹙豐盛版﹚,life-savings,5Y_MONTHLY,MONTHLY,5,14,45,78000,59223,716,23104,83044,106.47,75.93,20260511_FWD_LIFESAVING_CreativeFortunePremier_PREMIUM1300_MONTHLY_5pay.pdf
2026-05-11,FWD,fwd_creative_fortune_premier,創逸致富﹙豐盛版﹚,life-savings,5Y_MONTHLY,MONTHLY,5,15,46,78000,59223,782,25494,85501,109.62,75.93,20260511_FWD_LIFESAVING_CreativeFortunePremier_PREMIUM1300_MONTHLY_5pay.pdf
2026-05-11,FWD,fwd_creative_fortune_premier,創逸致富﹙豐盛版﹚,life-savings,5Y_MONTHLY,MONTHLY,5,16,47,78000,59223,852,29478,89554,114.81,75.93,20260511_FWD_LIFESAVING_CreativeFortunePremier_PREMIUM1300_MONTHLY_5pay.pdf
2026-05-11,FWD,fwd_creative_fortune_premier,創逸致富﹙豐盛版﹚,life-savings,5Y_MONTHLY,MONTHLY,5,17,48,78000,59223,923,34258,94406,121.03,75.93,20260511_FWD_LIFESAVING_CreativeFortunePremier_PREMIUM1300_MONTHLY_5pay.pdf
2026-05-11,FWD,fwd_creative_fortune_premier,創逸致富﹙豐盛版﹚,life-savings,5Y_MONTHLY,MONTHLY,5,18,49,78000,59223,998,39835,100058,128.28,75.93,20260511_FWD_LIFESAVING_CreativeFortunePremier_PREMIUM1300_MONTHLY_5pay.pdf
2026-05-11,FWD,fwd_creative_fortune_premier,創逸致富﹙豐盛版﹚,life-savings,5Y_MONTHLY,MONTHLY,5,19,50,78000,59223,1075,46209,106509,136.55,75.93,20260511_FWD_LIFESAVING_CreativeFortunePremier_PREMIUM1300_MONTHLY_5pay.pdf
2026-05-11,FWD,fwd_creative_fortune_premier,創逸致富﹙豐盛版﹚,life-savings,5Y_MONTHLY,MONTHLY,5,20,51,78000,59223,1195,54973,115393,147.94,75.93,20260511_FWD_LIFESAVING_CreativeFortunePremier_PREMIUM1300_MONTHLY_5pay.pdf
2026-05-11,FWD,fwd_creative_fortune_premier,創逸致富﹙豐盛版﹚,life-savings,5Y_MONTHLY,MONTHLY,5,21,52,78000,59223,1320,58956,119501,153.21,75.93,20260511_FWD_LIFESAVING_CreativeFortunePremier_PREMIUM1300_MONTHLY_5pay.pdf
2026-05-11,FWD,fwd_creative_fortune_premier,創逸致富﹙豐盛版﹚,life-savings,5Y_MONTHLY,MONTHLY,5,22,53,78000,59223,1449,63338,124012,158.99,75.93,20260511_FWD_LIFESAVING_CreativeFortunePremier_PREMIUM1300_MONTHLY_5pay.pdf
2026-05-11,FWD,fwd_creative_fortune_premier,創逸致富﹙豐盛版﹚,life-savings,5Y_MONTHLY,MONTHLY,5,23,54,78000,59223,1583,68119,128926,165.29,75.93,20260511_FWD_LIFESAVING_CreativeFortunePremier_PREMIUM1300_MONTHLY_5pay.pdf
2026-05-11,FWD,fwd_creative_fortune_premier,創逸致富﹙豐盛版﹚,life-savings,5Y_MONTHLY,MONTHLY,5,24,55,78000,59223,1722,73696,134642,172.62,75.93,20260511_FWD_LIFESAVING_CreativeFortunePremier_PREMIUM1300_MONTHLY_5pay.pdf
2026-05-11,FWD,fwd_creative_fortune_premier,創逸致富﹙豐盛版﹚,life-savings,5Y_MONTHLY,MONTHLY,5,25,56,78000,72222,1866,79273,153362,196.62,92.59,20260511_FWD_LIFESAVING_CreativeFortunePremier_PREMIUM1300_MONTHLY_5pay.pdf
2026-05-11,FWD,fwd_creative_fortune_premier,創逸致富﹙豐盛版﹚,life-savings,5Y_MONTHLY,MONTHLY,5,26,57,78000,72222,2016,86842,161080,206.51,92.59,20260511_FWD_LIFESAVING_CreativeFortunePremier_PREMIUM1300_MONTHLY_5pay.pdf
2026-05-11,FWD,fwd_creative_fortune_premier,創逸致富﹙豐盛版﹚,life-savings,5Y_MONTHLY,MONTHLY,5,27,58,78000,72222,2171,97199,171593,219.99,92.59,20260511_FWD_LIFESAVING_CreativeFortunePremier_PREMIUM1300_MONTHLY_5pay.pdf
2026-05-11,FWD,fwd_creative_fortune_premier,創逸致富﹙豐盛版﹚,life-savings,5Y_MONTHLY,MONTHLY,5,28,59,78000,72222,2332,109150,183705,235.52,92.59,20260511_FWD_LIFESAVING_CreativeFortunePremier_PREMIUM1300_MONTHLY_5pay.pdf
2026-05-11,FWD,fwd_creative_fortune_premier,創逸致富﹙豐盛版﹚,life-savings,5Y_MONTHLY,MONTHLY,5,29,60,78000,72222,2539,122295,197058,252.64,92.59,20260511_FWD_LIFESAVING_CreativeFortunePremier_PREMIUM1300_MONTHLY_5pay.pdf
2026-05-11,FWD,fwd_creative_fortune_premier,創逸致富﹙豐盛版﹚,life-savings,5Y_MONTHLY,MONTHLY,5,30,61,78000,72222,2794,137433,212450,272.37,92.59,20260511_FWD_LIFESAVING_CreativeFortunePremier_PREMIUM1300_MONTHLY_5pay.pdf
2026-05-11,FWD,fwd_creative_fortune_premier,創逸致富﹙豐盛版﹚,life-savings,5Y_MONTHLY,MONTHLY,5,31,62,78000,72222,3098,145799,221119,283.49,92.59,20260511_FWD_LIFESAVING_CreativeFortunePremier_PREMIUM1300_MONTHLY_5pay.pdf
2026-05-11,FWD,fwd_creative_fortune_premier,創逸致富﹙豐盛版﹚,life-savings,5Y_MONTHLY,MONTHLY,5,32,63,78000,72222,3453,154164,229840,294.67,92.59,20260511_FWD_LIFESAVING_CreativeFortunePremier_PREMIUM1300_MONTHLY_5pay.pdf
2026-05-11,FWD,fwd_creative_fortune_premier,創逸致富﹙豐盛版﹚,life-savings,5Y_MONTHLY,MONTHLY,5,33,64,78000,72222,3822,163326,239371,306.89,92.59,20260511_FWD_LIFESAVING_CreativeFortunePremier_PREMIUM1300_MONTHLY_5pay.pdf
2026-05-11,FWD,fwd_creative_fortune_premier,創逸致富﹙豐盛版﹚,life-savings,5Y_MONTHLY,MONTHLY,5,34,65,78000,72222,4244,172887,249354,319.68,92.59,20260511_FWD_LIFESAVING_CreativeFortunePremier_PREMIUM1300_MONTHLY_5pay.pdf
2026-05-11,FWD,fwd_creative_fortune_premier,創逸致富﹙豐盛版﹚,life-savings,5Y_MONTHLY,MONTHLY,5,35,66,78000,72222,4722,182447,259392,332.55,92.59,20260511_FWD_LIFESAVING_CreativeFortunePremier_PREMIUM1300_MONTHLY_5pay.pdf
2026-05-11,FWD,fwd_creative_fortune_premier,創逸致富﹙豐盛版﹚,life-savings,5Y_MONTHLY,MONTHLY,5,36,67,78000,72222,5217,192406,269847,345.96,92.59,20260511_FWD_LIFESAVING_CreativeFortunePremier_PREMIUM1300_MONTHLY_5pay.pdf
2026-05-11,FWD,fwd_creative_fortune_premier,創逸致富﹙豐盛版﹚,life-savings,5Y_MONTHLY,MONTHLY,5,37,68,78000,72222,5772,202764,280758,359.95,92.59,20260511_FWD_LIFESAVING_CreativeFortunePremier_PREMIUM1300_MONTHLY_5pay.pdf
2026-05-11,FWD,fwd_creative_fortune_premier,創逸致富﹙豐盛版﹚,life-savings,5Y_MONTHLY,MONTHLY,5,38,69,78000,72222,6386,213918,292527,375.03,92.59,20260511_FWD_LIFESAVING_CreativeFortunePremier_PREMIUM1300_MONTHLY_5pay.pdf
2026-05-11,FWD,fwd_creative_fortune_premier,創逸致富﹙豐盛版﹚,life-savings,5Y_MONTHLY,MONTHLY,5,39,70,78000,72222,7064,225470,304757,390.71,92.59,20260511_FWD_LIFESAVING_CreativeFortunePremier_PREMIUM1300_MONTHLY_5pay.pdf
2026-05-11,FWD,fwd_creative_fortune_premier,創逸致富﹙豐盛版﹚,life-savings,5Y_MONTHLY,MONTHLY,5,40,71,78000,72222,7807,237421,317451,406.99,92.59,20260511_FWD_LIFESAVING_CreativeFortunePremier_PREMIUM1300_MONTHLY_5pay.pdf
2026-05-11,FWD,fwd_creative_fortune_premier,創逸致富﹙豐盛版﹚,life-savings,5Y_MONTHLY,MONTHLY,5,41,72,78000,72222,8578,249770,330571,423.81,92.59,20260511_FWD_LIFESAVING_CreativeFortunePremier_PREMIUM1300_MONTHLY_5pay.pdf
2026-05-11,FWD,fwd_creative_fortune_premier,創逸致富﹙豐盛版﹚,life-savings,5Y_MONTHLY,MONTHLY,5,42,73,78000,72222,9378,262916,344516,441.69,92.59,20260511_FWD_LIFESAVING_CreativeFortunePremier_PREMIUM1300_MONTHLY_5pay.pdf
2026-05-11,FWD,fwd_creative_fortune_premier,創逸致富﹙豐盛版﹚,life-savings,5Y_MONTHLY,MONTHLY,5,43,74,78000,72222,10207,276460,358890,460.12,92.59,20260511_FWD_LIFESAVING_CreativeFortunePremier_PREMIUM1300_MONTHLY_5pay.pdf
2026-05-11,FWD,fwd_creative_fortune_premier,創逸致富﹙豐盛版﹚,life-savings,5Y_MONTHLY,MONTHLY,5,44,75,78000,72222,11108,290402,373733,479.14,92.59,20260511_FWD_LIFESAVING_CreativeFortunePremier_PREMIUM1300_MONTHLY_5pay.pdf
2026-05-11,FWD,fwd_creative_fortune_premier,創逸致富﹙豐盛版﹚,life-savings,5Y_MONTHLY,MONTHLY,5,45,76,78000,72222,12162,305142,389527,499.39,92.59,20260511_FWD_LIFESAVING_CreativeFortunePremier_PREMIUM1300_MONTHLY_5pay.pdf
2026-05-11,FWD,fwd_creative_fortune_premier,創逸致富﹙豐盛版﹚,life-savings,5Y_MONTHLY,MONTHLY,5,46,77,78000,72222,13295,319881,405399,519.74,92.59,20260511_FWD_LIFESAVING_CreativeFortunePremier_PREMIUM1300_MONTHLY_5pay.pdf
2026-05-11,FWD,fwd_creative_fortune_premier,創逸致富﹙豐盛版﹚,life-savings,5Y_MONTHLY,MONTHLY,5,47,78,78000,72222,14551,336214,422987,542.29,92.59,20260511_FWD_LIFESAVING_CreativeFortunePremier_PREMIUM1300_MONTHLY_5pay.pdf
2026-05-11,FWD,fwd_creative_fortune_premier,創逸致富﹙豐盛版﹚,life-savings,5Y_MONTHLY,MONTHLY,5,48,79,78000,72222,15933,352546,440702,565,92.59,20260511_FWD_LIFESAVING_CreativeFortunePremier_PREMIUM1300_MONTHLY_5pay.pdf
2026-05-11,FWD,fwd_creative_fortune_premier,創逸致富﹙豐盛版﹚,life-savings,5Y_MONTHLY,MONTHLY,5,49,80,78000,72222,17447,369676,459345,588.9,92.59,20260511_FWD_LIFESAVING_CreativeFortunePremier_PREMIUM1300_MONTHLY_5pay.pdf
2026-05-11,FWD,fwd_creative_fortune_premier,創逸致富﹙豐盛版﹚,life-savings,5Y_MONTHLY,MONTHLY,5,50,81,78000,72222,19057,387602,478882,613.95,92.59,20260511_FWD_LIFESAVING_CreativeFortunePremier_PREMIUM1300_MONTHLY_5pay.pdf
2026-05-11,FWD,fwd_creative_fortune_premier,創逸致富﹙豐盛版﹚,life-savings,5Y_MONTHLY,MONTHLY,5,51,82,78000,72222,20768,405926,498917,639.64,92.59,20260511_FWD_LIFESAVING_CreativeFortunePremier_PREMIUM1300_MONTHLY_5pay.pdf
2026-05-11,FWD,fwd_creative_fortune_premier,創逸致富﹙豐盛版﹚,life-savings,5Y_MONTHLY,MONTHLY,5,52,83,78000,72222,22542,425047,519813,666.43,92.59,20260511_FWD_LIFESAVING_CreativeFortunePremier_PREMIUM1300_MONTHLY_5pay.pdf
2026-05-11,FWD,fwd_creative_fortune_premier,創逸致富﹙豐盛版﹚,life-savings,5Y_MONTHLY,MONTHLY,5,53,84,78000,72222,24384,444965,541572,694.32,92.59,20260511_FWD_LIFESAVING_CreativeFortunePremier_PREMIUM1300_MONTHLY_5pay.pdf
2026-05-11,FWD,fwd_creative_fortune_premier,創逸致富﹙豐盛版﹚,life-savings,5Y_MONTHLY,MONTHLY,5,54,85,78000,72222,26294,465680,564197,723.33,92.59,20260511_FWD_LIFESAVING_CreativeFortunePremier_PREMIUM1300_MONTHLY_5pay.pdf
2026-05-11,FWD,fwd_creative_fortune_premier,創逸致富﹙豐盛版﹚,life-savings,5Y_MONTHLY,MONTHLY,5,55,86,78000,72222,28276,487590,588088,753.96,92.59,20260511_FWD_LIFESAVING_CreativeFortunePremier_PREMIUM1300_MONTHLY_5pay.pdf
2026-05-11,FWD,fwd_creative_fortune_premier,創逸致富﹙豐盛版﹚,life-savings,5Y_MONTHLY,MONTHLY,5,56,87,78000,72222,30332,509898,612453,785.2,92.59,20260511_FWD_LIFESAVING_CreativeFortunePremier_PREMIUM1300_MONTHLY_5pay.pdf
2026-05-11,FWD,fwd_creative_fortune_premier,創逸致富﹙豐盛版﹚,life-savings,5Y_MONTHLY,MONTHLY,5,57,88,78000,72222,32465,533799,638487,818.57,92.59,20260511_FWD_LIFESAVING_CreativeFortunePremier_PREMIUM1300_MONTHLY_5pay.pdf
2026-05-11,FWD,fwd_creative_fortune_premier,創逸致富﹙豐盛版﹚,life-savings,5Y_MONTHLY,MONTHLY,5,58,89,78000,72222,34679,558497,665399,853.08,92.59,20260511_FWD_LIFESAVING_CreativeFortunePremier_PREMIUM1300_MONTHLY_5pay.pdf
2026-05-11,FWD,fwd_creative_fortune_premier,創逸致富﹙豐盛版﹚,life-savings,5Y_MONTHLY,MONTHLY,5,59,90,78000,72222,36975,584391,693589,889.22,92.59,20260511_FWD_LIFESAVING_CreativeFortunePremier_PREMIUM1300_MONTHLY_5pay.pdf
2026-05-11,FWD,fwd_creative_fortune_premier,創逸致富﹙豐盛版﹚,life-savings,5Y_MONTHLY,MONTHLY,5,60,91,78000,72222,39358,611479,723059,927,92.59,20260511_FWD_LIFESAVING_CreativeFortunePremier_PREMIUM1300_MONTHLY_5pay.pdf
2026-05-11,FWD,fwd_creative_fortune_premier,創逸致富﹙豐盛版﹚,life-savings,5Y_MONTHLY,MONTHLY,5,61,92,78000,72222,41829,639364,753416,965.92,92.59,20260511_FWD_LIFESAVING_CreativeFortunePremier_PREMIUM1300_MONTHLY_5pay.pdf
2026-05-11,FWD,fwd_creative_fortune_premier,創逸致富﹙豐盛版﹚,life-savings,5Y_MONTHLY,MONTHLY,5,62,93,78000,72222,44394,669241,785858,1007.51,92.59,20260511_FWD_LIFESAVING_CreativeFortunePremier_PREMIUM1300_MONTHLY_5pay.pdf
2026-05-11,FWD,fwd_creative_fortune_premier,創逸致富﹙豐盛版﹚,life-savings,5Y_MONTHLY,MONTHLY,5,63,94,78000,72222,47055,699516,818794,1049.74,92.59,20260511_FWD_LIFESAVING_CreativeFortunePremier_PREMIUM1300_MONTHLY_5pay.pdf
2026-05-11,FWD,fwd_creative_fortune_premier,創逸致富﹙豐盛版﹚,life-savings,5Y_MONTHLY,MONTHLY,5,64,95,78000,72222,49815,731783,853821,1094.64,92.59,20260511_FWD_LIFESAVING_CreativeFortunePremier_PREMIUM1300_MONTHLY_5pay.pdf
2026-05-11,FWD,fwd_creative_fortune_premier,創逸致富﹙豐盛版﹚,life-savings,5Y_MONTHLY,MONTHLY,5,65,96,78000,72222,52679,765245,890147,1141.21,92.59,20260511_FWD_LIFESAVING_CreativeFortunePremier_PREMIUM1300_MONTHLY_5pay.pdf
2026-05-11,FWD,fwd_creative_fortune_premier,創逸致富﹙豐盛版﹚,life-savings,5Y_MONTHLY,MONTHLY,5,66,97,78000,72222,55650,800699,928572,1190.48,92.59,20260511_FWD_LIFESAVING_CreativeFortunePremier_PREMIUM1300_MONTHLY_5pay.pdf
2026-05-11,FWD,fwd_creative_fortune_premier,創逸致富﹙豐盛版﹚,life-savings,5Y_MONTHLY,MONTHLY,5,67,98,78000,72222,58733,837348,968304,1241.42,92.59,20260511_FWD_LIFESAVING_CreativeFortunePremier_PREMIUM1300_MONTHLY_5pay.pdf
2026-05-11,FWD,fwd_creative_fortune_premier,創逸致富﹙豐盛版﹚,life-savings,5Y_MONTHLY,MONTHLY,5,68,99,78000,72222,61932,875590,1009745,1294.54,92.59,20260511_FWD_LIFESAVING_CreativeFortunePremier_PREMIUM1300_MONTHLY_5pay.pdf
2026-05-11,FWD,fwd_creative_fortune_premier,創逸致富﹙豐盛版﹚,life-savings,5Y_MONTHLY,MONTHLY,5,69,100,78000,72222,65250,915426,1052899,1349.87,92.59,20260511_FWD_LIFESAVING_CreativeFortunePremier_PREMIUM1300_MONTHLY_5pay.pdf
2026-05-11,FWD,fwd_creative_fortune_premier,創逸致富﹙豐盛版﹚,life-savings,5Y_MONTHLY,MONTHLY,5,70,101,78000,72222,68733,957652,1098608,1408.47,92.59,20260511_FWD_LIFESAVING_CreativeFortunePremier_PREMIUM1300_MONTHLY_5pay.pdf
2026-05-11,FWD,fwd_creative_fortune_premier,創逸致富﹙豐盛版﹚,life-savings,5Y_MONTHLY,MONTHLY,5,71,102,78000,72222,72465,1001073,1145761,1468.92,92.59,20260511_FWD_LIFESAVING_CreativeFortunePremier_PREMIUM1300_MONTHLY_5pay.pdf
2026-05-11,FWD,fwd_creative_fortune_premier,創逸致富﹙豐盛版﹚,life-savings,5Y_MONTHLY,MONTHLY,5,72,103,78000,72222,76338,1046884,1195445,1532.62,92.59,20260511_FWD_LIFESAVING_CreativeFortunePremier_PREMIUM1300_MONTHLY_5pay.pdf
2026-05-11,FWD,fwd_creative_fortune_premier,創逸致富﹙豐盛版﹚,life-savings,5Y_MONTHLY,MONTHLY,5,73,104,78000,72222,80356,1094687,1247266,1599.06,92.59,20260511_FWD_LIFESAVING_CreativeFortunePremier_PREMIUM1300_MONTHLY_5pay.pdf
2026-05-11,FWD,fwd_creative_fortune_premier,創逸致富﹙豐盛版﹚,life-savings,5Y_MONTHLY,MONTHLY,5,74,105,78000,72222,84525,1144084,1300831,1667.73,92.59,20260511_FWD_LIFESAVING_CreativeFortunePremier_PREMIUM1300_MONTHLY_5pay.pdf
2026-05-11,FWD,fwd_creative_fortune_premier,創逸致富﹙豐盛版﹚,life-savings,5Y_MONTHLY,MONTHLY,5,75,106,78000,72222,88850,1196667,1357739,1740.69,92.59,20260511_FWD_LIFESAVING_CreativeFortunePremier_PREMIUM1300_MONTHLY_5pay.pdf
2026-05-11,FWD,fwd_creative_fortune_premier,創逸致富﹙豐盛版﹚,life-savings,5Y_MONTHLY,MONTHLY,5,76,107,78000,72222,93337,1250844,1416403,1815.9,92.59,20260511_FWD_LIFESAVING_CreativeFortunePremier_PREMIUM1300_MONTHLY_5pay.pdf
2026-05-11,FWD,fwd_creative_fortune_premier,創逸致富﹙豐盛版﹚,life-savings,5Y_MONTHLY,MONTHLY,5,77,108,78000,72222,97992,1307809,1478024,1894.9,92.59,20260511_FWD_LIFESAVING_CreativeFortunePremier_PREMIUM1300_MONTHLY_5pay.pdf
2026-05-11,FWD,fwd_creative_fortune_premier,創逸致富﹙豐盛版﹚,life-savings,5Y_MONTHLY,MONTHLY,5,78,109,78000,72222,102822,1367563,1542607,1977.7,92.59,20260511_FWD_LIFESAVING_CreativeFortunePremier_PREMIUM1300_MONTHLY_5pay.pdf
2026-05-11,FWD,fwd_creative_fortune_premier,創逸致富﹙豐盛版﹚,life-savings,5Y_MONTHLY,MONTHLY,5,79,110,78000,72222,107833,1430105,1610161,2064.31,92.59,20260511_FWD_LIFESAVING_CreativeFortunePremier_PREMIUM1300_MONTHLY_5pay.pdf
2026-05-11,FWD,fwd_creative_fortune_premier,創逸致富﹙豐盛版﹚,life-savings,5Y_MONTHLY,MONTHLY,5,80,111,78000,72222,113032,1495037,1680292,2154.22,92.59,20260511_FWD_LIFESAVING_CreativeFortunePremier_PREMIUM1300_MONTHLY_5pay.pdf
2026-05-11,FWD,fwd_creative_fortune_premier,創逸致富﹙豐盛版﹚,life-savings,5Y_MONTHLY,MONTHLY,5,81,112,78000,72222,118426,1563555,1754204,2248.98,92.59,20260511_FWD_LIFESAVING_CreativeFortunePremier_PREMIUM1300_MONTHLY_5pay.pdf
2026-05-11,FWD,fwd_creative_fortune_premier,創逸致富﹙豐盛版﹚,life-savings,5Y_MONTHLY,MONTHLY,5,82,113,78000,72222,124022,1634462,1830708,2347.06,92.59,20260511_FWD_LIFESAVING_CreativeFortunePremier_PREMIUM1300_MONTHLY_5pay.pdf
2026-05-11,FWD,fwd_creative_fortune_premier,創逸致富﹙豐盛版﹚,life-savings,5Y_MONTHLY,MONTHLY,5,83,114,78000,72222,129828,1709354,1911405,2450.52,92.59,20260511_FWD_LIFESAVING_CreativeFortunePremier_PREMIUM1300_MONTHLY_5pay.pdf
2026-05-11,FWD,fwd_creative_fortune_premier,創逸致富﹙豐盛版﹚,life-savings,5Y_MONTHLY,MONTHLY,5,84,115,78000,72222,135852,1787432,1995507,2558.34,92.59,20260511_FWD_LIFESAVING_CreativeFortunePremier_PREMIUM1300_MONTHLY_5pay.pdf
2026-05-11,FWD,fwd_creative_fortune_premier,創逸致富﹙豐盛版﹚,life-savings,5Y_MONTHLY,MONTHLY,5,85,116,78000,72222,142102,1869095,2083420,2671.05,92.59,20260511_FWD_LIFESAVING_CreativeFortunePremier_PREMIUM1300_MONTHLY_5pay.pdf
2026-05-11,FWD,fwd_creative_fortune_premier,創逸致富﹙豐盛版﹚,life-savings,5Y_MONTHLY,MONTHLY,5,86,117,78000,72222,148586,1954742,2175551,2789.17,92.59,20260511_FWD_LIFESAVING_CreativeFortunePremier_PREMIUM1300_MONTHLY_5pay.pdf
2026-05-11,FWD,fwd_creative_fortune_premier,創逸致富﹙豐盛版﹚,life-savings,5Y_MONTHLY,MONTHLY,5,87,118,78000,72222,155313,2043974,2271510,2912.19,92.59,20260511_FWD_LIFESAVING_CreativeFortunePremier_PREMIUM1300_MONTHLY_5pay.pdf
2026-05-11,FWD,fwd_creative_fortune_premier,創逸致富﹙豐盛版﹚,life-savings,5Y_MONTHLY,MONTHLY,5,88,119,78000,72222,162293,2137589,2372104,3041.16,92.59,20260511_FWD_LIFESAVING_CreativeFortunePremier_PREMIUM1300_MONTHLY_5pay.pdf
2026-05-11,FWD,fwd_creative_fortune_premier,創逸致富﹙豐盛版﹚,life-savings,5Y_MONTHLY,MONTHLY,5,89,120,78000,72222,169534,2235585,2477341,3176.08,92.59,20260511_FWD_LIFESAVING_CreativeFortunePremier_PREMIUM1300_MONTHLY_5pay.pdf
2026-05-11,FWD,fwd_creative_fortune_premier,創逸致富﹙豐盛版﹚,life-savings,OUT_OF_SCOPE,SINGLE,1,1,31,44286,36315,30,0,36345,82.0688,82.0011,20260510_FWD_LIFESAVING_CreativeFortunePremier_USD44286_SINGLE_minSI300000.pdf
2026-05-11,FWD,fwd_creative_fortune_premier,創逸致富﹙豐盛版﹚,life-savings,OUT_OF_SCOPE,SINGLE,1,2,32,44286,36315,61,0,36376,82.1388,82.0011,20260510_FWD_LIFESAVING_CreativeFortunePremier_USD44286_SINGLE_minSI300000.pdf
2026-05-11,FWD,fwd_creative_fortune_premier,創逸致富﹙豐盛版﹚,life-savings,OUT_OF_SCOPE,SINGLE,1,3,33,44286,36315,93,900,37308,84.2433,82.0011,20260510_FWD_LIFESAVING_CreativeFortunePremier_USD44286_SINGLE_minSI300000.pdf
2026-05-11,FWD,fwd_creative_fortune_premier,創逸致富﹙豐盛版﹚,life-savings,OUT_OF_SCOPE,SINGLE,1,4,34,44286,36315,126,8100,44541,100.5758,82.0011,20260510_FWD_LIFESAVING_CreativeFortunePremier_USD44286_SINGLE_minSI300000.pdf
2026-05-11,FWD,fwd_creative_fortune_premier,創逸致富﹙豐盛版﹚,life-savings,OUT_OF_SCOPE,SINGLE,1,5,35,44286,36315,161,9000,45476,102.6871,82.0011,20260510_FWD_LIFESAVING_CreativeFortunePremier_USD44286_SINGLE_minSI300000.pdf
2026-05-11,FWD,fwd_creative_fortune_premier,創逸致富﹙豐盛版﹚,life-savings,OUT_OF_SCOPE,SINGLE,1,10,40,44286,36315,356,12300,48971,110.579,82.0011,20260510_FWD_LIFESAVING_CreativeFortunePremier_USD44286_SINGLE_minSI300000.pdf
2026-05-11,FWD,fwd_creative_fortune_premier,創逸致富﹙豐盛版﹚,life-savings,OUT_OF_SCOPE,SINGLE,1,15,45,44286,36315,589,19800,56704,128.0405,82.0011,20260510_FWD_LIFESAVING_CreativeFortunePremier_USD44286_SINGLE_minSI300000.pdf
2026-05-11,FWD,fwd_creative_fortune_premier,創逸致富﹙豐盛版﹚,life-savings,OUT_OF_SCOPE,SINGLE,1,20,50,44286,36315,900,39300,76515,172.7747,82.0011,20260510_FWD_LIFESAVING_CreativeFortunePremier_USD44286_SINGLE_minSI300000.pdf
2026-05-11,FWD,fwd_creative_fortune_premier,創逸致富﹙豐盛版﹚,life-savings,OUT_OF_SCOPE,SINGLE,1,25,55,44286,44286,1405,58200,103891,234.5911,100,20260510_FWD_LIFESAVING_CreativeFortunePremier_USD44286_SINGLE_minSI300000.pdf
2026-05-11,FWD,fwd_creative_fortune_premier,創逸致富﹙豐盛版﹚,life-savings,OUT_OF_SCOPE,SINGLE,1,30,60,44286,44286,2043,100200,146529,330.8698,100,20260510_FWD_LIFESAVING_CreativeFortunePremier_USD44286_SINGLE_minSI300000.pdf
2026-05-11,FWD,fwd_home_legacy,家 ‧ 年華壽險計劃,life-savings,10Y_ANNUAL,ANNUAL,10,1,32,15599,0,36,0,36,0.23,0,20260511_FWD_LIFESAVING_HomeLegacy_PREMIUM15600_ANNUAL_10pay.pdf
2026-05-11,FWD,fwd_home_legacy,家 ‧ 年華壽險計劃,life-savings,10Y_ANNUAL,ANNUAL,10,2,33,31199,965,103,349,1418,4.55,3.09,20260511_FWD_LIFESAVING_HomeLegacy_PREMIUM15600_ANNUAL_10pay.pdf
2026-05-11,FWD,fwd_home_legacy,家 ‧ 年華壽險計劃,life-savings,10Y_ANNUAL,ANNUAL,10,3,34,46799,2575,270,1103,3950,8.44,5.5,20260511_FWD_LIFESAVING_HomeLegacy_PREMIUM15600_ANNUAL_10pay.pdf
2026-05-11,FWD,fwd_home_legacy,家 ‧ 年華壽險計劃,life-savings,10Y_ANNUAL,ANNUAL,10,4,35,62399,6858,534,3595,10988,17.61,10.99,20260511_FWD_LIFESAVING_HomeLegacy_PREMIUM15600_ANNUAL_10pay.pdf
2026-05-11,FWD,fwd_home_legacy,家 ‧ 年華壽險計劃,life-savings,10Y_ANNUAL,ANNUAL,10,5,36,77999,18266,916,11431,30614,39.25,23.42,20260511_FWD_LIFESAVING_HomeLegacy_PREMIUM15600_ANNUAL_10pay.pdf
2026-05-11,FWD,fwd_home_legacy,家 ‧ 年華壽險計劃,life-savings,10Y_ANNUAL,ANNUAL,10,6,37,93599,22048,1312,14833,38195,40.81,23.56,20260511_FWD_LIFESAVING_HomeLegacy_PREMIUM15600_ANNUAL_10pay.pdf
2026-05-11,FWD,fwd_home_legacy,家 ‧ 年華壽險計劃,life-savings,10Y_ANNUAL,ANNUAL,10,7,38,109199,26609,1741,19297,47648,43.63,24.37,20260511_FWD_LIFESAVING_HomeLegacy_PREMIUM15600_ANNUAL_10pay.pdf
2026-05-11,FWD,fwd_home_legacy,家 ‧ 年華壽險計劃,life-savings,10Y_ANNUAL,ANNUAL,10,8,39,124799,32116,2229,25095,59441,47.63,25.73,20260511_FWD_LIFESAVING_HomeLegacy_PREMIUM15600_ANNUAL_10pay.pdf
2026-05-11,FWD,fwd_home_legacy,家 ‧ 年華壽險計劃,life-savings,10Y_ANNUAL,ANNUAL,10,9,40,140399,38758,2783,32611,74153,52.82,27.61,20260511_FWD_LIFESAVING_HomeLegacy_PREMIUM15600_ANNUAL_10pay.pdf
2026-05-11,FWD,fwd_home_legacy,家 ‧ 年華壽險計劃,life-savings,10Y_ANNUAL,ANNUAL,10,10,41,155999,46775,3442,42281,92500,59.3,29.98,20260511_FWD_LIFESAVING_HomeLegacy_PREMIUM15600_ANNUAL_10pay.pdf
2026-05-11,FWD,fwd_home_legacy,家 ‧ 年華壽險計劃,life-savings,10Y_ANNUAL,ANNUAL,10,11,42,155999,47379,4157,51625,103162,66.13,30.37,20260511_FWD_LIFESAVING_HomeLegacy_PREMIUM15600_ANNUAL_10pay.pdf
2026-05-11,FWD,fwd_home_legacy,家 ‧ 年華壽險計劃,life-savings,10Y_ANNUAL,ANNUAL,10,12,43,155999,47982,4910,62152,115045,73.75,30.76,20260511_FWD_LIFESAVING_HomeLegacy_PREMIUM15600_ANNUAL_10pay.pdf
2026-05-11,FWD,fwd_home_legacy,家 ‧ 年華壽險計劃,life-savings,10Y_ANNUAL,ANNUAL,10,13,44,155999,48597,5715,73988,128301,82.24,31.15,20260511_FWD_LIFESAVING_HomeLegacy_PREMIUM15600_ANNUAL_10pay.pdf
2026-05-11,FWD,fwd_home_legacy,家 ‧ 年華壽險計劃,life-savings,10Y_ANNUAL,ANNUAL,10,14,45,155999,49219,6569,87302,143090,91.72,31.55,20260511_FWD_LIFESAVING_HomeLegacy_PREMIUM15600_ANNUAL_10pay.pdf
2026-05-11,FWD,fwd_home_legacy,家 ‧ 年華壽險計劃,life-savings,10Y_ANNUAL,ANNUAL,10,15,46,155999,49846,7467,102256,159570,102.29,31.95,20260511_FWD_LIFESAVING_HomeLegacy_PREMIUM15600_ANNUAL_10pay.pdf
2026-05-11,FWD,fwd_home_legacy,家 ‧ 年華壽險計劃,life-savings,10Y_ANNUAL,ANNUAL,10,16,47,155999,50636,8416,108964,168018,107.7,32.46,20260511_FWD_LIFESAVING_HomeLegacy_PREMIUM15600_ANNUAL_10pay.pdf
2026-05-11,FWD,fwd_home_legacy,家 ‧ 年華壽險計劃,life-savings,10Y_ANNUAL,ANNUAL,10,17,48,155999,51432,9426,117567,178426,114.38,32.97,20260511_FWD_LIFESAVING_HomeLegacy_PREMIUM15600_ANNUAL_10pay.pdf
2026-05-11,FWD,fwd_home_legacy,家 ‧ 年華壽險計劃,life-savings,10Y_ANNUAL,ANNUAL,10,18,49,155999,52247,10497,128328,191073,122.48,33.49,20260511_FWD_LIFESAVING_HomeLegacy_PREMIUM15600_ANNUAL_10pay.pdf
2026-05-11,FWD,fwd_home_legacy,家 ‧ 年華壽險計劃,life-savings,10Y_ANNUAL,ANNUAL,10,19,50,155999,53073,11633,141648,206355,132.28,34.02,20260511_FWD_LIFESAVING_HomeLegacy_PREMIUM15600_ANNUAL_10pay.pdf
2026-05-11,FWD,fwd_home_legacy,家 ‧ 年華壽險計劃,life-savings,10Y_ANNUAL,ANNUAL,10,20,51,155999,53906,12835,157966,224708,144.04,34.56,20260511_FWD_LIFESAVING_HomeLegacy_PREMIUM15600_ANNUAL_10pay.pdf
2026-05-11,FWD,fwd_home_legacy,家 ‧ 年華壽險計劃,life-savings,10Y_ANNUAL,ANNUAL,10,21,52,155999,62556,14131,163377,240065,153.89,40.1,20260511_FWD_LIFESAVING_HomeLegacy_PREMIUM15600_ANNUAL_10pay.pdf
2026-05-11,FWD,fwd_home_legacy,家 ‧ 年華壽險計劃,life-savings,10Y_ANNUAL,ANNUAL,10,22,53,155999,72594,15499,169675,257770,165.24,46.53,20260511_FWD_LIFESAVING_HomeLegacy_PREMIUM15600_ANNUAL_10pay.pdf
2026-05-11,FWD,fwd_home_legacy,家 ‧ 年華壽險計劃,life-savings,10Y_ANNUAL,ANNUAL,10,23,54,155999,84237,16943,176992,278174,178.32,54,20260511_FWD_LIFESAVING_HomeLegacy_PREMIUM15600_ANNUAL_10pay.pdf
2026-05-11,FWD,fwd_home_legacy,家 ‧ 年華壽險計劃,life-savings,10Y_ANNUAL,ANNUAL,10,24,55,155999,97756,18490,185462,301708,193.4,62.66,20260511_FWD_LIFESAVING_HomeLegacy_PREMIUM15600_ANNUAL_10pay.pdf
2026-05-11,FWD,fwd_home_legacy,家 ‧ 年華壽險計劃,life-savings,10Y_ANNUAL,ANNUAL,10,25,56,155999,113434,20118,195313,328866,210.81,72.71,20260511_FWD_LIFESAVING_HomeLegacy_PREMIUM15600_ANNUAL_10pay.pdf
2026-05-11,FWD,fwd_home_legacy,家 ‧ 年華壽險計劃,life-savings,10Y_ANNUAL,ANNUAL,10,26,57,155999,122923,21844,202944,347712,222.89,78.8,20260511_FWD_LIFESAVING_HomeLegacy_PREMIUM15600_ANNUAL_10pay.pdf
2026-05-11,FWD,fwd_home_legacy,家 ‧ 年華壽險計劃,life-savings,10Y_ANNUAL,ANNUAL,10,27,58,155999,133209,23652,211432,368294,236.09,85.39,20260511_FWD_LIFESAVING_HomeLegacy_PREMIUM15600_ANNUAL_10pay.pdf
2026-05-11,FWD,fwd_home_legacy,家 ‧ 年華壽險計劃,life-savings,10Y_ANNUAL,ANNUAL,10,28,59,155999,144345,25559,220879,390783,250.5,92.53,20260511_FWD_LIFESAVING_HomeLegacy_PREMIUM15600_ANNUAL_10pay.pdf
2026-05-11,FWD,fwd_home_legacy,家 ‧ 年華壽險計劃,life-savings,10Y_ANNUAL,ANNUAL,10,29,60,155999,156422,27567,231405,415395,266.28,100.27,20260511_FWD_LIFESAVING_HomeLegacy_PREMIUM15600_ANNUAL_10pay.pdf
2026-05-11,FWD,fwd_home_legacy,家 ‧ 年華壽險計劃,life-savings,10Y_ANNUAL,ANNUAL,10,30,61,155999,169500,29674,243157,442332,283.55,108.65,20260511_FWD_LIFESAVING_HomeLegacy_PREMIUM15600_ANNUAL_10pay.pdf
2026-05-11,FWD,fwd_home_legacy,家 ‧ 年華壽險計劃,life-savings,10Y_ANNUAL,ANNUAL,10,31,62,155999,170327,31873,263028,465228,298.22,109.18,20260511_FWD_LIFESAVING_HomeLegacy_PREMIUM15600_ANNUAL_10pay.pdf
2026-05-11,FWD,fwd_home_legacy,家 ‧ 年華壽險計劃,life-savings,10Y_ANNUAL,ANNUAL,10,32,63,155999,171177,34172,284310,489661,313.89,109.73,20260511_FWD_LIFESAVING_HomeLegacy_PREMIUM15600_ANNUAL_10pay.pdf
2026-05-11,FWD,fwd_home_legacy,家 ‧ 年華壽險計劃,life-savings,10Y_ANNUAL,ANNUAL,10,33,64,155999,172046,36582,307125,515754,330.61,110.29,20260511_FWD_LIFESAVING_HomeLegacy_PREMIUM15600_ANNUAL_10pay.pdf
2026-05-11,FWD,fwd_home_legacy,家 ‧ 年華壽險計劃,life-savings,10Y_ANNUAL,ANNUAL,10,34,65,155999,172945,39106,331587,543638,348.49,110.86,20260511_FWD_LIFESAVING_HomeLegacy_PREMIUM15600_ANNUAL_10pay.pdf
2026-05-11,FWD,fwd_home_legacy,家 ‧ 年華壽險計劃,life-savings,10Y_ANNUAL,ANNUAL,10,35,66,155999,173868,41749,357834,573451,367.6,111.45,20260511_FWD_LIFESAVING_HomeLegacy_PREMIUM15600_ANNUAL_10pay.pdf
2026-05-11,FWD,fwd_home_legacy,家 ‧ 年華壽險計劃,life-savings,10Y_ANNUAL,ANNUAL,10,36,67,155999,175551,44515,388051,608117,389.82,112.53,20260511_FWD_LIFESAVING_HomeLegacy_PREMIUM15600_ANNUAL_10pay.pdf
2026-05-11,FWD,fwd_home_legacy,家 ‧ 年華壽險計劃,life-savings,10Y_ANNUAL,ANNUAL,10,37,68,155999,177318,47408,420807,645535,413.81,113.67,20260511_FWD_LIFESAVING_HomeLegacy_PREMIUM15600_ANNUAL_10pay.pdf
2026-05-11,FWD,fwd_home_legacy,家 ‧ 年華壽險計劃,life-savings,10Y_ANNUAL,ANNUAL,10,38,69,155999,179170,50441,456339,685951,439.71,114.85,20260511_FWD_LIFESAVING_HomeLegacy_PREMIUM15600_ANNUAL_10pay.pdf
2026-05-11,FWD,fwd_home_legacy,家 ‧ 年華壽險計劃,life-savings,10Y_ANNUAL,ANNUAL,10,39,70,155999,181113,53612,494910,729635,467.72,116.1,20260511_FWD_LIFESAVING_HomeLegacy_PREMIUM15600_ANNUAL_10pay.pdf
2026-05-11,FWD,fwd_home_legacy,家 ‧ 年華壽險計劃,life-savings,10Y_ANNUAL,ANNUAL,10,40,71,155999,183146,56925,536812,776883,498.01,117.4,20260511_FWD_LIFESAVING_HomeLegacy_PREMIUM15600_ANNUAL_10pay.pdf
2026-05-11,FWD,fwd_home_legacy,家 ‧ 年華壽險計劃,life-savings,10Y_ANNUAL,ANNUAL,10,41,72,155999,184382,60375,571209,815967,523.06,118.19,20260511_FWD_LIFESAVING_HomeLegacy_PREMIUM15600_ANNUAL_10pay.pdf
2026-05-11,FWD,fwd_home_legacy,家 ‧ 年華壽險計劃,life-savings,10Y_ANNUAL,ANNUAL,10,42,73,155999,185649,63984,607579,857213,549.5,119.01,20260511_FWD_LIFESAVING_HomeLegacy_PREMIUM15600_ANNUAL_10pay.pdf
2026-05-11,FWD,fwd_home_legacy,家 ‧ 年華壽險計劃,life-savings,10Y_ANNUAL,ANNUAL,10,43,74,155999,186940,67759,646042,900742,577.4,119.83,20260511_FWD_LIFESAVING_HomeLegacy_PREMIUM15600_ANNUAL_10pay.pdf
2026-05-11,FWD,fwd_home_legacy,家 ‧ 年華壽險計劃,life-savings,10Y_ANNUAL,ANNUAL,10,44,75,155999,188267,71705,686719,946693,606.86,120.68,20260511_FWD_LIFESAVING_HomeLegacy_PREMIUM15600_ANNUAL_10pay.pdf
2026-05-11,FWD,fwd_home_legacy,家 ‧ 年華壽險計劃,life-savings,10Y_ANNUAL,ANNUAL,10,45,76,155999,189624,75830,729749,995204,637.96,121.55,20260511_FWD_LIFESAVING_HomeLegacy_PREMIUM15600_ANNUAL_10pay.pdf
2026-05-11,FWD,fwd_home_legacy,家 ‧ 年華壽險計劃,life-savings,10Y_ANNUAL,ANNUAL,10,46,77,155999,191018,80128,774739,1045885,670.44,122.45,20260511_FWD_LIFESAVING_HomeLegacy_PREMIUM15600_ANNUAL_10pay.pdf
2026-05-11,FWD,fwd_home_legacy,家 ‧ 年華壽險計劃,life-savings,10Y_ANNUAL,ANNUAL,10,47,78,155999,192442,84598,822317,1099358,704.72,123.36,20260511_FWD_LIFESAVING_HomeLegacy_PREMIUM15600_ANNUAL_10pay.pdf
2026-05-11,FWD,fwd_home_legacy,家 ‧ 年華壽險計劃,life-savings,10Y_ANNUAL,ANNUAL,10,48,79,155999,193902,89249,872634,1155785,740.89,124.3,20260511_FWD_LIFESAVING_HomeLegacy_PREMIUM15600_ANNUAL_10pay.pdf
2026-05-11,FWD,fwd_home_legacy,家 ‧ 年華壽險計劃,life-savings,10Y_ANNUAL,ANNUAL,10,49,80,155999,195392,94092,925865,1215349,779.07,125.25,20260511_FWD_LIFESAVING_HomeLegacy_PREMIUM15600_ANNUAL_10pay.pdf
2026-05-11,FWD,fwd_home_legacy,家 ‧ 年華壽險計劃,life-savings,10Y_ANNUAL,ANNUAL,10,50,81,155999,196918,99134,982184,1278237,819.39,126.23,20260511_FWD_LIFESAVING_HomeLegacy_PREMIUM15600_ANNUAL_10pay.pdf
2026-05-11,FWD,fwd_home_legacy,家 ‧ 年華壽險計劃,life-savings,10Y_ANNUAL,ANNUAL,10,51,82,155999,198486,104378,1046798,1349663,865.17,127.24,20260511_FWD_LIFESAVING_HomeLegacy_PREMIUM15600_ANNUAL_10pay.pdf
2026-05-11,FWD,fwd_home_legacy,家 ‧ 年華壽險計劃,life-savings,10Y_ANNUAL,ANNUAL,10,52,83,155999,200085,109837,1115677,1425599,913.85,128.26,20260511_FWD_LIFESAVING_HomeLegacy_PREMIUM15600_ANNUAL_10pay.pdf
2026-05-11,FWD,fwd_home_legacy,家 ‧ 年華壽險計劃,life-savings,10Y_ANNUAL,ANNUAL,10,53,84,155999,201720,115512,1189098,1506330,965.6,129.31,20260511_FWD_LIFESAVING_HomeLegacy_PREMIUM15600_ANNUAL_10pay.pdf
2026-05-11,FWD,fwd_home_legacy,家 ‧ 年華壽險計劃,life-savings,10Y_ANNUAL,ANNUAL,10,54,85,155999,203397,121418,1267393,1592209,1020.65,130.38,20260511_FWD_LIFESAVING_HomeLegacy_PREMIUM15600_ANNUAL_10pay.pdf
2026-05-11,FWD,fwd_home_legacy,家 ‧ 年華壽險計劃,life-savings,10Y_ANNUAL,ANNUAL,10,55,86,155999,205104,127558,1350907,1683570,1079.22,131.48,20260511_FWD_LIFESAVING_HomeLegacy_PREMIUM15600_ANNUAL_10pay.pdf
2026-05-11,FWD,fwd_home_legacy,家 ‧ 年華壽險計劃,life-savings,10Y_ANNUAL,ANNUAL,10,56,87,155999,206859,133928,1437678,1778466,1140.05,132.6,20260511_FWD_LIFESAVING_HomeLegacy_PREMIUM15600_ANNUAL_10pay.pdf
2026-05-11,FWD,fwd_home_legacy,家 ‧ 年華壽險計劃,life-savings,10Y_ANNUAL,ANNUAL,10,57,88,155999,208651,140537,1530084,1879272,1204.67,133.75,20260511_FWD_LIFESAVING_HomeLegacy_PREMIUM15600_ANNUAL_10pay.pdf
2026-05-11,FWD,fwd_home_legacy,家 ‧ 年華壽險計劃,life-savings,10Y_ANNUAL,ANNUAL,10,58,89,155999,210491,147393,1628516,1986401,1273.34,134.93,20260511_FWD_LIFESAVING_HomeLegacy_PREMIUM15600_ANNUAL_10pay.pdf
2026-05-11,FWD,fwd_home_legacy,家 ‧ 年華壽險計劃,life-savings,10Y_ANNUAL,ANNUAL,10,59,90,155999,212361,154507,1733408,2100277,1346.34,136.13,20260511_FWD_LIFESAVING_HomeLegacy_PREMIUM15600_ANNUAL_10pay.pdf
2026-05-11,FWD,fwd_home_legacy,家 ‧ 年華壽險計劃,life-savings,10Y_ANNUAL,ANNUAL,10,60,91,155999,214279,161888,1845184,2221352,1423.95,137.36,20260511_FWD_LIFESAVING_HomeLegacy_PREMIUM15600_ANNUAL_10pay.pdf
2026-05-11,FWD,fwd_home_legacy,家 ‧ 年華壽險計劃,life-savings,10Y_ANNUAL,ANNUAL,10,61,92,155999,216246,169545,1961509,2347300,1504.69,138.62,20260511_FWD_LIFESAVING_HomeLegacy_PREMIUM15600_ANNUAL_10pay.pdf
2026-05-11,FWD,fwd_home_legacy,家 ‧ 年華壽險計劃,life-savings,10Y_ANNUAL,ANNUAL,10,62,93,155999,218249,177489,2085289,2481028,1590.41,139.9,20260511_FWD_LIFESAVING_HomeLegacy_PREMIUM15600_ANNUAL_10pay.pdf
2026-05-11,FWD,fwd_home_legacy,家 ‧ 年華壽險計劃,life-savings,10Y_ANNUAL,ANNUAL,10,63,94,155999,220300,185732,2217032,2623065,1681.46,141.22,20260511_FWD_LIFESAVING_HomeLegacy_PREMIUM15600_ANNUAL_10pay.pdf
2026-05-11,FWD,fwd_home_legacy,家 ‧ 年華壽險計劃,life-savings,10Y_ANNUAL,ANNUAL,10,64,95,155999,222393,194283,2357276,2773953,1778.19,142.56,20260511_FWD_LIFESAVING_HomeLegacy_PREMIUM15600_ANNUAL_10pay.pdf
2026-05-11,FWD,fwd_home_legacy,家 ‧ 年華壽險計劃,life-savings,10Y_ANNUAL,ANNUAL,10,65,96,155999,224534,203156,2506604,2934295,1880.97,143.93,20260511_FWD_LIFESAVING_HomeLegacy_PREMIUM15600_ANNUAL_10pay.pdf
2026-05-11,FWD,fwd_home_legacy,家 ‧ 年華壽險計劃,life-savings,10Y_ANNUAL,ANNUAL,10,66,97,155999,226254,212360,2642208,3080823,1974.9,145.04,20260511_FWD_LIFESAVING_HomeLegacy_PREMIUM15600_ANNUAL_10pay.pdf
2026-05-11,FWD,fwd_home_legacy,家 ‧ 年華壽險計劃,life-savings,10Y_ANNUAL,ANNUAL,10,67,98,155999,227997,221911,2784797,3234706,2073.54,146.15,20260511_FWD_LIFESAVING_HomeLegacy_PREMIUM15600_ANNUAL_10pay.pdf
2026-05-11,FWD,fwd_home_legacy,家 ‧ 年華壽險計劃,life-savings,10Y_ANNUAL,ANNUAL,10,68,99,155999,229765,231819,2934735,3396319,2177.14,147.29,20260511_FWD_LIFESAVING_HomeLegacy_PREMIUM15600_ANNUAL_10pay.pdf
2026-05-11,FWD,fwd_home_legacy,家 ‧ 年華壽險計劃,life-savings,10Y_ANNUAL,ANNUAL,10,69,100,155999,231556,242098,3092394,3566049,2285.94,148.43,20260511_FWD_LIFESAVING_HomeLegacy_PREMIUM15600_ANNUAL_10pay.pdf
2026-05-11,FWD,fwd_home_legacy,家 ‧ 年華壽險計劃,life-savings,10Y_ANNUAL,ANNUAL,10,70,101,155999,232974,252764,3256996,3742734,2399.2,149.34,20260511_FWD_LIFESAVING_HomeLegacy_PREMIUM15600_ANNUAL_10pay.pdf
2026-05-11,FWD,fwd_home_legacy,家 ‧ 年華壽險計劃,life-savings,10Y_ANNUAL,ANNUAL,10,71,102,155999,234404,263829,3429941,3928174,2518.08,150.26,20260511_FWD_LIFESAVING_HomeLegacy_PREMIUM15600_ANNUAL_10pay.pdf
2026-05-11,FWD,fwd_home_legacy,家 ‧ 年華壽險計劃,life-savings,10Y_ANNUAL,ANNUAL,10,72,103,155999,235845,275309,3611639,4122795,2642.83,151.18,20260511_FWD_LIFESAVING_HomeLegacy_PREMIUM15600_ANNUAL_10pay.pdf
2026-05-11,FWD,fwd_home_legacy,家 ‧ 年華壽險計劃,life-savings,10Y_ANNUAL,ANNUAL,10,73,104,155999,237293,287220,3802555,4327069,2773.78,152.11,20260511_FWD_LIFESAVING_HomeLegacy_PREMIUM15600_ANNUAL_10pay.pdf
2026-05-11,FWD,fwd_home_legacy,家 ‧ 年華壽險計劃,life-savings,10Y_ANNUAL,ANNUAL,10,74,105,155999,238747,299577,4003129,4541454,2911.21,153.04,20260511_FWD_LIFESAVING_HomeLegacy_PREMIUM15600_ANNUAL_10pay.pdf
2026-05-11,FWD,fwd_home_legacy,家 ‧ 年華壽險計劃,life-savings,10Y_ANNUAL,ANNUAL,10,75,106,155999,240213,312398,4213856,4766467,3055.45,153.98,20260511_FWD_LIFESAVING_HomeLegacy_PREMIUM15600_ANNUAL_10pay.pdf
2026-05-11,FWD,fwd_home_legacy,家 ‧ 年華壽險計劃,life-savings,10Y_ANNUAL,ANNUAL,10,76,107,155999,241685,325699,4435242,5002627,3206.83,154.93,20260511_FWD_LIFESAVING_HomeLegacy_PREMIUM15600_ANNUAL_10pay.pdf
2026-05-11,FWD,fwd_home_legacy,家 ‧ 年華壽險計劃,life-savings,10Y_ANNUAL,ANNUAL,10,77,108,155999,243169,339500,4667824,5250493,3365.72,155.88,20260511_FWD_LIFESAVING_HomeLegacy_PREMIUM15600_ANNUAL_10pay.pdf
2026-05-11,FWD,fwd_home_legacy,家 ‧ 年華壽險計劃,life-savings,10Y_ANNUAL,ANNUAL,10,78,109,155999,244665,353817,4912151,5510635,3532.48,156.84,20260511_FWD_LIFESAVING_HomeLegacy_PREMIUM15600_ANNUAL_10pay.pdf
2026-05-11,FWD,fwd_home_legacy,家 ‧ 年華壽險計劃,life-savings,10Y_ANNUAL,ANNUAL,10,79,110,155999,246161,368672,5168833,5783667,3707.5,157.8,20260511_FWD_LIFESAVING_HomeLegacy_PREMIUM15600_ANNUAL_10pay.pdf
2026-05-11,FWD,fwd_home_legacy,家 ‧ 年華壽險計劃,life-savings,10Y_ANNUAL,ANNUAL,10,80,111,155999,247675,384084,5438473,6070233,3891.2,158.77,20260511_FWD_LIFESAVING_HomeLegacy_PREMIUM15600_ANNUAL_10pay.pdf
2026-05-11,FWD,fwd_home_legacy,家 ‧ 年華壽險計劃,life-savings,10Y_ANNUAL,ANNUAL,10,81,112,155999,249195,400073,5721722,6370992,4084,159.74,20260511_FWD_LIFESAVING_HomeLegacy_PREMIUM15600_ANNUAL_10pay.pdf
2026-05-11,FWD,fwd_home_legacy,家 ‧ 年華壽險計劃,life-savings,10Y_ANNUAL,ANNUAL,10,82,113,155999,250721,416663,6019262,6686648,4286.34,160.72,20260511_FWD_LIFESAVING_HomeLegacy_PREMIUM15600_ANNUAL_10pay.pdf
2026-05-11,FWD,fwd_home_legacy,家 ‧ 年華壽險計劃,life-savings,10Y_ANNUAL,ANNUAL,10,83,114,155999,252260,433874,6331811,7017946,4498.71,161.71,20260511_FWD_LIFESAVING_HomeLegacy_PREMIUM15600_ANNUAL_10pay.pdf
2026-05-11,FWD,fwd_home_legacy,家 ‧ 年華壽險計劃,life-savings,10Y_ANNUAL,ANNUAL,10,84,115,155999,253810,451731,6660123,7365665,4721.61,162.7,20260511_FWD_LIFESAVING_HomeLegacy_PREMIUM15600_ANNUAL_10pay.pdf
2026-05-11,FWD,fwd_home_legacy,家 ‧ 年華壽險計劃,life-savings,10Y_ANNUAL,ANNUAL,10,85,116,155999,255366,470258,7004982,7730607,4955.55,163.7,20260511_FWD_LIFESAVING_HomeLegacy_PREMIUM15600_ANNUAL_10pay.pdf
2026-05-11,FWD,fwd_home_legacy,家 ‧ 年華壽險計劃,life-savings,10Y_ANNUAL,ANNUAL,10,86,117,155999,256935,489479,7367220,8113635,5201.08,164.7,20260511_FWD_LIFESAVING_HomeLegacy_PREMIUM15600_ANNUAL_10pay.pdf
2026-05-11,FWD,fwd_home_legacy,家 ‧ 年華壽險計劃,life-savings,10Y_ANNUAL,ANNUAL,10,87,118,155999,258509,509421,7747707,8515638,5458.78,165.71,20260511_FWD_LIFESAVING_HomeLegacy_PREMIUM15600_ANNUAL_10pay.pdf
2026-05-11,FWD,fwd_home_legacy,家 ‧ 年華壽險計劃,life-savings,10Y_ANNUAL,ANNUAL,10,88,119,155999,260096,530111,8147352,8937560,5729.24,166.73,20260511_FWD_LIFESAVING_HomeLegacy_PREMIUM15600_ANNUAL_10pay.pdf
2026-05-11,FWD,fwd_home_legacy,家 ‧ 年華壽險計劃,life-savings,10Y_ANNUAL,ANNUAL,10,89,120,155999,261695,551576,8567110,9380382,6013.1,167.75,20260511_FWD_LIFESAVING_HomeLegacy_PREMIUM15600_ANNUAL_10pay.pdf
2026-05-11,FWD,fwd_home_legacy,家 ‧ 年華壽險計劃,life-savings,10Y_MONTHLY,MONTHLY,10,1,32,15599,0,33,0,33,0.21,0,20260511_FWD_LIFESAVING_HomeLegacy_PREMIUM1300_MONTHLY_10pay.pdf
2026-05-11,FWD,fwd_home_legacy,家 ‧ 年華壽險計劃,life-savings,10Y_MONTHLY,MONTHLY,10,2,33,31199,893,96,323,1313,4.21,2.86,20260511_FWD_LIFESAVING_HomeLegacy_PREMIUM1300_MONTHLY_10pay.pdf
2026-05-11,FWD,fwd_home_legacy,家 ‧ 年華壽險計劃,life-savings,10Y_MONTHLY,MONTHLY,10,3,34,46799,2385,250,1022,3657,7.81,5.1,20260511_FWD_LIFESAVING_HomeLegacy_PREMIUM1300_MONTHLY_10pay.pdf
2026-05-11,FWD,fwd_home_legacy,家 ‧ 年華壽險計劃,life-savings,10Y_MONTHLY,MONTHLY,10,4,35,62399,6350,494,3329,10174,16.3,10.18,20260511_FWD_LIFESAVING_HomeLegacy_PREMIUM1300_MONTHLY_10pay.pdf
2026-05-11,FWD,fwd_home_legacy,家 ‧ 年華壽險計劃,life-savings,10Y_MONTHLY,MONTHLY,10,5,36,77999,16913,848,10584,28346,36.34,21.68,20260511_FWD_LIFESAVING_HomeLegacy_PREMIUM1300_MONTHLY_10pay.pdf
2026-05-11,FWD,fwd_home_legacy,家 ‧ 年華壽險計劃,life-savings,10Y_MONTHLY,MONTHLY,10,6,37,93599,20415,1215,13735,35365,37.78,21.81,20260511_FWD_LIFESAVING_HomeLegacy_PREMIUM1300_MONTHLY_10pay.pdf
2026-05-11,FWD,fwd_home_legacy,家 ‧ 年華壽險計劃,life-savings,10Y_MONTHLY,MONTHLY,10,7,38,109199,24638,1612,17868,44119,40.4,22.56,20260511_FWD_LIFESAVING_HomeLegacy_PREMIUM1300_MONTHLY_10pay.pdf
2026-05-11,FWD,fwd_home_legacy,家 ‧ 年華壽險計劃,life-savings,10Y_MONTHLY,MONTHLY,10,8,39,124799,29737,2064,23236,55038,44.1,23.83,20260511_FWD_LIFESAVING_HomeLegacy_PREMIUM1300_MONTHLY_10pay.pdf
2026-05-11,FWD,fwd_home_legacy,家 ‧ 年華壽險計劃,life-savings,10Y_MONTHLY,MONTHLY,10,9,40,140398,35887,2577,30195,68660,48.9,25.56,20260511_FWD_LIFESAVING_HomeLegacy_PREMIUM1300_MONTHLY_10pay.pdf
2026-05-11,FWD,fwd_home_legacy,家 ‧ 年華壽險計劃,life-savings,10Y_MONTHLY,MONTHLY,10,10,41,155998,43310,3187,39149,85648,54.9,27.76,20260511_FWD_LIFESAVING_HomeLegacy_PREMIUM1300_MONTHLY_10pay.pdf
2026-05-11,FWD,fwd_home_legacy,家 ‧ 年華壽險計劃,life-savings,10Y_MONTHLY,MONTHLY,10,11,42,155998,43869,3849,47801,95520,61.23,28.12,20260511_FWD_LIFESAVING_HomeLegacy_PREMIUM1300_MONTHLY_10pay.pdf
2026-05-11,FWD,fwd_home_legacy,家 ‧ 年華壽險計劃,life-savings,10Y_MONTHLY,MONTHLY,10,12,43,155998,44428,4546,57548,106523,68.28,28.48,20260511_FWD_LIFESAVING_HomeLegacy_PREMIUM1300_MONTHLY_10pay.pdf
2026-05-11,FWD,fwd_home_legacy,家 ‧ 年華壽險計劃,life-savings,10Y_MONTHLY,MONTHLY,10,13,44,155998,44997,5292,68507,118797,76.15,28.84,20260511_FWD_LIFESAVING_HomeLegacy_PREMIUM1300_MONTHLY_10pay.pdf
2026-05-11,FWD,fwd_home_legacy,家 ‧ 年華壽險計劃,life-savings,10Y_MONTHLY,MONTHLY,10,14,45,155998,45573,6082,80835,132491,84.93,29.21,20260511_FWD_LIFESAVING_HomeLegacy_PREMIUM1300_MONTHLY_10pay.pdf
2026-05-11,FWD,fwd_home_legacy,家 ‧ 年華壽險計劃,life-savings,10Y_MONTHLY,MONTHLY,10,15,46,155998,46154,6914,94682,147750,94.71,29.59,20260511_FWD_LIFESAVING_HomeLegacy_PREMIUM1300_MONTHLY_10pay.pdf
2026-05-11,FWD,fwd_home_legacy,家 ‧ 年華壽險計劃,life-savings,10Y_MONTHLY,MONTHLY,10,16,47,155998,46885,7793,100893,155572,99.73,30.05,20260511_FWD_LIFESAVING_HomeLegacy_PREMIUM1300_MONTHLY_10pay.pdf
2026-05-11,FWD,fwd_home_legacy,家 ‧ 年華壽險計劃,life-savings,10Y_MONTHLY,MONTHLY,10,17,48,155998,47623,8728,108858,165209,105.9,30.53,20260511_FWD_LIFESAVING_HomeLegacy_PREMIUM1300_MONTHLY_10pay.pdf
2026-05-11,FWD,fwd_home_legacy,家 ‧ 年華壽險計劃,life-savings,10Y_MONTHLY,MONTHLY,10,18,49,155998,48377,9720,118823,176920,113.41,31.01,20260511_FWD_LIFESAVING_HomeLegacy_PREMIUM1300_MONTHLY_10pay.pdf
2026-05-11,FWD,fwd_home_legacy,家 ‧ 年華壽險計劃,life-savings,10Y_MONTHLY,MONTHLY,10,19,50,155998,49142,10771,131156,191070,122.48,31.5,20260511_FWD_LIFESAVING_HomeLegacy_PREMIUM1300_MONTHLY_10pay.pdf
2026-05-11,FWD,fwd_home_legacy,家 ‧ 年華壽險計劃,life-savings,10Y_MONTHLY,MONTHLY,10,20,51,155998,49913,11884,146265,208063,133.38,32,20260511_FWD_LIFESAVING_HomeLegacy_PREMIUM1300_MONTHLY_10pay.pdf
2026-05-11,FWD,fwd_home_legacy,家 ‧ 年華壽險計劃,life-savings,10Y_MONTHLY,MONTHLY,10,21,52,155998,57922,13084,151275,222283,142.49,37.13,20260511_FWD_LIFESAVING_HomeLegacy_PREMIUM1300_MONTHLY_10pay.pdf
2026-05-11,FWD,fwd_home_legacy,家 ‧ 年華壽險計劃,life-savings,10Y_MONTHLY,MONTHLY,10,22,53,155998,67217,14351,157107,238676,153,43.09,20260511_FWD_LIFESAVING_HomeLegacy_PREMIUM1300_MONTHLY_10pay.pdf
2026-05-11,FWD,fwd_home_legacy,家 ‧ 年華壽險計劃,life-savings,10Y_MONTHLY,MONTHLY,10,23,54,155998,77997,15688,163882,257568,165.11,50,20260511_FWD_LIFESAVING_HomeLegacy_PREMIUM1300_MONTHLY_10pay.pdf
2026-05-11,FWD,fwd_home_legacy,家 ‧ 年華壽險計劃,life-savings,10Y_MONTHLY,MONTHLY,10,24,55,155998,90515,17120,171724,279360,179.08,58.02,20260511_FWD_LIFESAVING_HomeLegacy_PREMIUM1300_MONTHLY_10pay.pdf
2026-05-11,FWD,fwd_home_legacy,家 ‧ 年華壽險計劃,life-savings,10Y_MONTHLY,MONTHLY,10,25,56,155998,105032,18628,180845,304506,195.2,67.33,20260511_FWD_LIFESAVING_HomeLegacy_PREMIUM1300_MONTHLY_10pay.pdf
2026-05-11,FWD,fwd_home_legacy,家 ‧ 年華壽險計劃,life-savings,10Y_MONTHLY,MONTHLY,10,26,57,155998,113818,20226,187911,321956,206.38,72.96,20260511_FWD_LIFESAVING_HomeLegacy_PREMIUM1300_MONTHLY_10pay.pdf
2026-05-11,FWD,fwd_home_legacy,家 ‧ 年華壽險計劃,life-savings,10Y_MONTHLY,MONTHLY,10,27,58,155998,123341,21900,195770,341013,218.6,79.07,20260511_FWD_LIFESAVING_HomeLegacy_PREMIUM1300_MONTHLY_10pay.pdf
2026-05-11,FWD,fwd_home_legacy,家 ‧ 年華壽險計劃,life-savings,10Y_MONTHLY,MONTHLY,10,28,59,155998,133652,23665,204517,361836,231.95,85.68,20260511_FWD_LIFESAVING_HomeLegacy_PREMIUM1300_MONTHLY_10pay.pdf
2026-05-11,FWD,fwd_home_legacy,家 ‧ 年華壽險計劃,life-savings,10Y_MONTHLY,MONTHLY,10,29,60,155998,144835,25525,214264,384625,246.56,92.84,20260511_FWD_LIFESAVING_HomeLegacy_PREMIUM1300_MONTHLY_10pay.pdf
2026-05-11,FWD,fwd_home_legacy,家 ‧ 年華壽險計劃,life-savings,10Y_MONTHLY,MONTHLY,10,30,61,155998,156945,27476,225145,409567,262.55,100.61,20260511_FWD_LIFESAVING_HomeLegacy_PREMIUM1300_MONTHLY_10pay.pdf
2026-05-11,FWD,fwd_home_legacy,家 ‧ 年華壽險計劃,life-savings,10Y_MONTHLY,MONTHLY,10,31,62,155998,157710,29512,243544,430767,276.14,101.1,20260511_FWD_LIFESAVING_HomeLegacy_PREMIUM1300_MONTHLY_10pay.pdf
2026-05-11,FWD,fwd_home_legacy,家 ‧ 年華壽險計劃,life-savings,10Y_MONTHLY,MONTHLY,10,32,63,155998,158497,31641,263250,453389,290.64,101.6,20260511_FWD_LIFESAVING_HomeLegacy_PREMIUM1300_MONTHLY_10pay.pdf
2026-05-11,FWD,fwd_home_legacy,家 ‧ 年華壽險計劃,life-savings,10Y_MONTHLY,MONTHLY,10,33,64,155998,159302,33872,284375,477550,306.13,102.12,20260511_FWD_LIFESAVING_HomeLegacy_PREMIUM1300_MONTHLY_10pay.pdf
2026-05-11,FWD,fwd_home_legacy,家 ‧ 年華壽險計劃,life-savings,10Y_MONTHLY,MONTHLY,10,34,65,155998,160134,36209,307025,503369,322.68,102.65,20260511_FWD_LIFESAVING_HomeLegacy_PREMIUM1300_MONTHLY_10pay.pdf
2026-05-11,FWD,fwd_home_legacy,家 ‧ 年華壽險計劃,life-savings,10Y_MONTHLY,MONTHLY,10,35,66,155998,160989,38656,331328,530973,340.37,103.2,20260511_FWD_LIFESAVING_HomeLegacy_PREMIUM1300_MONTHLY_10pay.pdf
2026-05-11,FWD,fwd_home_legacy,家 ‧ 年華壽險計劃,life-savings,10Y_MONTHLY,MONTHLY,10,36,67,155998,162547,41217,359306,563071,360.95,104.2,20260511_FWD_LIFESAVING_HomeLegacy_PREMIUM1300_MONTHLY_10pay.pdf
2026-05-11,FWD,fwd_home_legacy,家 ‧ 年華壽險計劃,life-savings,10Y_MONTHLY,MONTHLY,10,37,68,155998,164184,43897,389636,597717,383.16,105.25,20260511_FWD_LIFESAVING_HomeLegacy_PREMIUM1300_MONTHLY_10pay.pdf
2026-05-11,FWD,fwd_home_legacy,家 ‧ 年華壽險計劃,life-savings,10Y_MONTHLY,MONTHLY,10,38,69,155998,165898,46705,422536,635140,407.15,106.35,20260511_FWD_LIFESAVING_HomeLegacy_PREMIUM1300_MONTHLY_10pay.pdf
2026-05-11,FWD,fwd_home_legacy,家 ‧ 年華壽險計劃,life-savings,10Y_MONTHLY,MONTHLY,10,39,70,155998,167697,49640,458250,675588,433.07,107.5,20260511_FWD_LIFESAVING_HomeLegacy_PREMIUM1300_MONTHLY_10pay.pdf
2026-05-11,FWD,fwd_home_legacy,家 ‧ 年華壽險計劃,life-savings,10Y_MONTHLY,MONTHLY,10,40,71,155998,169579,52708,497048,719336,461.12,108.71,20260511_FWD_LIFESAVING_HomeLegacy_PREMIUM1300_MONTHLY_10pay.pdf
2026-05-11,FWD,fwd_home_legacy,家 ‧ 年華壽險計劃,life-savings,10Y_MONTHLY,MONTHLY,10,41,72,155998,170724,55903,528897,755525,484.32,109.44,20260511_FWD_LIFESAVING_HomeLegacy_PREMIUM1300_MONTHLY_10pay.pdf
2026-05-11,FWD,fwd_home_legacy,家 ‧ 年華壽險計劃,life-savings,10Y_MONTHLY,MONTHLY,10,42,73,155998,171897,59244,562573,793716,508.8,110.19,20260511_FWD_LIFESAVING_HomeLegacy_PREMIUM1300_MONTHLY_10pay.pdf
2026-05-11,FWD,fwd_home_legacy,家 ‧ 年華壽險計劃,life-savings,10Y_MONTHLY,MONTHLY,10,43,74,155998,173093,62740,598187,834020,534.64,110.96,20260511_FWD_LIFESAVING_HomeLegacy_PREMIUM1300_MONTHLY_10pay.pdf
2026-05-11,FWD,fwd_home_legacy,家 ‧ 年華壽險計劃,life-savings,10Y_MONTHLY,MONTHLY,10,44,75,155998,174321,66394,635851,876567,561.91,111.75,20260511_FWD_LIFESAVING_HomeLegacy_PREMIUM1300_MONTHLY_10pay.pdf
2026-05-11,FWD,fwd_home_legacy,家 ‧ 年華壽險計劃,life-savings,10Y_MONTHLY,MONTHLY,10,45,76,155998,175578,70213,675693,921485,590.7,112.55,20260511_FWD_LIFESAVING_HomeLegacy_PREMIUM1300_MONTHLY_10pay.pdf
2026-05-11,FWD,fwd_home_legacy,家 ‧ 年華壽險計劃,life-savings,10Y_MONTHLY,MONTHLY,10,46,77,155998,176868,74192,717351,968412,620.78,113.38,20260511_FWD_LIFESAVING_HomeLegacy_PREMIUM1300_MONTHLY_10pay.pdf
2026-05-11,FWD,fwd_home_legacy,家 ‧ 年華壽險計劃,life-savings,10Y_MONTHLY,MONTHLY,10,47,78,155998,178187,78332,761405,1017924,652.52,114.22,20260511_FWD_LIFESAVING_HomeLegacy_PREMIUM1300_MONTHLY_10pay.pdf
2026-05-11,FWD,fwd_home_legacy,家 ‧ 年華壽險計劃,life-savings,10Y_MONTHLY,MONTHLY,10,48,79,155998,179538,82638,807994,1070171,686.02,115.09,20260511_FWD_LIFESAVING_HomeLegacy_PREMIUM1300_MONTHLY_10pay.pdf
2026-05-11,FWD,fwd_home_legacy,家 ‧ 年華壽險計劃,life-savings,10Y_MONTHLY,MONTHLY,10,49,80,155998,180918,87122,857282,1125323,721.37,115.97,20260511_FWD_LIFESAVING_HomeLegacy_PREMIUM1300_MONTHLY_10pay.pdf
2026-05-11,FWD,fwd_home_legacy,家 ‧ 年華壽險計劃,life-savings,10Y_MONTHLY,MONTHLY,10,50,81,155998,182331,91791,909429,1183553,758.7,116.88,20260511_FWD_LIFESAVING_HomeLegacy_PREMIUM1300_MONTHLY_10pay.pdf
2026-05-11,FWD,fwd_home_legacy,家 ‧ 年華壽險計劃,life-savings,10Y_MONTHLY,MONTHLY,10,51,82,155998,183783,96646,969257,1249688,801.09,117.81,20260511_FWD_LIFESAVING_HomeLegacy_PREMIUM1300_MONTHLY_10pay.pdf
2026-05-11,FWD,fwd_home_legacy,家 ‧ 年華壽險計劃,life-savings,10Y_MONTHLY,MONTHLY,10,52,83,155998,185264,101700,1033034,1319999,846.16,118.76,20260511_FWD_LIFESAVING_HomeLegacy_PREMIUM1300_MONTHLY_10pay.pdf
2026-05-11,FWD,fwd_home_legacy,家 ‧ 年華壽險計劃,life-savings,10Y_MONTHLY,MONTHLY,10,53,84,155998,186777,106955,1101017,1394750,894.08,119.73,20260511_FWD_LIFESAVING_HomeLegacy_PREMIUM1300_MONTHLY_10pay.pdf
2026-05-11,FWD,fwd_home_legacy,家 ‧ 年華壽險計劃,life-savings,10Y_MONTHLY,MONTHLY,10,54,85,155998,188330,112424,1173512,1474268,945.06,120.73,20260511_FWD_LIFESAVING_HomeLegacy_PREMIUM1300_MONTHLY_10pay.pdf
2026-05-11,FWD,fwd_home_legacy,家 ‧ 年華壽險計劃,life-savings,10Y_MONTHLY,MONTHLY,10,55,86,155998,189911,118109,1250840,1558861,999.28,121.74,20260511_FWD_LIFESAVING_HomeLegacy_PREMIUM1300_MONTHLY_10pay.pdf
2026-05-11,FWD,fwd_home_legacy,家 ‧ 年華壽險計劃,life-savings,10Y_MONTHLY,MONTHLY,10,56,87,155998,191536,124007,1331184,1646728,1055.61,122.78,20260511_FWD_LIFESAVING_HomeLegacy_PREMIUM1300_MONTHLY_10pay.pdf
2026-05-11,FWD,fwd_home_legacy,家 ‧ 年華壽險計劃,life-savings,10Y_MONTHLY,MONTHLY,10,57,88,155998,193195,130126,1416744,1740067,1115.44,123.84,20260511_FWD_LIFESAVING_HomeLegacy_PREMIUM1300_MONTHLY_10pay.pdf
2026-05-11,FWD,fwd_home_legacy,家 ‧ 年華壽險計劃,life-savings,10Y_MONTHLY,MONTHLY,10,58,89,155998,194899,136475,1507885,1839260,1179.03,124.94,20260511_FWD_LIFESAVING_HomeLegacy_PREMIUM1300_MONTHLY_10pay.pdf
2026-05-11,FWD,fwd_home_legacy,家 ‧ 年華壽險計劃,life-savings,10Y_MONTHLY,MONTHLY,10,59,90,155998,196630,143062,1605008,1944701,1246.62,126.05,20260511_FWD_LIFESAVING_HomeLegacy_PREMIUM1300_MONTHLY_10pay.pdf
2026-05-11,FWD,fwd_home_legacy,家 ‧ 年華壽險計劃,life-savings,10Y_MONTHLY,MONTHLY,10,60,91,155998,198407,149896,1708504,2056808,1318.48,127.19,20260511_FWD_LIFESAVING_HomeLegacy_PREMIUM1300_MONTHLY_10pay.pdf
2026-05-11,FWD,fwd_home_legacy,家 ‧ 年華壽險計劃,life-savings,10Y_MONTHLY,MONTHLY,10,61,92,155998,200228,156986,1816212,2173426,1393.24,128.35,20260511_FWD_LIFESAVING_HomeLegacy_PREMIUM1300_MONTHLY_10pay.pdf
2026-05-11,FWD,fwd_home_legacy,家 ‧ 年華壽險計劃,life-savings,10Y_MONTHLY,MONTHLY,10,62,93,155998,202082,164342,1930823,2297248,1472.61,129.54,20260511_FWD_LIFESAVING_HomeLegacy_PREMIUM1300_MONTHLY_10pay.pdf
2026-05-11,FWD,fwd_home_legacy,家 ‧ 年華壽險計劃,life-savings,10Y_MONTHLY,MONTHLY,10,63,94,155998,203981,171974,2052808,2428764,1556.92,130.76,20260511_FWD_LIFESAVING_HomeLegacy_PREMIUM1300_MONTHLY_10pay.pdf
2026-05-11,FWD,fwd_home_legacy,家 ‧ 年華壽險計劃,life-savings,10Y_MONTHLY,MONTHLY,10,64,95,155998,205919,179892,2182663,2568475,1646.48,132,20260511_FWD_LIFESAVING_HomeLegacy_PREMIUM1300_MONTHLY_10pay.pdf
2026-05-11,FWD,fwd_home_legacy,家 ‧ 年華壽險計劃,life-savings,10Y_MONTHLY,MONTHLY,10,65,96,155998,207902,188107,2320929,2716940,1741.65,133.27,20260511_FWD_LIFESAVING_HomeLegacy_PREMIUM1300_MONTHLY_10pay.pdf
2026-05-11,FWD,fwd_home_legacy,家 ‧ 年華壽險計劃,life-savings,10Y_MONTHLY,MONTHLY,10,66,97,155998,209494,196630,2446489,2852614,1828.62,134.29,20260511_FWD_LIFESAVING_HomeLegacy_PREMIUM1300_MONTHLY_10pay.pdf
2026-05-11,FWD,fwd_home_legacy,家 ‧ 年華壽險計劃,life-savings,10Y_MONTHLY,MONTHLY,10,67,98,155998,211108,205473,2578516,2995098,1919.96,135.33,20260511_FWD_LIFESAVING_HomeLegacy_PREMIUM1300_MONTHLY_10pay.pdf
2026-05-11,FWD,fwd_home_legacy,家 ‧ 年華壽險計劃,life-savings,10Y_MONTHLY,MONTHLY,10,68,99,155998,212745,214647,2717347,3144740,2015.88,136.38,20260511_FWD_LIFESAVING_HomeLegacy_PREMIUM1300_MONTHLY_10pay.pdf
2026-05-11,FWD,fwd_home_legacy,家 ‧ 年華壽險計劃,life-savings,10Y_MONTHLY,MONTHLY,10,69,100,155998,214404,224165,2863327,3301898,2116.63,137.44,20260511_FWD_LIFESAVING_HomeLegacy_PREMIUM1300_MONTHLY_10pay.pdf
2026-05-11,FWD,fwd_home_legacy,家 ‧ 年華壽險計劃,life-savings,10Y_MONTHLY,MONTHLY,10,70,101,155998,215717,234040,3015737,3465495,2221.5,138.28,20260511_FWD_LIFESAVING_HomeLegacy_PREMIUM1300_MONTHLY_10pay.pdf
2026-05-11,FWD,fwd_home_legacy,家 ‧ 年華壽險計劃,life-savings,10Y_MONTHLY,MONTHLY,10,71,102,155998,217040,244286,3175871,3637199,2331.57,139.13,20260511_FWD_LIFESAVING_HomeLegacy_PREMIUM1300_MONTHLY_10pay.pdf
2026-05-11,FWD,fwd_home_legacy,家 ‧ 年華壽險計劃,life-savings,10Y_MONTHLY,MONTHLY,10,72,103,155998,218375,254916,3344111,3817403,2447.08,139.99,20260511_FWD_LIFESAVING_HomeLegacy_PREMIUM1300_MONTHLY_10pay.pdf
2026-05-11,FWD,fwd_home_legacy,家 ‧ 年華壽險計劃,life-savings,10Y_MONTHLY,MONTHLY,10,73,104,155998,219716,265944,3520885,4006546,2568.33,140.85,20260511_FWD_LIFESAVING_HomeLegacy_PREMIUM1300_MONTHLY_10pay.pdf
2026-05-11,FWD,fwd_home_legacy,家 ‧ 年華壽險計劃,life-savings,10Y_MONTHLY,MONTHLY,10,74,105,155998,221062,277386,3706601,4205050,2695.58,141.71,20260511_FWD_LIFESAVING_HomeLegacy_PREMIUM1300_MONTHLY_10pay.pdf
2026-05-11,FWD,fwd_home_legacy,家 ‧ 年華壽險計劃,life-savings,10Y_MONTHLY,MONTHLY,10,75,106,155998,222419,289257,3901718,4413396,2829.14,142.58,20260511_FWD_LIFESAVING_HomeLegacy_PREMIUM1300_MONTHLY_10pay.pdf
2026-05-11,FWD,fwd_home_legacy,家 ‧ 年華壽險計劃,life-savings,10Y_MONTHLY,MONTHLY,10,76,107,155998,223782,301573,4106705,4632062,2969.31,143.45,20260511_FWD_LIFESAVING_HomeLegacy_PREMIUM1300_MONTHLY_10pay.pdf
2026-05-11,FWD,fwd_home_legacy,家 ‧ 年華壽險計劃,life-savings,10Y_MONTHLY,MONTHLY,10,77,108,155998,225156,314351,4322059,4861568,3116.43,144.33,20260511_FWD_LIFESAVING_HomeLegacy_PREMIUM1300_MONTHLY_10pay.pdf
2026-05-11,FWD,fwd_home_legacy,家 ‧ 年華壽險計劃,life-savings,10Y_MONTHLY,MONTHLY,10,78,109,155998,226541,327609,4548289,5102440,3270.84,145.22,20260511_FWD_LIFESAVING_HomeLegacy_PREMIUM1300_MONTHLY_10pay.pdf
2026-05-11,FWD,fwd_home_legacy,家 ‧ 年華壽險計劃,life-savings,10Y_MONTHLY,MONTHLY,10,79,110,155998,227927,341363,4785957,5355248,3432.9,146.11,20260511_FWD_LIFESAVING_HomeLegacy_PREMIUM1300_MONTHLY_10pay.pdf
2026-05-11,FWD,fwd_home_legacy,家 ‧ 年華壽險計劃,life-savings,10Y_MONTHLY,MONTHLY,10,80,111,155998,229329,355633,5035624,5620587,3602.99,147.01,20260511_FWD_LIFESAVING_HomeLegacy_PREMIUM1300_MONTHLY_10pay.pdf
2026-05-11,FWD,fwd_home_legacy,家 ‧ 年華壽險計劃,life-savings,10Y_MONTHLY,MONTHLY,10,81,112,155998,230736,370438,5297891,5899067,3781.5,147.91,20260511_FWD_LIFESAVING_HomeLegacy_PREMIUM1300_MONTHLY_10pay.pdf
2026-05-11,FWD,fwd_home_legacy,家 ‧ 年華壽險計劃,life-savings,10Y_MONTHLY,MONTHLY,10,82,113,155998,232149,385799,5573391,6191341,3968.86,148.82,20260511_FWD_LIFESAVING_HomeLegacy_PREMIUM1300_MONTHLY_10pay.pdf
2026-05-11,FWD,fwd_home_legacy,家 ‧ 年華壽險計劃,life-savings,10Y_MONTHLY,MONTHLY,10,83,114,155998,233574,401735,5862788,6498099,4165.5,149.73,20260511_FWD_LIFESAVING_HomeLegacy_PREMIUM1300_MONTHLY_10pay.pdf
2026-05-11,FWD,fwd_home_legacy,家 ‧ 年華壽險計劃,life-savings,10Y_MONTHLY,MONTHLY,10,84,115,155998,235009,418269,6166781,6820061,4371.89,150.65,20260511_FWD_LIFESAVING_HomeLegacy_PREMIUM1300_MONTHLY_10pay.pdf
2026-05-11,FWD,fwd_home_legacy,家 ‧ 年華壽險計劃,life-savings,10Y_MONTHLY,MONTHLY,10,85,116,155998,236450,435424,6486094,7157970,4588.5,151.57,20260511_FWD_LIFESAVING_HomeLegacy_PREMIUM1300_MONTHLY_10pay.pdf
2026-05-11,FWD,fwd_home_legacy,家 ‧ 年華壽險計劃,life-savings,10Y_MONTHLY,MONTHLY,10,86,117,155998,237903,453221,6821500,7512625,4815.85,152.5,20260511_FWD_LIFESAVING_HomeLegacy_PREMIUM1300_MONTHLY_10pay.pdf
2026-05-11,FWD,fwd_home_legacy,家 ‧ 年華壽險計劃,life-savings,10Y_MONTHLY,MONTHLY,10,87,118,155998,239361,471686,7173803,7884850,5054.46,153.44,20260511_FWD_LIFESAVING_HomeLegacy_PREMIUM1300_MONTHLY_10pay.pdf
2026-05-11,FWD,fwd_home_legacy,家 ‧ 年華壽險計劃,life-savings,10Y_MONTHLY,MONTHLY,10,88,119,155998,240830,490843,7543845,8275519,5304.89,154.38,20260511_FWD_LIFESAVING_HomeLegacy_PREMIUM1300_MONTHLY_10pay.pdf
2026-05-11,FWD,fwd_home_legacy,家 ‧ 年華壽險計劃,life-savings,10Y_MONTHLY,MONTHLY,10,89,120,155998,242310,510719,7932510,8685540,5567.73,155.33,20260511_FWD_LIFESAVING_HomeLegacy_PREMIUM1300_MONTHLY_10pay.pdf
2026-05-11,FWD,fwd_home_legacy,家 ‧ 年華壽險計劃,life-savings,5Y_ANNUAL,ANNUAL,5,1,32,15599,0,19,0,19,0.12,0,20260511_FWD_LIFESAVING_HomeLegacy_PREMIUM15600_ANNUAL_5pay.pdf
2026-05-11,FWD,fwd_home_legacy,家 ‧ 年華壽險計劃,life-savings,5Y_ANNUAL,ANNUAL,5,2,33,31199,1874,58,894,2827,9.06,6.01,20260511_FWD_LIFESAVING_HomeLegacy_PREMIUM15600_ANNUAL_5pay.pdf
2026-05-11,FWD,fwd_home_legacy,家 ‧ 年華壽險計劃,life-savings,5Y_ANNUAL,ANNUAL,5,3,34,46799,4050,153,2542,6745,14.41,8.65,20260511_FWD_LIFESAVING_HomeLegacy_PREMIUM15600_ANNUAL_5pay.pdf
2026-05-11,FWD,fwd_home_legacy,家 ‧ 年華壽險計劃,life-savings,5Y_ANNUAL,ANNUAL,5,4,35,62399,8742,302,7046,16090,25.79,14.01,20260511_FWD_LIFESAVING_HomeLegacy_PREMIUM15600_ANNUAL_5pay.pdf
2026-05-11,FWD,fwd_home_legacy,家 ‧ 年華壽險計劃,life-savings,5Y_ANNUAL,ANNUAL,5,5,36,77999,18877,515,18988,38381,49.21,24.2,20260511_FWD_LIFESAVING_HomeLegacy_PREMIUM15600_ANNUAL_5pay.pdf
2026-05-11,FWD,fwd_home_legacy,家 ‧ 年華壽險計劃,life-savings,5Y_ANNUAL,ANNUAL,5,6,37,77999,19084,735,22403,42223,54.13,24.47,20260511_FWD_LIFESAVING_HomeLegacy_PREMIUM15600_ANNUAL_5pay.pdf
2026-05-11,FWD,fwd_home_legacy,家 ‧ 年華壽險計劃,life-savings,5Y_ANNUAL,ANNUAL,5,7,38,77999,19295,977,26175,46448,59.55,24.74,20260511_FWD_LIFESAVING_HomeLegacy_PREMIUM15600_ANNUAL_5pay.pdf
2026-05-11,FWD,fwd_home_legacy,家 ‧ 年華壽險計劃,life-savings,5Y_ANNUAL,ANNUAL,5,8,39,77999,19509,1250,30340,51100,65.51,25.01,20260511_FWD_LIFESAVING_HomeLegacy_PREMIUM15600_ANNUAL_5pay.pdf
2026-05-11,FWD,fwd_home_legacy,家 ‧ 年華壽險計劃,life-savings,5Y_ANNUAL,ANNUAL,5,9,40,77999,19723,1562,34927,56213,72.07,25.29,20260511_FWD_LIFESAVING_HomeLegacy_PREMIUM15600_ANNUAL_5pay.pdf
2026-05-11,FWD,fwd_home_legacy,家 ‧ 年華壽險計劃,life-savings,5Y_ANNUAL,ANNUAL,5,10,41,77999,19937,1930,39967,61835,79.28,25.56,20260511_FWD_LIFESAVING_HomeLegacy_PREMIUM15600_ANNUAL_5pay.pdf
2026-05-11,FWD,fwd_home_legacy,家 ‧ 年華壽險計劃,life-savings,5Y_ANNUAL,ANNUAL,5,11,42,77999,20110,2332,43168,65610,84.12,25.78,20260511_FWD_LIFESAVING_HomeLegacy_PREMIUM15600_ANNUAL_5pay.pdf
2026-05-11,FWD,fwd_home_legacy,家 ‧ 年華壽險計劃,life-savings,5Y_ANNUAL,ANNUAL,5,12,43,77999,20279,2754,46579,69613,89.25,26,20260511_FWD_LIFESAVING_HomeLegacy_PREMIUM15600_ANNUAL_5pay.pdf
2026-05-11,FWD,fwd_home_legacy,家 ‧ 年華壽險計劃,life-savings,5Y_ANNUAL,ANNUAL,5,13,44,77999,20451,3206,50201,73859,94.69,26.22,20260511_FWD_LIFESAVING_HomeLegacy_PREMIUM15600_ANNUAL_5pay.pdf
2026-05-11,FWD,fwd_home_legacy,家 ‧ 年華壽險計劃,life-savings,5Y_ANNUAL,ANNUAL,5,14,45,77999,20627,3684,54050,78362,100.47,26.45,20260511_FWD_LIFESAVING_HomeLegacy_PREMIUM15600_ANNUAL_5pay.pdf
2026-05-11,FWD,fwd_home_legacy,家 ‧ 年華壽險計劃,life-savings,5Y_ANNUAL,ANNUAL,5,15,46,77999,20799,4189,56714,81704,104.75,26.67,20260511_FWD_LIFESAVING_HomeLegacy_PREMIUM15600_ANNUAL_5pay.pdf
2026-05-11,FWD,fwd_home_legacy,家 ‧ 年華壽險計劃,life-savings,5Y_ANNUAL,ANNUAL,5,16,47,77999,22499,4723,59707,86930,111.45,28.85,20260511_FWD_LIFESAVING_HomeLegacy_PREMIUM15600_ANNUAL_5pay.pdf
2026-05-11,FWD,fwd_home_legacy,家 ‧ 年華壽險計劃,life-savings,5Y_ANNUAL,ANNUAL,5,17,48,77999,24335,5287,63620,93243,119.54,31.2,20260511_FWD_LIFESAVING_HomeLegacy_PREMIUM15600_ANNUAL_5pay.pdf
2026-05-11,FWD,fwd_home_legacy,家 ‧ 年華壽險計劃,life-savings,5Y_ANNUAL,ANNUAL,5,18,49,77999,26322,5888,68612,100823,129.26,33.75,20260511_FWD_LIFESAVING_HomeLegacy_PREMIUM15600_ANNUAL_5pay.pdf
2026-05-11,FWD,fwd_home_legacy,家 ‧ 年華壽險計劃,life-savings,5Y_ANNUAL,ANNUAL,5,19,50,77999,28469,6524,74904,109898,140.9,36.5,20260511_FWD_LIFESAVING_HomeLegacy_PREMIUM15600_ANNUAL_5pay.pdf
2026-05-11,FWD,fwd_home_legacy,家 ‧ 年華壽險計劃,life-savings,5Y_ANNUAL,ANNUAL,5,20,51,77999,30791,7200,82755,120747,154.81,39.48,20260511_FWD_LIFESAVING_HomeLegacy_PREMIUM15600_ANNUAL_5pay.pdf
2026-05-11,FWD,fwd_home_legacy,家 ‧ 年華壽險計劃,life-savings,5Y_ANNUAL,ANNUAL,5,21,52,77999,34930,7926,87869,130727,167.6,44.78,20260511_FWD_LIFESAVING_HomeLegacy_PREMIUM15600_ANNUAL_5pay.pdf
2026-05-11,FWD,fwd_home_legacy,家 ‧ 年華壽險計劃,life-savings,5Y_ANNUAL,ANNUAL,5,22,53,77999,39622,8696,94008,142328,182.47,50.8,20260511_FWD_LIFESAVING_HomeLegacy_PREMIUM15600_ANNUAL_5pay.pdf
2026-05-11,FWD,fwd_home_legacy,家 ‧ 年華壽險計劃,life-savings,5Y_ANNUAL,ANNUAL,5,23,54,77999,44947,9508,101374,155830,199.78,57.63,20260511_FWD_LIFESAVING_HomeLegacy_PREMIUM15600_ANNUAL_5pay.pdf
2026-05-11,FWD,fwd_home_legacy,家 ‧ 年華壽險計劃,life-savings,5Y_ANNUAL,ANNUAL,5,24,55,77999,50987,10376,110206,171569,219.96,65.37,20260511_FWD_LIFESAVING_HomeLegacy_PREMIUM15600_ANNUAL_5pay.pdf
2026-05-11,FWD,fwd_home_legacy,家 ‧ 年華壽險計劃,life-savings,5Y_ANNUAL,ANNUAL,5,25,56,77999,57838,11288,120826,189954,243.53,74.15,20260511_FWD_LIFESAVING_HomeLegacy_PREMIUM15600_ANNUAL_5pay.pdf
2026-05-11,FWD,fwd_home_legacy,家 ‧ 年華壽險計劃,life-savings,5Y_ANNUAL,ANNUAL,5,26,57,77999,62534,12258,126384,201176,257.92,80.17,20260511_FWD_LIFESAVING_HomeLegacy_PREMIUM15600_ANNUAL_5pay.pdf
2026-05-11,FWD,fwd_home_legacy,家 ‧ 年華壽險計劃,life-savings,5Y_ANNUAL,ANNUAL,5,27,58,77999,67606,13270,132510,213387,273.58,86.68,20260511_FWD_LIFESAVING_HomeLegacy_PREMIUM15600_ANNUAL_5pay.pdf
2026-05-11,FWD,fwd_home_legacy,家 ‧ 年華壽險計劃,life-savings,5Y_ANNUAL,ANNUAL,5,28,59,77999,73090,14340,139259,226690,290.63,93.71,20260511_FWD_LIFESAVING_HomeLegacy_PREMIUM15600_ANNUAL_5pay.pdf
2026-05-11,FWD,fwd_home_legacy,家 ‧ 年華壽險計劃,life-savings,5Y_ANNUAL,ANNUAL,5,29,60,77999,79018,15465,146708,241192,309.22,101.31,20260511_FWD_LIFESAVING_HomeLegacy_PREMIUM15600_ANNUAL_5pay.pdf
2026-05-11,FWD,fwd_home_legacy,家 ‧ 年華壽險計劃,life-savings,5Y_ANNUAL,ANNUAL,5,30,61,77999,86818,16649,153549,257018,329.51,111.31,20260511_FWD_LIFESAVING_HomeLegacy_PREMIUM15600_ANNUAL_5pay.pdf
2026-05-11,FWD,fwd_home_legacy,家 ‧ 年華壽險計劃,life-savings,5Y_ANNUAL,ANNUAL,5,31,62,77999,87556,17880,165741,271179,347.67,112.25,20260511_FWD_LIFESAVING_HomeLegacy_PREMIUM15600_ANNUAL_5pay.pdf
2026-05-11,FWD,fwd_home_legacy,家 ‧ 年華壽險計劃,life-savings,5Y_ANNUAL,ANNUAL,5,32,63,77999,88326,19170,178837,286334,367.1,113.24,20260511_FWD_LIFESAVING_HomeLegacy_PREMIUM15600_ANNUAL_5pay.pdf
2026-05-11,FWD,fwd_home_legacy,家 ‧ 年華壽險計劃,life-savings,5Y_ANNUAL,ANNUAL,5,33,64,77999,89131,20522,192917,302570,387.92,114.27,20260511_FWD_LIFESAVING_HomeLegacy_PREMIUM15600_ANNUAL_5pay.pdf
2026-05-11,FWD,fwd_home_legacy,家 ‧ 年華壽險計劃,life-savings,5Y_ANNUAL,ANNUAL,5,34,65,77999,89974,21936,208057,319968,410.22,115.35,20260511_FWD_LIFESAVING_HomeLegacy_PREMIUM15600_ANNUAL_5pay.pdf
2026-05-11,FWD,fwd_home_legacy,家 ‧ 年華壽險計劃,life-savings,5Y_ANNUAL,ANNUAL,5,35,66,77999,90849,23417,224353,338620,434.13,116.47,20260511_FWD_LIFESAVING_HomeLegacy_PREMIUM15600_ANNUAL_5pay.pdf
2026-05-11,FWD,fwd_home_legacy,家 ‧ 年華壽險計劃,life-savings,5Y_ANNUAL,ANNUAL,5,36,67,77999,91670,24969,242793,359433,460.82,117.53,20260511_FWD_LIFESAVING_HomeLegacy_PREMIUM15600_ANNUAL_5pay.pdf
2026-05-11,FWD,fwd_home_legacy,家 ‧ 年華壽險計劃,life-savings,5Y_ANNUAL,ANNUAL,5,37,68,77999,92520,26592,262749,381862,489.57,118.62,20260511_FWD_LIFESAVING_HomeLegacy_PREMIUM15600_ANNUAL_5pay.pdf
2026-05-11,FWD,fwd_home_legacy,家 ‧ 年華壽險計劃,life-savings,5Y_ANNUAL,ANNUAL,5,38,69,77999,93401,28292,284354,406049,520.58,119.75,20260511_FWD_LIFESAVING_HomeLegacy_PREMIUM15600_ANNUAL_5pay.pdf
2026-05-11,FWD,fwd_home_legacy,家 ‧ 年華壽險計劃,life-savings,5Y_ANNUAL,ANNUAL,5,39,70,77999,94318,30072,307761,432151,554.05,120.92,20260511_FWD_LIFESAVING_HomeLegacy_PREMIUM15600_ANNUAL_5pay.pdf
2026-05-11,FWD,fwd_home_legacy,家 ‧ 年華壽險計劃,life-savings,5Y_ANNUAL,ANNUAL,5,40,71,77999,95264,31931,333144,460339,590.19,122.13,20260511_FWD_LIFESAVING_HomeLegacy_PREMIUM15600_ANNUAL_5pay.pdf
2026-05-11,FWD,fwd_home_legacy,家 ‧ 年華壽險計劃,life-savings,5Y_ANNUAL,ANNUAL,5,41,72,77999,96113,33866,354075,484055,620.59,123.22,20260511_FWD_LIFESAVING_HomeLegacy_PREMIUM15600_ANNUAL_5pay.pdf
2026-05-11,FWD,fwd_home_legacy,家 ‧ 年華壽險計劃,life-savings,5Y_ANNUAL,ANNUAL,5,42,73,77999,96985,35890,376204,509080,652.68,124.34,20260511_FWD_LIFESAVING_HomeLegacy_PREMIUM15600_ANNUAL_5pay.pdf
2026-05-11,FWD,fwd_home_legacy,家 ‧ 年華壽險計劃,life-savings,5Y_ANNUAL,ANNUAL,5,43,74,77999,97886,38006,399607,535499,686.55,125.5,20260511_FWD_LIFESAVING_HomeLegacy_PREMIUM15600_ANNUAL_5pay.pdf
2026-05-11,FWD,fwd_home_legacy,家 ‧ 年華壽險計劃,life-savings,5Y_ANNUAL,ANNUAL,5,44,75,77999,98812,40217,424358,563388,722.3,126.68,20260511_FWD_LIFESAVING_HomeLegacy_PREMIUM15600_ANNUAL_5pay.pdf
2026-05-11,FWD,fwd_home_legacy,家 ‧ 年華壽險計劃,life-savings,5Y_ANNUAL,ANNUAL,5,45,76,77999,99764,42530,450546,592841,760.06,127.9,20260511_FWD_LIFESAVING_HomeLegacy_PREMIUM15600_ANNUAL_5pay.pdf
2026-05-11,FWD,fwd_home_legacy,家 ‧ 年華壽險計劃,life-savings,5Y_ANNUAL,ANNUAL,5,46,77,77999,100700,44939,478313,623953,799.95,129.1,20260511_FWD_LIFESAVING_HomeLegacy_PREMIUM15600_ANNUAL_5pay.pdf
2026-05-11,FWD,fwd_home_legacy,家 ‧ 年華壽險計劃,life-savings,5Y_ANNUAL,ANNUAL,5,47,78,77999,101661,47445,507705,656812,842.08,130.34,20260511_FWD_LIFESAVING_HomeLegacy_PREMIUM15600_ANNUAL_5pay.pdf
2026-05-11,FWD,fwd_home_legacy,家 ‧ 年華壽險計劃,life-savings,5Y_ANNUAL,ANNUAL,5,48,79,77999,102645,50055,538828,691529,886.59,131.6,20260511_FWD_LIFESAVING_HomeLegacy_PREMIUM15600_ANNUAL_5pay.pdf
2026-05-11,FWD,fwd_home_legacy,家 ‧ 年華壽險計劃,life-savings,5Y_ANNUAL,ANNUAL,5,49,80,77999,103658,52772,571785,728215,933.62,132.9,20260511_FWD_LIFESAVING_HomeLegacy_PREMIUM15600_ANNUAL_5pay.pdf
2026-05-11,FWD,fwd_home_legacy,家 ‧ 年華壽險計劃,life-savings,5Y_ANNUAL,ANNUAL,5,50,81,77999,104696,55597,606690,766984,983.33,134.23,20260511_FWD_LIFESAVING_HomeLegacy_PREMIUM15600_ANNUAL_5pay.pdf
2026-05-11,FWD,fwd_home_legacy,家 ‧ 年華壽險計劃,life-savings,5Y_ANNUAL,ANNUAL,5,51,82,77999,105763,58538,643665,807967,1035.87,135.6,20260511_FWD_LIFESAVING_HomeLegacy_PREMIUM15600_ANNUAL_5pay.pdf
2026-05-11,FWD,fwd_home_legacy,家 ‧ 年華壽險計劃,life-savings,5Y_ANNUAL,ANNUAL,5,52,83,77999,106858,61599,682841,851299,1091.42,137,20260511_FWD_LIFESAVING_HomeLegacy_PREMIUM15600_ANNUAL_5pay.pdf
2026-05-11,FWD,fwd_home_legacy,家 ‧ 年華壽險計劃,life-savings,5Y_ANNUAL,ANNUAL,5,53,84,77999,107982,64784,724345,897112,1150.16,138.44,20260511_FWD_LIFESAVING_HomeLegacy_PREMIUM15600_ANNUAL_5pay.pdf
2026-05-11,FWD,fwd_home_legacy,家 ‧ 年華壽險計劃,life-savings,5Y_ANNUAL,ANNUAL,5,54,85,77999,109136,68095,768334,945566,1212.28,139.92,20260511_FWD_LIFESAVING_HomeLegacy_PREMIUM15600_ANNUAL_5pay.pdf
2026-05-11,FWD,fwd_home_legacy,家 ‧ 年華壽險計劃,life-savings,5Y_ANNUAL,ANNUAL,5,55,86,77999,110317,71540,814958,996816,1277.99,141.43,20260511_FWD_LIFESAVING_HomeLegacy_PREMIUM15600_ANNUAL_5pay.pdf
2026-05-11,FWD,fwd_home_legacy,家 ‧ 年華壽險計劃,life-savings,5Y_ANNUAL,ANNUAL,5,56,87,77999,111435,75114,864492,1051042,1347.51,142.87,20260511_FWD_LIFESAVING_HomeLegacy_PREMIUM15600_ANNUAL_5pay.pdf
2026-05-11,FWD,fwd_home_legacy,家 ‧ 年華壽險計劃,life-savings,5Y_ANNUAL,ANNUAL,5,57,88,77999,112576,78822,917019,1108418,1421.07,144.33,20260511_FWD_LIFESAVING_HomeLegacy_PREMIUM15600_ANNUAL_5pay.pdf
2026-05-11,FWD,fwd_home_legacy,家 ‧ 年華壽險計劃,life-savings,5Y_ANNUAL,ANNUAL,5,58,89,77999,113741,82669,972728,1169139,1498.92,145.82,20260511_FWD_LIFESAVING_HomeLegacy_PREMIUM15600_ANNUAL_5pay.pdf
2026-05-11,FWD,fwd_home_legacy,家 ‧ 年華壽險計劃,life-savings,5Y_ANNUAL,ANNUAL,5,59,90,77999,114936,86660,1031815,1233412,1581.32,147.36,20260511_FWD_LIFESAVING_HomeLegacy_PREMIUM15600_ANNUAL_5pay.pdf
2026-05-11,FWD,fwd_home_legacy,家 ‧ 年華壽險計劃,life-savings,5Y_ANNUAL,ANNUAL,5,60,91,77999,116156,90801,1094496,1301454,1668.55,148.92,20260511_FWD_LIFESAVING_HomeLegacy_PREMIUM15600_ANNUAL_5pay.pdf
2026-05-11,FWD,fwd_home_legacy,家 ‧ 年華壽險計劃,life-savings,5Y_ANNUAL,ANNUAL,5,61,92,77999,117408,95097,1160997,1373504,1760.93,150.53,20260511_FWD_LIFESAVING_HomeLegacy_PREMIUM15600_ANNUAL_5pay.pdf
2026-05-11,FWD,fwd_home_legacy,家 ‧ 年華壽險計劃,life-savings,5Y_ANNUAL,ANNUAL,5,62,93,77999,118689,99554,1231561,1449806,1858.75,152.17,20260511_FWD_LIFESAVING_HomeLegacy_PREMIUM15600_ANNUAL_5pay.pdf
2026-05-11,FWD,fwd_home_legacy,家 ‧ 年華壽險計劃,life-savings,5Y_ANNUAL,ANNUAL,5,63,94,77999,119995,104179,1306447,1530622,1962.36,153.84,20260511_FWD_LIFESAVING_HomeLegacy_PREMIUM15600_ANNUAL_5pay.pdf
2026-05-11,FWD,fwd_home_legacy,家 ‧ 年華壽險計劃,life-savings,5Y_ANNUAL,ANNUAL,5,64,95,77999,121337,108977,1385926,1616241,2072.13,155.56,20260511_FWD_LIFESAVING_HomeLegacy_PREMIUM15600_ANNUAL_5pay.pdf
2026-05-11,FWD,fwd_home_legacy,家 ‧ 年華壽險計劃,life-savings,5Y_ANNUAL,ANNUAL,5,65,96,77999,122704,113955,1470298,1706958,2188.44,157.31,20260511_FWD_LIFESAVING_HomeLegacy_PREMIUM15600_ANNUAL_5pay.pdf
2026-05-11,FWD,fwd_home_legacy,家 ‧ 年華壽險計劃,life-savings,5Y_ANNUAL,ANNUAL,5,66,97,77999,123975,119119,1552782,1795878,2302.44,158.94,20260511_FWD_LIFESAVING_HomeLegacy_PREMIUM15600_ANNUAL_5pay.pdf
2026-05-11,FWD,fwd_home_legacy,家 ‧ 年華壽險計劃,life-savings,5Y_ANNUAL,ANNUAL,5,67,98,77999,125272,124477,1639787,1889537,2422.51,160.61,20260511_FWD_LIFESAVING_HomeLegacy_PREMIUM15600_ANNUAL_5pay.pdf
2026-05-11,FWD,fwd_home_legacy,家 ‧ 年華壽險計劃,life-savings,5Y_ANNUAL,ANNUAL,5,68,99,77999,126594,130036,1731566,1988198,2549,162.3,20260511_FWD_LIFESAVING_HomeLegacy_PREMIUM15600_ANNUAL_5pay.pdf
2026-05-11,FWD,fwd_home_legacy,家 ‧ 年華壽險計劃,life-savings,5Y_ANNUAL,ANNUAL,5,69,100,77999,127939,135804,1828385,2092129,2682.25,164.03,20260511_FWD_LIFESAVING_HomeLegacy_PREMIUM15600_ANNUAL_5pay.pdf
2026-05-11,FWD,fwd_home_legacy,家 ‧ 年華壽險計劃,life-savings,5Y_ANNUAL,ANNUAL,5,70,101,77999,128885,141788,1926626,2197300,2817.09,165.24,20260511_FWD_LIFESAVING_HomeLegacy_PREMIUM15600_ANNUAL_5pay.pdf
2026-05-11,FWD,fwd_home_legacy,家 ‧ 年華壽險計劃,life-savings,5Y_ANNUAL,ANNUAL,5,71,102,77999,129840,147996,2029920,2307757,2958.7,166.46,20260511_FWD_LIFESAVING_HomeLegacy_PREMIUM15600_ANNUAL_5pay.pdf
2026-05-11,FWD,fwd_home_legacy,家 ‧ 年華壽險計劃,life-savings,5Y_ANNUAL,ANNUAL,5,72,103,77999,130801,154437,2138529,2423768,3107.43,167.7,20260511_FWD_LIFESAVING_HomeLegacy_PREMIUM15600_ANNUAL_5pay.pdf
2026-05-11,FWD,fwd_home_legacy,家 ‧ 年華壽險計劃,life-savings,5Y_ANNUAL,ANNUAL,5,73,104,77999,131772,161119,2252722,2545614,3263.65,168.94,20260511_FWD_LIFESAVING_HomeLegacy_PREMIUM15600_ANNUAL_5pay.pdf
2026-05-11,FWD,fwd_home_legacy,家 ‧ 年華壽險計劃,life-savings,5Y_ANNUAL,ANNUAL,5,74,105,77999,132749,168053,2372778,2673581,3427.71,170.19,20260511_FWD_LIFESAVING_HomeLegacy_PREMIUM15600_ANNUAL_5pay.pdf
2026-05-11,FWD,fwd_home_legacy,家 ‧ 年華壽險計劃,life-savings,5Y_ANNUAL,ANNUAL,5,75,106,77999,133730,175246,2499003,2807979,3600.02,171.45,20260511_FWD_LIFESAVING_HomeLegacy_PREMIUM15600_ANNUAL_5pay.pdf
2026-05-11,FWD,fwd_home_legacy,家 ‧ 年華壽險計劃,life-savings,5Y_ANNUAL,ANNUAL,5,76,107,77999,134723,182709,2631702,2949135,3780.99,172.72,20260511_FWD_LIFESAVING_HomeLegacy_PREMIUM15600_ANNUAL_5pay.pdf
2026-05-11,FWD,fwd_home_legacy,家 ‧ 年華壽險計劃,life-savings,5Y_ANNUAL,ANNUAL,5,77,108,77999,135720,190451,2771217,3097389,3971.06,174,20260511_FWD_LIFESAVING_HomeLegacy_PREMIUM15600_ANNUAL_5pay.pdf
2026-05-11,FWD,fwd_home_legacy,家 ‧ 年華壽險計劃,life-savings,5Y_ANNUAL,ANNUAL,5,78,109,77999,136726,198484,2917883,3253095,4170.69,175.29,20260511_FWD_LIFESAVING_HomeLegacy_PREMIUM15600_ANNUAL_5pay.pdf
2026-05-11,FWD,fwd_home_legacy,家 ‧ 年華壽險計劃,life-savings,5Y_ANNUAL,ANNUAL,5,79,110,77999,137739,206819,3072069,3416627,4380.35,176.59,20260511_FWD_LIFESAVING_HomeLegacy_PREMIUM15600_ANNUAL_5pay.pdf
2026-05-11,FWD,fwd_home_legacy,家 ‧ 年華壽險計劃,life-savings,5Y_ANNUAL,ANNUAL,5,80,111,77999,138761,215466,3234154,3588381,4600.55,177.9,20260511_FWD_LIFESAVING_HomeLegacy_PREMIUM15600_ANNUAL_5pay.pdf
2026-05-11,FWD,fwd_home_legacy,家 ‧ 年華壽險計劃,life-savings,5Y_ANNUAL,ANNUAL,5,81,112,77999,139789,224437,3404543,3768770,4831.82,179.22,20260511_FWD_LIFESAVING_HomeLegacy_PREMIUM15600_ANNUAL_5pay.pdf
2026-05-11,FWD,fwd_home_legacy,家 ‧ 年華壽險計劃,life-savings,5Y_ANNUAL,ANNUAL,5,82,113,77999,140824,233744,3583655,3958225,5074.71,180.55,20260511_FWD_LIFESAVING_HomeLegacy_PREMIUM15600_ANNUAL_5pay.pdf
2026-05-11,FWD,fwd_home_legacy,家 ‧ 年華壽險計劃,life-savings,5Y_ANNUAL,ANNUAL,5,83,114,77999,141865,243401,3771938,4157205,5329.82,181.88,20260511_FWD_LIFESAVING_HomeLegacy_PREMIUM15600_ANNUAL_5pay.pdf
2026-05-11,FWD,fwd_home_legacy,家 ‧ 年華壽險計劃,life-savings,5Y_ANNUAL,ANNUAL,5,84,115,77999,142916,253420,3969851,4366188,5597.75,183.23,20260511_FWD_LIFESAVING_HomeLegacy_PREMIUM15600_ANNUAL_5pay.pdf
2026-05-11,FWD,fwd_home_legacy,家 ‧ 年華壽險計劃,life-savings,5Y_ANNUAL,ANNUAL,5,85,116,77999,143977,263814,4177882,4585674,5879.14,184.59,20260511_FWD_LIFESAVING_HomeLegacy_PREMIUM15600_ANNUAL_5pay.pdf
2026-05-11,FWD,fwd_home_legacy,家 ‧ 年華壽險計劃,life-savings,5Y_ANNUAL,ANNUAL,5,86,117,77999,145044,274598,4396557,4816200,6174.69,185.96,20260511_FWD_LIFESAVING_HomeLegacy_PREMIUM15600_ANNUAL_5pay.pdf
2026-05-11,FWD,fwd_home_legacy,家 ‧ 年華壽險計劃,life-savings,5Y_ANNUAL,ANNUAL,5,87,118,77999,146117,285787,4626404,5058309,6485.09,187.33,20260511_FWD_LIFESAVING_HomeLegacy_PREMIUM15600_ANNUAL_5pay.pdf
2026-05-11,FWD,fwd_home_legacy,家 ‧ 年華壽險計劃,life-savings,5Y_ANNUAL,ANNUAL,5,88,119,77999,147200,297395,4867996,5312592,6811.1,188.72,20260511_FWD_LIFESAVING_HomeLegacy_PREMIUM15600_ANNUAL_5pay.pdf
2026-05-11,FWD,fwd_home_legacy,家 ‧ 年華壽險計劃,life-savings,5Y_ANNUAL,ANNUAL,5,89,120,77999,148292,309439,5121924,5579656,7153.5,190.12,20260511_FWD_LIFESAVING_HomeLegacy_PREMIUM15600_ANNUAL_5pay.pdf
2026-05-11,FWD,fwd_home_legacy,家 ‧ 年華壽險計劃,life-savings,5Y_MONTHLY,MONTHLY,5,1,32,15599,0,17,0,17,0.11,0,20260511_FWD_LIFESAVING_HomeLegacy_PREMIUM1300_MONTHLY_5pay.pdf
2026-05-11,FWD,fwd_home_legacy,家 ‧ 年華壽險計劃,life-savings,5Y_MONTHLY,MONTHLY,5,2,33,31199,1736,53,828,2618,8.39,5.56,20260511_FWD_LIFESAVING_HomeLegacy_PREMIUM1300_MONTHLY_5pay.pdf
2026-05-11,FWD,fwd_home_legacy,家 ‧ 年華壽險計劃,life-savings,5Y_MONTHLY,MONTHLY,5,3,34,46799,3750,141,2354,6245,13.34,8.01,20260511_FWD_LIFESAVING_HomeLegacy_PREMIUM1300_MONTHLY_5pay.pdf
2026-05-11,FWD,fwd_home_legacy,家 ‧ 年華壽險計劃,life-savings,5Y_MONTHLY,MONTHLY,5,4,35,62399,8094,280,6524,14899,23.88,12.97,20260511_FWD_LIFESAVING_HomeLegacy_PREMIUM1300_MONTHLY_5pay.pdf
2026-05-11,FWD,fwd_home_legacy,家 ‧ 年華壽險計劃,life-savings,5Y_MONTHLY,MONTHLY,5,5,36,77999,17478,476,17582,35538,45.56,22.41,20260511_FWD_LIFESAVING_HomeLegacy_PREMIUM1300_MONTHLY_5pay.pdf
2026-05-11,FWD,fwd_home_legacy,家 ‧ 年華壽險計劃,life-savings,5Y_MONTHLY,MONTHLY,5,6,37,77999,17671,681,20743,39096,50.12,22.66,20260511_FWD_LIFESAVING_HomeLegacy_PREMIUM1300_MONTHLY_5pay.pdf
2026-05-11,FWD,fwd_home_legacy,家 ‧ 年華壽險計劃,life-savings,5Y_MONTHLY,MONTHLY,5,7,38,77999,17866,904,24236,43007,55.14,22.91,20260511_FWD_LIFESAVING_HomeLegacy_PREMIUM1300_MONTHLY_5pay.pdf
2026-05-11,FWD,fwd_home_legacy,家 ‧ 年華壽險計劃,life-savings,5Y_MONTHLY,MONTHLY,5,8,39,77999,18064,1157,28093,47315,60.66,23.16,20260511_FWD_LIFESAVING_HomeLegacy_PREMIUM1300_MONTHLY_5pay.pdf
2026-05-11,FWD,fwd_home_legacy,家 ‧ 年華壽險計劃,life-savings,5Y_MONTHLY,MONTHLY,5,9,40,77999,18262,1446,32340,52049,66.73,23.41,20260511_FWD_LIFESAVING_HomeLegacy_PREMIUM1300_MONTHLY_5pay.pdf
2026-05-11,FWD,fwd_home_legacy,家 ‧ 年華壽險計劃,life-savings,5Y_MONTHLY,MONTHLY,5,10,41,77999,18460,1787,37007,57255,73.4,23.67,20260511_FWD_LIFESAVING_HomeLegacy_PREMIUM1300_MONTHLY_5pay.pdf
2026-05-11,FWD,fwd_home_legacy,家 ‧ 年華壽險計劃,life-savings,5Y_MONTHLY,MONTHLY,5,11,42,77999,18620,2159,39970,60750,77.89,23.87,20260511_FWD_LIFESAVING_HomeLegacy_PREMIUM1300_MONTHLY_5pay.pdf
2026-05-11,FWD,fwd_home_legacy,家 ‧ 年華壽險計劃,life-savings,5Y_MONTHLY,MONTHLY,5,12,43,77999,18777,2550,43129,64457,82.64,24.07,20260511_FWD_LIFESAVING_HomeLegacy_PREMIUM1300_MONTHLY_5pay.pdf
2026-05-11,FWD,fwd_home_legacy,家 ‧ 年華壽險計劃,life-savings,5Y_MONTHLY,MONTHLY,5,13,44,77999,18936,2968,46483,68388,87.68,24.28,20260511_FWD_LIFESAVING_HomeLegacy_PREMIUM1300_MONTHLY_5pay.pdf
2026-05-11,FWD,fwd_home_legacy,家 ‧ 年華壽險計劃,life-savings,5Y_MONTHLY,MONTHLY,5,14,45,77999,19099,3411,50046,72557,93.02,24.49,20260511_FWD_LIFESAVING_HomeLegacy_PREMIUM1300_MONTHLY_5pay.pdf
2026-05-11,FWD,fwd_home_legacy,家 ‧ 年華壽險計劃,life-savings,5Y_MONTHLY,MONTHLY,5,15,46,77999,19259,3879,52513,75652,96.99,24.69,20260511_FWD_LIFESAVING_HomeLegacy_PREMIUM1300_MONTHLY_5pay.pdf
2026-05-11,FWD,fwd_home_legacy,家 ‧ 年華壽險計劃,life-savings,5Y_MONTHLY,MONTHLY,5,16,47,77999,20832,4373,55284,80491,103.19,26.71,20260511_FWD_LIFESAVING_HomeLegacy_PREMIUM1300_MONTHLY_5pay.pdf
2026-05-11,FWD,fwd_home_legacy,家 ‧ 年華壽險計劃,life-savings,5Y_MONTHLY,MONTHLY,5,17,48,77999,22533,4895,58907,86336,110.69,28.89,20260511_FWD_LIFESAVING_HomeLegacy_PREMIUM1300_MONTHLY_5pay.pdf
2026-05-11,FWD,fwd_home_legacy,家 ‧ 年華壽險計劃,life-savings,5Y_MONTHLY,MONTHLY,5,18,49,77999,24372,5451,63530,93354,119.69,31.25,20260511_FWD_LIFESAVING_HomeLegacy_PREMIUM1300_MONTHLY_5pay.pdf
2026-05-11,FWD,fwd_home_legacy,家 ‧ 年華壽險計劃,life-savings,5Y_MONTHLY,MONTHLY,5,19,50,77999,26360,6040,69356,101757,130.46,33.8,20260511_FWD_LIFESAVING_HomeLegacy_PREMIUM1300_MONTHLY_5pay.pdf
2026-05-11,FWD,fwd_home_legacy,家 ‧ 年華壽險計劃,life-savings,5Y_MONTHLY,MONTHLY,5,20,51,77999,28510,6666,76625,111802,143.34,36.55,20260511_FWD_LIFESAVING_HomeLegacy_PREMIUM1300_MONTHLY_5pay.pdf
2026-05-11,FWD,fwd_home_legacy,家 ‧ 年華壽險計劃,life-savings,5Y_MONTHLY,MONTHLY,5,21,52,77999,32343,7339,81360,121043,155.19,41.47,20260511_FWD_LIFESAVING_HomeLegacy_PREMIUM1300_MONTHLY_5pay.pdf
2026-05-11,FWD,fwd_home_legacy,家 ‧ 年華壽險計劃,life-savings,5Y_MONTHLY,MONTHLY,5,22,53,77999,36687,8052,87045,131785,168.96,47.04,20260511_FWD_LIFESAVING_HomeLegacy_PREMIUM1300_MONTHLY_5pay.pdf
2026-05-11,FWD,fwd_home_legacy,家 ‧ 年華壽險計劃,life-savings,5Y_MONTHLY,MONTHLY,5,23,54,77999,41617,8804,93865,144287,184.99,53.36,20260511_FWD_LIFESAVING_HomeLegacy_PREMIUM1300_MONTHLY_5pay.pdf
2026-05-11,FWD,fwd_home_legacy,家 ‧ 年華壽險計劃,life-savings,5Y_MONTHLY,MONTHLY,5,24,55,77999,47210,9607,102042,158860,203.67,60.53,20260511_FWD_LIFESAVING_HomeLegacy_PREMIUM1300_MONTHLY_5pay.pdf
2026-05-11,FWD,fwd_home_legacy,家 ‧ 年華壽險計劃,life-savings,5Y_MONTHLY,MONTHLY,5,25,56,77999,53554,10452,111876,175883,225.49,68.66,20260511_FWD_LIFESAVING_HomeLegacy_PREMIUM1300_MONTHLY_5pay.pdf
2026-05-11,FWD,fwd_home_legacy,家 ‧ 年華壽險計劃,life-savings,5Y_MONTHLY,MONTHLY,5,26,57,77999,57901,11350,117022,186274,238.82,74.23,20260511_FWD_LIFESAVING_HomeLegacy_PREMIUM1300_MONTHLY_5pay.pdf
2026-05-11,FWD,fwd_home_legacy,家 ‧ 年華壽險計劃,life-savings,5Y_MONTHLY,MONTHLY,5,27,58,77999,62598,12287,122694,197581,253.31,80.25,20260511_FWD_LIFESAVING_HomeLegacy_PREMIUM1300_MONTHLY_5pay.pdf
2026-05-11,FWD,fwd_home_legacy,家 ‧ 年華壽險計劃,life-savings,5Y_MONTHLY,MONTHLY,5,28,59,77999,67676,13277,128944,209898,269.1,86.77,20260511_FWD_LIFESAVING_HomeLegacy_PREMIUM1300_MONTHLY_5pay.pdf
2026-05-11,FWD,fwd_home_legacy,家 ‧ 年華壽險計劃,life-savings,5Y_MONTHLY,MONTHLY,5,29,60,77999,73165,14320,135840,223326,286.32,93.8,20260511_FWD_LIFESAVING_HomeLegacy_PREMIUM1300_MONTHLY_5pay.pdf
2026-05-11,FWD,fwd_home_legacy,家 ‧ 年華壽險計劃,life-savings,5Y_MONTHLY,MONTHLY,5,30,61,77999,80387,15415,142175,237979,305.11,103.06,20260511_FWD_LIFESAVING_HomeLegacy_PREMIUM1300_MONTHLY_5pay.pdf
2026-05-11,FWD,fwd_home_legacy,家 ‧ 年華壽險計劃,life-savings,5Y_MONTHLY,MONTHLY,5,31,62,77999,81070,16556,153464,251091,321.92,103.94,20260511_FWD_LIFESAVING_HomeLegacy_PREMIUM1300_MONTHLY_5pay.pdf
2026-05-11,FWD,fwd_home_legacy,家 ‧ 年華壽險計劃,life-savings,5Y_MONTHLY,MONTHLY,5,32,63,77999,81783,17750,165590,265124,339.91,104.85,20260511_FWD_LIFESAVING_HomeLegacy_PREMIUM1300_MONTHLY_5pay.pdf
2026-05-11,FWD,fwd_home_legacy,家 ‧ 年華壽險計劃,life-savings,5Y_MONTHLY,MONTHLY,5,33,64,77999,82529,19001,178627,280157,359.18,105.81,20260511_FWD_LIFESAVING_HomeLegacy_PREMIUM1300_MONTHLY_5pay.pdf
2026-05-11,FWD,fwd_home_legacy,家 ‧ 年華壽險計劃,life-savings,5Y_MONTHLY,MONTHLY,5,34,65,77999,83309,20311,192645,296267,379.83,106.81,20260511_FWD_LIFESAVING_HomeLegacy_PREMIUM1300_MONTHLY_5pay.pdf
2026-05-11,FWD,fwd_home_legacy,家 ‧ 年華壽險計劃,life-savings,5Y_MONTHLY,MONTHLY,5,35,66,77999,84120,21682,207734,313537,401.98,107.85,20260511_FWD_LIFESAVING_HomeLegacy_PREMIUM1300_MONTHLY_5pay.pdf
2026-05-11,FWD,fwd_home_legacy,家 ‧ 年華壽險計劃,life-savings,5Y_MONTHLY,MONTHLY,5,36,67,77999,84880,23119,224808,332808,426.68,108.82,20260511_FWD_LIFESAVING_HomeLegacy_PREMIUM1300_MONTHLY_5pay.pdf
2026-05-11,FWD,fwd_home_legacy,家 ‧ 年華壽險計劃,life-savings,5Y_MONTHLY,MONTHLY,5,37,68,77999,85666,24622,243286,353576,453.31,109.83,20260511_FWD_LIFESAVING_HomeLegacy_PREMIUM1300_MONTHLY_5pay.pdf
2026-05-11,FWD,fwd_home_legacy,家 ‧ 年華壽險計劃,life-savings,5Y_MONTHLY,MONTHLY,5,38,69,77999,86483,26196,263291,375971,482.02,110.88,20260511_FWD_LIFESAVING_HomeLegacy_PREMIUM1300_MONTHLY_5pay.pdf
2026-05-11,FWD,fwd_home_legacy,家 ‧ 年華壽險計劃,life-savings,5Y_MONTHLY,MONTHLY,5,39,70,77999,87332,27844,284963,400140,513.01,111.97,20260511_FWD_LIFESAVING_HomeLegacy_PREMIUM1300_MONTHLY_5pay.pdf
2026-05-11,FWD,fwd_home_legacy,家 ‧ 年華壽險計劃,life-savings,5Y_MONTHLY,MONTHLY,5,40,71,77999,88207,29566,308467,426240,546.47,113.09,20260511_FWD_LIFESAVING_HomeLegacy_PREMIUM1300_MONTHLY_5pay.pdf
2026-05-11,FWD,fwd_home_legacy,家 ‧ 年華壽險計劃,life-savings,5Y_MONTHLY,MONTHLY,5,41,72,77999,88994,31357,327847,448199,574.62,114.1,20260511_FWD_LIFESAVING_HomeLegacy_PREMIUM1300_MONTHLY_5pay.pdf
2026-05-11,FWD,fwd_home_legacy,家 ‧ 年華壽險計劃,life-savings,5Y_MONTHLY,MONTHLY,5,42,73,77999,89801,33231,348337,471370,604.33,115.13,20260511_FWD_LIFESAVING_HomeLegacy_PREMIUM1300_MONTHLY_5pay.pdf
2026-05-11,FWD,fwd_home_legacy,家 ‧ 年華壽險計劃,life-savings,5Y_MONTHLY,MONTHLY,5,43,74,77999,90635,35190,370006,495833,635.69,116.2,20260511_FWD_LIFESAVING_HomeLegacy_PREMIUM1300_MONTHLY_5pay.pdf
2026-05-11,FWD,fwd_home_legacy,家 ‧ 年華壽險計劃,life-savings,5Y_MONTHLY,MONTHLY,5,44,75,77999,91493,37237,392924,521655,668.8,117.3,20260511_FWD_LIFESAVING_HomeLegacy_PREMIUM1300_MONTHLY_5pay.pdf
2026-05-11,FWD,fwd_home_legacy,家 ‧ 年華壽險計劃,life-savings,5Y_MONTHLY,MONTHLY,5,45,76,77999,92374,39379,417173,548927,703.76,118.43,20260511_FWD_LIFESAVING_HomeLegacy_PREMIUM1300_MONTHLY_5pay.pdf
2026-05-11,FWD,fwd_home_legacy,家 ‧ 年華壽險計劃,life-savings,5Y_MONTHLY,MONTHLY,5,46,77,77999,93241,41610,442882,577734,740.69,119.54,20260511_FWD_LIFESAVING_HomeLegacy_PREMIUM1300_MONTHLY_5pay.pdf
2026-05-11,FWD,fwd_home_legacy,家 ‧ 年華壽險計劃,life-savings,5Y_MONTHLY,MONTHLY,5,47,78,77999,94131,43931,470097,608159,779.7,120.68,20260511_FWD_LIFESAVING_HomeLegacy_PREMIUM1300_MONTHLY_5pay.pdf
2026-05-11,FWD,fwd_home_legacy,家 ‧ 年華壽險計劃,life-savings,5Y_MONTHLY,MONTHLY,5,48,79,77999,95042,46347,498915,640305,820.91,121.85,20260511_FWD_LIFESAVING_HomeLegacy_PREMIUM1300_MONTHLY_5pay.pdf
2026-05-11,FWD,fwd_home_legacy,家 ‧ 年華壽險計劃,life-savings,5Y_MONTHLY,MONTHLY,5,49,80,77999,95979,48863,529430,674274,864.46,123.05,20260511_FWD_LIFESAVING_HomeLegacy_PREMIUM1300_MONTHLY_5pay.pdf
2026-05-11,FWD,fwd_home_legacy,家 ‧ 年華壽險計劃,life-savings,5Y_MONTHLY,MONTHLY,5,50,81,77999,96940,51479,561750,710170,910.49,124.28,20260511_FWD_LIFESAVING_HomeLegacy_PREMIUM1300_MONTHLY_5pay.pdf
2026-05-11,FWD,fwd_home_legacy,家 ‧ 年華壽險計劃,life-savings,5Y_MONTHLY,MONTHLY,5,51,82,77999,97928,54202,595986,748117,959.14,125.55,20260511_FWD_LIFESAVING_HomeLegacy_PREMIUM1300_MONTHLY_5pay.pdf
2026-05-11,FWD,fwd_home_legacy,家 ‧ 年華壽險計劃,life-savings,5Y_MONTHLY,MONTHLY,5,52,83,77999,98943,57036,632260,788240,1010.58,126.85,20260511_FWD_LIFESAVING_HomeLegacy_PREMIUM1300_MONTHLY_5pay.pdf
2026-05-11,FWD,fwd_home_legacy,家 ‧ 年華壽險計劃,life-savings,5Y_MONTHLY,MONTHLY,5,53,84,77999,99984,59985,670690,830660,1064.96,128.19,20260511_FWD_LIFESAVING_HomeLegacy_PREMIUM1300_MONTHLY_5pay.pdf
2026-05-11,FWD,fwd_home_legacy,家 ‧ 年華壽險計劃,life-savings,5Y_MONTHLY,MONTHLY,5,54,85,77999,101051,63051,711420,875524,1122.48,129.55,20260511_FWD_LIFESAVING_HomeLegacy_PREMIUM1300_MONTHLY_5pay.pdf
2026-05-11,FWD,fwd_home_legacy,家 ‧ 年華壽險計劃,life-savings,5Y_MONTHLY,MONTHLY,5,55,86,77999,102146,66241,754591,922978,1183.32,130.96,20260511_FWD_LIFESAVING_HomeLegacy_PREMIUM1300_MONTHLY_5pay.pdf
2026-05-11,FWD,fwd_home_legacy,家 ‧ 年華壽險計劃,life-savings,5Y_MONTHLY,MONTHLY,5,56,87,77999,103181,69550,800456,973187,1247.69,132.29,20260511_FWD_LIFESAVING_HomeLegacy_PREMIUM1300_MONTHLY_5pay.pdf
2026-05-11,FWD,fwd_home_legacy,家 ‧ 年華壽險計劃,life-savings,5Y_MONTHLY,MONTHLY,5,57,88,77999,104237,72983,849092,1026313,1315.8,133.64,20260511_FWD_LIFESAVING_HomeLegacy_PREMIUM1300_MONTHLY_5pay.pdf
2026-05-11,FWD,fwd_home_legacy,家 ‧ 年華壽險計劃,life-savings,5Y_MONTHLY,MONTHLY,5,58,89,77999,105316,76545,900674,1082536,1387.88,135.02,20260511_FWD_LIFESAVING_HomeLegacy_PREMIUM1300_MONTHLY_5pay.pdf
2026-05-11,FWD,fwd_home_legacy,家 ‧ 年華壽險計劃,life-savings,5Y_MONTHLY,MONTHLY,5,59,90,77999,106422,80241,955384,1142048,1464.18,136.44,20260511_FWD_LIFESAVING_HomeLegacy_PREMIUM1300_MONTHLY_5pay.pdf
2026-05-11,FWD,fwd_home_legacy,家 ‧ 年華壽險計劃,life-savings,5Y_MONTHLY,MONTHLY,5,60,91,77999,107552,84075,1013422,1205050,1544.96,137.89,20260511_FWD_LIFESAVING_HomeLegacy_PREMIUM1300_MONTHLY_5pay.pdf
2026-05-11,FWD,fwd_home_legacy,家 ‧ 年華壽險計劃,life-savings,5Y_MONTHLY,MONTHLY,5,61,92,77999,108711,88053,1074998,1271763,1630.49,139.37,20260511_FWD_LIFESAVING_HomeLegacy_PREMIUM1300_MONTHLY_5pay.pdf
2026-05-11,FWD,fwd_home_legacy,家 ‧ 年華壽險計劃,life-savings,5Y_MONTHLY,MONTHLY,5,62,93,77999,109897,92180,1140335,1342413,1721.06,140.9,20260511_FWD_LIFESAVING_HomeLegacy_PREMIUM1300_MONTHLY_5pay.pdf
2026-05-11,FWD,fwd_home_legacy,家 ‧ 年華壽險計劃,life-savings,5Y_MONTHLY,MONTHLY,5,63,94,77999,111107,96462,1209673,1417243,1817,142.45,20260511_FWD_LIFESAVING_HomeLegacy_PREMIUM1300_MONTHLY_5pay.pdf
2026-05-11,FWD,fwd_home_legacy,家 ‧ 年華壽險計劃,life-savings,5Y_MONTHLY,MONTHLY,5,64,95,77999,112349,100904,1283265,1496519,1918.64,144.04,20260511_FWD_LIFESAVING_HomeLegacy_PREMIUM1300_MONTHLY_5pay.pdf
2026-05-11,FWD,fwd_home_legacy,家 ‧ 年華壽險計劃,life-savings,5Y_MONTHLY,MONTHLY,5,65,96,77999,113615,105513,1361387,1580516,2026.33,145.66,20260511_FWD_LIFESAVING_HomeLegacy_PREMIUM1300_MONTHLY_5pay.pdf
2026-05-11,FWD,fwd_home_legacy,家 ‧ 年華壽險計劃,life-savings,5Y_MONTHLY,MONTHLY,5,66,97,77999,114792,110295,1437762,1662850,2131.89,147.17,20260511_FWD_LIFESAVING_HomeLegacy_PREMIUM1300_MONTHLY_5pay.pdf
2026-05-11,FWD,fwd_home_legacy,家 ‧ 年華壽險計劃,life-savings,5Y_MONTHLY,MONTHLY,5,67,98,77999,115993,115257,1518321,1749571,2243.07,148.71,20260511_FWD_LIFESAVING_HomeLegacy_PREMIUM1300_MONTHLY_5pay.pdf
2026-05-11,FWD,fwd_home_legacy,家 ‧ 年華壽險計劃,life-savings,5Y_MONTHLY,MONTHLY,5,68,99,77999,117217,120404,1603302,1840924,2360.19,150.28,20260511_FWD_LIFESAVING_HomeLegacy_PREMIUM1300_MONTHLY_5pay.pdf
2026-05-11,FWD,fwd_home_legacy,家 ‧ 年華壽險計劃,life-savings,5Y_MONTHLY,MONTHLY,5,69,100,77999,118462,125744,1692949,1937157,2483.57,151.88,20260511_FWD_LIFESAVING_HomeLegacy_PREMIUM1300_MONTHLY_5pay.pdf
2026-05-11,FWD,fwd_home_legacy,家 ‧ 年華壽險計劃,life-savings,5Y_MONTHLY,MONTHLY,5,70,101,77999,119338,131285,1783913,2034537,2608.41,153,20260511_FWD_LIFESAVING_HomeLegacy_PREMIUM1300_MONTHLY_5pay.pdf
2026-05-11,FWD,fwd_home_legacy,家 ‧ 年華壽險計劃,life-savings,5Y_MONTHLY,MONTHLY,5,71,102,77999,120222,137033,1879556,2136812,2739.54,154.13,20260511_FWD_LIFESAVING_HomeLegacy_PREMIUM1300_MONTHLY_5pay.pdf
2026-05-11,FWD,fwd_home_legacy,家 ‧ 年華壽險計劃,life-savings,5Y_MONTHLY,MONTHLY,5,72,103,77999,121112,142997,1980120,2244230,2877.25,155.27,20260511_FWD_LIFESAVING_HomeLegacy_PREMIUM1300_MONTHLY_5pay.pdf
2026-05-11,FWD,fwd_home_legacy,家 ‧ 年華壽險計劃,life-savings,5Y_MONTHLY,MONTHLY,5,73,104,77999,122011,149185,2085853,2357050,3021.9,156.43,20260511_FWD_LIFESAVING_HomeLegacy_PREMIUM1300_MONTHLY_5pay.pdf
2026-05-11,FWD,fwd_home_legacy,家 ‧ 年華壽險計劃,life-savings,5Y_MONTHLY,MONTHLY,5,74,105,77999,122916,155604,2197017,2475538,3173.81,157.59,20260511_FWD_LIFESAVING_HomeLegacy_PREMIUM1300_MONTHLY_5pay.pdf
2026-05-11,FWD,fwd_home_legacy,家 ‧ 年華壽險計劃,life-savings,5Y_MONTHLY,MONTHLY,5,75,106,77999,123824,162265,2313891,2599981,3333.35,158.75,20260511_FWD_LIFESAVING_HomeLegacy_PREMIUM1300_MONTHLY_5pay.pdf
2026-05-11,FWD,fwd_home_legacy,家 ‧ 年華壽險計劃,life-savings,5Y_MONTHLY,MONTHLY,5,76,107,77999,124744,169175,2436761,2730680,3500.92,159.93,20260511_FWD_LIFESAVING_HomeLegacy_PREMIUM1300_MONTHLY_5pay.pdf
2026-05-11,FWD,fwd_home_legacy,家 ‧ 年華壽險計劃,life-savings,5Y_MONTHLY,MONTHLY,5,77,108,77999,125667,176344,2565941,2867953,3676.91,161.11,20260511_FWD_LIFESAVING_HomeLegacy_PREMIUM1300_MONTHLY_5pay.pdf
2026-05-11,FWD,fwd_home_legacy,家 ‧ 年華壽險計劃,life-savings,5Y_MONTHLY,MONTHLY,5,78,109,77999,126598,183782,2701744,3012125,3861.75,162.31,20260511_FWD_LIFESAVING_HomeLegacy_PREMIUM1300_MONTHLY_5pay.pdf
2026-05-11,FWD,fwd_home_legacy,家 ‧ 年華壽險計劃,life-savings,5Y_MONTHLY,MONTHLY,5,79,110,77999,127536,191499,2844508,3163544,4055.88,163.51,20260511_FWD_LIFESAVING_HomeLegacy_PREMIUM1300_MONTHLY_5pay.pdf
2026-05-11,FWD,fwd_home_legacy,家 ‧ 年華壽險計劃,life-savings,5Y_MONTHLY,MONTHLY,5,80,111,77999,128482,199505,2994587,3322575,4259.77,164.72,20260511_FWD_LIFESAVING_HomeLegacy_PREMIUM1300_MONTHLY_5pay.pdf
2026-05-11,FWD,fwd_home_legacy,家 ‧ 年華壽險計劃,life-savings,5Y_MONTHLY,MONTHLY,5,81,112,77999,129434,207812,3152354,3489602,4473.91,165.94,20260511_FWD_LIFESAVING_HomeLegacy_PREMIUM1300_MONTHLY_5pay.pdf
2026-05-11,FWD,fwd_home_legacy,家 ‧ 年華壽險計劃,life-savings,5Y_MONTHLY,MONTHLY,5,82,113,77999,130393,216430,3318199,3665023,4698.81,167.17,20260511_FWD_LIFESAVING_HomeLegacy_PREMIUM1300_MONTHLY_5pay.pdf
2026-05-11,FWD,fwd_home_legacy,家 ‧ 年華壽險計劃,life-savings,5Y_MONTHLY,MONTHLY,5,83,114,77999,131357,225371,3492535,3849264,4935.02,168.41,20260511_FWD_LIFESAVING_HomeLegacy_PREMIUM1300_MONTHLY_5pay.pdf
2026-05-11,FWD,fwd_home_legacy,家 ‧ 年華壽險計劃,life-savings,5Y_MONTHLY,MONTHLY,5,84,115,77999,132330,234648,3675788,4042766,5183.1,169.66,20260511_FWD_LIFESAVING_HomeLegacy_PREMIUM1300_MONTHLY_5pay.pdf
2026-05-11,FWD,fwd_home_legacy,家 ‧ 年華壽險計劃,life-savings,5Y_MONTHLY,MONTHLY,5,85,116,77999,133312,244272,3868410,4245995,5443.65,170.92,20260511_FWD_LIFESAVING_HomeLegacy_PREMIUM1300_MONTHLY_5pay.pdf
2026-05-11,FWD,fwd_home_legacy,家 ‧ 年華壽險計劃,life-savings,5Y_MONTHLY,MONTHLY,5,86,117,77999,134300,254258,4070886,4459444,5717.31,172.18,20260511_FWD_LIFESAVING_HomeLegacy_PREMIUM1300_MONTHLY_5pay.pdf
2026-05-11,FWD,fwd_home_legacy,家 ‧ 年華壽險計劃,life-savings,5Y_MONTHLY,MONTHLY,5,87,118,77999,135293,264617,4283708,4683619,6004.72,173.45,20260511_FWD_LIFESAVING_HomeLegacy_PREMIUM1300_MONTHLY_5pay.pdf
2026-05-11,FWD,fwd_home_legacy,家 ‧ 年華壽險計劃,life-savings,5Y_MONTHLY,MONTHLY,5,88,119,77999,136296,275366,4507404,4919067,6306.58,174.74,20260511_FWD_LIFESAVING_HomeLegacy_PREMIUM1300_MONTHLY_5pay.pdf
2026-05-11,FWD,fwd_home_legacy,家 ‧ 年華壽險計劃,life-savings,5Y_MONTHLY,MONTHLY,5,89,120,77999,137307,286517,4742522,5166348,6623.61,176.04,20260511_FWD_LIFESAVING_HomeLegacy_PREMIUM1300_MONTHLY_5pay.pdf
2026-05-11,FWD,fwd_home_legacy,家 ‧ 年華壽險計劃,life-savings,OUT_OF_SCOPE,SINGLE,1,1,31,15599,3407,2,310,3720,23.8477,21.8411,20260510_FWD_LIFESAVING_HomeLegacy_USD15600_SINGLE.pdf
2026-05-11,FWD,fwd_home_legacy,家 ‧ 年華壽險計劃,life-savings,OUT_OF_SCOPE,SINGLE,1,2,32,15599,3528,6,999,4534,29.066,22.6168,20260510_FWD_LIFESAVING_HomeLegacy_USD15600_SINGLE.pdf
2026-05-11,FWD,fwd_home_legacy,家 ‧ 年華壽險計劃,life-savings,OUT_OF_SCOPE,SINGLE,1,3,33,15599,3653,17,1858,5529,35.4446,23.4182,20260510_FWD_LIFESAVING_HomeLegacy_USD15600_SINGLE.pdf
2026-05-11,FWD,fwd_home_legacy,家 ‧ 年華壽險計劃,life-savings,OUT_OF_SCOPE,SINGLE,1,4,34,15599,3783,34,2923,6741,43.2143,24.2516,20260510_FWD_LIFESAVING_HomeLegacy_USD15600_SINGLE.pdf
2026-05-11,FWD,fwd_home_legacy,家 ‧ 年華壽險計劃,life-savings,OUT_OF_SCOPE,SINGLE,1,5,35,15599,3916,58,4241,8217,52.6765,25.1042,20260510_FWD_LIFESAVING_HomeLegacy_USD15600_SINGLE.pdf
2026-05-11,FWD,fwd_home_legacy,家 ‧ 年華壽險計劃,life-savings,OUT_OF_SCOPE,SINGLE,1,10,40,15599,4588,221,7319,12129,77.755,29.4121,20260510_FWD_LIFESAVING_HomeLegacy_USD15600_SINGLE.pdf
2026-05-11,FWD,fwd_home_legacy,家 ‧ 年華壽險計劃,life-savings,OUT_OF_SCOPE,SINGLE,1,15,45,15599,5277,480,11782,17540,112.4431,33.8291,20260510_FWD_LIFESAVING_HomeLegacy_USD15600_SINGLE.pdf
2026-05-11,FWD,fwd_home_legacy,家 ‧ 年華壽險計劃,life-savings,OUT_OF_SCOPE,SINGLE,1,20,50,15599,6162,827,21193,28183,180.6718,39.5025,20260510_FWD_LIFESAVING_HomeLegacy_USD15600_SINGLE.pdf
2026-05-11,FWD,fwd_home_legacy,家 ‧ 年華壽險計劃,life-savings,OUT_OF_SCOPE,SINGLE,1,25,55,15599,16696,1297,30830,48824,312.9944,107.0325,20260510_FWD_LIFESAVING_HomeLegacy_USD15600_SINGLE.pdf
2026-05-11,FWD,fwd_home_legacy,家 ‧ 年華壽險計劃,life-savings,OUT_OF_SCOPE,SINGLE,1,30,60,15599,17807,1918,44439,64165,411.3405,114.1548,20260510_FWD_LIFESAVING_HomeLegacy_USD15600_SINGLE.pdf
