capture_date,insurer,product_family_id,product_name_zh,category,comparison_bucket,payment_mode,payment_term_years,policy_year,age,total_paid,guaranteed_cash_value,reversionary_bonus_cash_value,terminal_bonus_cash_value,total_surrender_value,surrender_to_paid_pct,guaranteed_to_paid_pct,pdf_file
2026-05-11,FWD,fwd_fortune_world_ii,盈聚‧天下 II 保險計劃,savings,2Y_ANNUAL,ANNUAL,2,1,31,15600,7800,0,0,7800,50.0,50.0,20260511_FWD_SAVING_FortuneWorldII_USD15600_ANNUAL_2pay.pdf
2026-05-11,FWD,fwd_fortune_world_ii,盈聚‧天下 II 保險計劃,savings,2Y_ANNUAL,ANNUAL,2,2,32,31200,15600,436,0,16036,51.397436,50.0,20260511_FWD_SAVING_FortuneWorldII_USD15600_ANNUAL_2pay.pdf
2026-05-11,FWD,fwd_fortune_world_ii,盈聚‧天下 II 保險計劃,savings,2Y_ANNUAL,ANNUAL,2,3,33,31200,18174,1313,4992,24479,78.458333,58.25,20260511_FWD_SAVING_FortuneWorldII_USD15600_ANNUAL_2pay.pdf
2026-05-11,FWD,fwd_fortune_world_ii,盈聚‧天下 II 保險計劃,savings,2Y_ANNUAL,ANNUAL,2,4,34,31200,19188,2198,5928,27314,87.544872,61.5,20260511_FWD_SAVING_FortuneWorldII_USD15600_ANNUAL_2pay.pdf
2026-05-11,FWD,fwd_fortune_world_ii,盈聚‧天下 II 保險計劃,savings,2Y_ANNUAL,ANNUAL,2,5,35,31200,20202,3089,9344,32635,104.599359,64.75,20260511_FWD_SAVING_FortuneWorldII_USD15600_ANNUAL_2pay.pdf
2026-05-11,FWD,fwd_fortune_world_ii,盈聚‧天下 II 保險計劃,savings,2Y_ANNUAL,ANNUAL,2,6,36,31200,21216,3987,9500,34703,111.227564,68.0,20260511_FWD_SAVING_FortuneWorldII_USD15600_ANNUAL_2pay.pdf
2026-05-11,FWD,fwd_fortune_world_ii,盈聚‧天下 II 保險計劃,savings,2Y_ANNUAL,ANNUAL,2,7,37,31200,22230,4893,10093,37216,119.282051,71.25,20260511_FWD_SAVING_FortuneWorldII_USD15600_ANNUAL_2pay.pdf
2026-05-11,FWD,fwd_fortune_world_ii,盈聚‧天下 II 保險計劃,savings,2Y_ANNUAL,ANNUAL,2,8,38,31200,22246,5805,11606,39658,127.108974,71.301282,20260511_FWD_SAVING_FortuneWorldII_USD15600_ANNUAL_2pay.pdf
2026-05-11,FWD,fwd_fortune_world_ii,盈聚‧天下 II 保險計劃,savings,2Y_ANNUAL,ANNUAL,2,9,39,31200,22261,6725,13119,42107,134.958333,71.349359,20260511_FWD_SAVING_FortuneWorldII_USD15600_ANNUAL_2pay.pdf
2026-05-11,FWD,fwd_fortune_world_ii,盈聚‧天下 II 保險計劃,savings,2Y_ANNUAL,ANNUAL,2,10,40,31200,22686,7653,16208,46548,149.192308,72.711538,20260511_FWD_SAVING_FortuneWorldII_USD15600_ANNUAL_2pay.pdf
2026-05-11,FWD,fwd_fortune_world_ii,盈聚‧天下 II 保險計劃,savings,2Y_ANNUAL,ANNUAL,2,11,41,31200,23287,8588,17768,49643,159.112179,74.637821,20260511_FWD_SAVING_FortuneWorldII_USD15600_ANNUAL_2pay.pdf
2026-05-11,FWD,fwd_fortune_world_ii,盈聚‧天下 II 保險計劃,savings,2Y_ANNUAL,ANNUAL,2,12,42,31200,24168,9530,19453,53151,170.355769,77.461538,20260511_FWD_SAVING_FortuneWorldII_USD15600_ANNUAL_2pay.pdf
2026-05-11,FWD,fwd_fortune_world_ii,盈聚‧天下 II 保險計劃,savings,2Y_ANNUAL,ANNUAL,2,13,43,31200,25358,10480,21325,57163,183.214744,81.275641,20260511_FWD_SAVING_FortuneWorldII_USD15600_ANNUAL_2pay.pdf
2026-05-11,FWD,fwd_fortune_world_ii,盈聚‧天下 II 保險計劃,savings,2Y_ANNUAL,ANNUAL,2,14,44,31200,26897,11437,24897,63232,202.666667,86.208333,20260511_FWD_SAVING_FortuneWorldII_USD15600_ANNUAL_2pay.pdf
2026-05-11,FWD,fwd_fortune_world_ii,盈聚‧天下 II 保險計劃,savings,2Y_ANNUAL,ANNUAL,2,15,45,31200,28837,12402,25677,66917,214.477564,92.426282,20260511_FWD_SAVING_FortuneWorldII_USD15600_ANNUAL_2pay.pdf
2026-05-11,FWD,fwd_fortune_world_ii,盈聚‧天下 II 保險計劃,savings,2Y_ANNUAL,ANNUAL,2,16,46,31200,31248,13375,28002,72625,232.772436,100.153846,20260511_FWD_SAVING_FortuneWorldII_USD15600_ANNUAL_2pay.pdf
2026-05-11,FWD,fwd_fortune_world_ii,盈聚‧天下 II 保險計劃,savings,2Y_ANNUAL,ANNUAL,2,17,47,31200,31290,14356,33477,79123,253.599359,100.288462,20260511_FWD_SAVING_FortuneWorldII_USD15600_ANNUAL_2pay.pdf
2026-05-11,FWD,fwd_fortune_world_ii,盈聚‧天下 II 保險計劃,savings,2Y_ANNUAL,ANNUAL,2,18,48,31200,31336,15344,39858,86539,277.36859,100.435897,20260511_FWD_SAVING_FortuneWorldII_USD15600_ANNUAL_2pay.pdf
2026-05-11,FWD,fwd_fortune_world_ii,盈聚‧天下 II 保險計劃,savings,2Y_ANNUAL,ANNUAL,2,19,49,31200,31388,16340,44647,92376,296.076923,100.602564,20260511_FWD_SAVING_FortuneWorldII_USD15600_ANNUAL_2pay.pdf
2026-05-11,FWD,fwd_fortune_world_ii,盈聚‧天下 II 保險計劃,savings,2Y_ANNUAL,ANNUAL,2,20,50,31200,31444,17345,49888,98678,316.275641,100.782051,20260511_FWD_SAVING_FortuneWorldII_USD15600_ANNUAL_2pay.pdf
2026-05-11,FWD,fwd_fortune_world_ii,盈聚‧天下 II 保險計劃,savings,2Y_ANNUAL,ANNUAL,2,21,51,31200,31560,18357,55816,105734,338.891026,101.153846,20260511_FWD_SAVING_FortuneWorldII_USD15600_ANNUAL_2pay.pdf
2026-05-11,FWD,fwd_fortune_world_ii,盈聚‧天下 II 保險計劃,savings,2Y_ANNUAL,ANNUAL,2,22,52,31200,31686,19378,62353,113417,363.516026,101.557692,20260511_FWD_SAVING_FortuneWorldII_USD15600_ANNUAL_2pay.pdf
2026-05-11,FWD,fwd_fortune_world_ii,盈聚‧天下 II 保險計劃,savings,2Y_ANNUAL,ANNUAL,2,23,53,31200,31823,20406,69560,121790,390.352564,101.996795,20260511_FWD_SAVING_FortuneWorldII_USD15600_ANNUAL_2pay.pdf
2026-05-11,FWD,fwd_fortune_world_ii,盈聚‧天下 II 保險計劃,savings,2Y_ANNUAL,ANNUAL,2,24,54,31200,31971,21443,77485,130900,419.551282,102.471154,20260511_FWD_SAVING_FortuneWorldII_USD15600_ANNUAL_2pay.pdf
2026-05-11,FWD,fwd_fortune_world_ii,盈聚‧天下 II 保險計劃,savings,2Y_ANNUAL,ANNUAL,2,25,55,31200,32130,22488,86190,140809,451.310897,102.980769,20260511_FWD_SAVING_FortuneWorldII_USD15600_ANNUAL_2pay.pdf
2026-05-11,FWD,fwd_fortune_world_ii,盈聚‧天下 II 保險計劃,savings,2Y_ANNUAL,ANNUAL,2,26,56,31200,32300,23542,95799,151642,486.032051,103.525641,20260511_FWD_SAVING_FortuneWorldII_USD15600_ANNUAL_2pay.pdf
2026-05-11,FWD,fwd_fortune_world_ii,盈聚‧天下 II 保險計劃,savings,2Y_ANNUAL,ANNUAL,2,27,57,31200,32481,24604,106376,163461,523.913462,104.105769,20260511_FWD_SAVING_FortuneWorldII_USD15600_ANNUAL_2pay.pdf
2026-05-11,FWD,fwd_fortune_world_ii,盈聚‧天下 II 保險計劃,savings,2Y_ANNUAL,ANNUAL,2,28,58,31200,32674,25674,118045,176393,565.362179,104.724359,20260511_FWD_SAVING_FortuneWorldII_USD15600_ANNUAL_2pay.pdf
2026-05-11,FWD,fwd_fortune_world_ii,盈聚‧天下 II 保險計劃,savings,2Y_ANNUAL,ANNUAL,2,29,59,31200,32878,26753,128216,187848,602.076923,105.378205,20260511_FWD_SAVING_FortuneWorldII_USD15600_ANNUAL_2pay.pdf
2026-05-11,FWD,fwd_fortune_world_ii,盈聚‧天下 II 保險計劃,savings,2Y_ANNUAL,ANNUAL,2,30,60,31200,33094,27841,139120,200056,641.205128,106.070513,20260511_FWD_SAVING_FortuneWorldII_USD15600_ANNUAL_2pay.pdf
2026-05-11,FWD,fwd_fortune_world_ii,盈聚‧天下 II 保險計劃,savings,2Y_ANNUAL,ANNUAL,2,31,61,31200,33195,28937,150930,213063,682.894231,106.394231,20260511_FWD_SAVING_FortuneWorldII_USD15600_ANNUAL_2pay.pdf
2026-05-11,FWD,fwd_fortune_world_ii,盈聚‧天下 II 保險計劃,savings,2Y_ANNUAL,ANNUAL,2,32,62,31200,33299,30042,163581,226924,727.320513,106.727564,20260511_FWD_SAVING_FortuneWorldII_USD15600_ANNUAL_2pay.pdf
2026-05-11,FWD,fwd_fortune_world_ii,盈聚‧天下 II 保險計劃,savings,2Y_ANNUAL,ANNUAL,2,33,63,31200,33406,31156,177106,241670,774.583333,107.070513,20260511_FWD_SAVING_FortuneWorldII_USD15600_ANNUAL_2pay.pdf
2026-05-11,FWD,fwd_fortune_world_ii,盈聚‧天下 II 保險計劃,savings,2Y_ANNUAL,ANNUAL,2,34,64,31200,33516,32279,191583,257379,824.932692,107.423077,20260511_FWD_SAVING_FortuneWorldII_USD15600_ANNUAL_2pay.pdf
2026-05-11,FWD,fwd_fortune_world_ii,盈聚‧天下 II 保險計劃,savings,2Y_ANNUAL,ANNUAL,2,35,65,31200,33628,33411,207058,274098,878.519231,107.782051,20260511_FWD_SAVING_FortuneWorldII_USD15600_ANNUAL_2pay.pdf
2026-05-11,FWD,fwd_fortune_world_ii,盈聚‧天下 II 保險計劃,savings,2Y_ANNUAL,ANNUAL,2,36,66,31200,33743,34552,223626,291921,935.644231,108.150641,20260511_FWD_SAVING_FortuneWorldII_USD15600_ANNUAL_2pay.pdf
2026-05-11,FWD,fwd_fortune_world_ii,盈聚‧天下 II 保險計劃,savings,2Y_ANNUAL,ANNUAL,2,37,67,31200,33861,35702,241332,310895,996.458333,108.528846,20260511_FWD_SAVING_FortuneWorldII_USD15600_ANNUAL_2pay.pdf
2026-05-11,FWD,fwd_fortune_world_ii,盈聚‧天下 II 保險計劃,savings,2Y_ANNUAL,ANNUAL,2,38,68,31200,33981,36861,260270,331113,1061.259615,108.913462,20260511_FWD_SAVING_FortuneWorldII_USD15600_ANNUAL_2pay.pdf
2026-05-11,FWD,fwd_fortune_world_ii,盈聚‧天下 II 保險計劃,savings,2Y_ANNUAL,ANNUAL,2,39,69,31200,34105,38029,280488,352622,1130.198718,109.310897,20260511_FWD_SAVING_FortuneWorldII_USD15600_ANNUAL_2pay.pdf
2026-05-11,FWD,fwd_fortune_world_ii,盈聚‧天下 II 保險計劃,savings,2Y_ANNUAL,ANNUAL,2,40,70,31200,34231,39207,302109,375548,1203.679487,109.714744,20260511_FWD_SAVING_FortuneWorldII_USD15600_ANNUAL_2pay.pdf
2026-05-11,FWD,fwd_fortune_world_ii,盈聚‧天下 II 保險計劃,savings,2Y_ANNUAL,ANNUAL,2,41,71,31200,34360,40395,325213,399968,1281.948718,110.128205,20260511_FWD_SAVING_FortuneWorldII_USD15600_ANNUAL_2pay.pdf
2026-05-11,FWD,fwd_fortune_world_ii,盈聚‧天下 II 保險計劃,savings,2Y_ANNUAL,ANNUAL,2,42,72,31200,34492,41591,349876,425960,1365.25641,110.551282,20260511_FWD_SAVING_FortuneWorldII_USD15600_ANNUAL_2pay.pdf
2026-05-11,FWD,fwd_fortune_world_ii,盈聚‧天下 II 保險計劃,savings,2Y_ANNUAL,ANNUAL,2,43,73,31200,34626,42798,376225,453650,1454.00641,110.980769,20260511_FWD_SAVING_FortuneWorldII_USD15600_ANNUAL_2pay.pdf
2026-05-11,FWD,fwd_fortune_world_ii,盈聚‧天下 II 保險計劃,savings,2Y_ANNUAL,ANNUAL,2,44,74,31200,34764,44014,404352,483130,1548.49359,111.423077,20260511_FWD_SAVING_FortuneWorldII_USD15600_ANNUAL_2pay.pdf
2026-05-11,FWD,fwd_fortune_world_ii,盈聚‧天下 II 保險計劃,savings,2Y_ANNUAL,ANNUAL,2,45,75,31200,34905,45239,434397,514542,1649.173077,111.875,20260511_FWD_SAVING_FortuneWorldII_USD15600_ANNUAL_2pay.pdf
2026-05-11,FWD,fwd_fortune_world_ii,盈聚‧天下 II 保險計劃,savings,2Y_ANNUAL,ANNUAL,2,46,76,31200,35049,46475,466455,547980,1756.346154,112.336538,20260511_FWD_SAVING_FortuneWorldII_USD15600_ANNUAL_2pay.pdf
2026-05-11,FWD,fwd_fortune_world_ii,盈聚‧天下 II 保險計劃,savings,2Y_ANNUAL,ANNUAL,2,47,77,31200,35195,47720,500697,583614,1870.557692,112.804487,20260511_FWD_SAVING_FortuneWorldII_USD15600_ANNUAL_2pay.pdf
2026-05-11,FWD,fwd_fortune_world_ii,盈聚‧天下 II 保險計劃,savings,2Y_ANNUAL,ANNUAL,2,48,78,31200,35345,48976,537217,621539,1992.112179,113.285256,20260511_FWD_SAVING_FortuneWorldII_USD15600_ANNUAL_2pay.pdf
2026-05-11,FWD,fwd_fortune_world_ii,盈聚‧天下 II 保險計劃,savings,2Y_ANNUAL,ANNUAL,2,49,79,31200,35498,50241,576201,661941,2121.605769,113.775641,20260511_FWD_SAVING_FortuneWorldII_USD15600_ANNUAL_2pay.pdf
2026-05-11,FWD,fwd_fortune_world_ii,盈聚‧天下 II 保險計劃,savings,2Y_ANNUAL,ANNUAL,2,50,80,31200,35655,51517,617791,704963,2259.496795,114.278846,20260511_FWD_SAVING_FortuneWorldII_USD15600_ANNUAL_2pay.pdf
2026-05-11,FWD,fwd_fortune_world_ii,盈聚‧天下 II 保險計劃,savings,2Y_ANNUAL,ANNUAL,2,51,81,31200,35772,52802,662220,750795,2406.394231,114.653846,20260511_FWD_SAVING_FortuneWorldII_USD15600_ANNUAL_2pay.pdf
2026-05-11,FWD,fwd_fortune_world_ii,盈聚‧天下 II 保險計劃,savings,2Y_ANNUAL,ANNUAL,2,52,82,31200,35892,54098,709597,799587,2562.778846,115.038462,20260511_FWD_SAVING_FortuneWorldII_USD15600_ANNUAL_2pay.pdf
2026-05-11,FWD,fwd_fortune_world_ii,盈聚‧天下 II 保險計劃,savings,2Y_ANNUAL,ANNUAL,2,53,83,31200,36012,55405,760156,851574,2729.403846,115.423077,20260511_FWD_SAVING_FortuneWorldII_USD15600_ANNUAL_2pay.pdf
2026-05-11,FWD,fwd_fortune_world_ii,盈聚‧天下 II 保險計劃,savings,2Y_ANNUAL,ANNUAL,2,54,84,31200,36133,56722,814070,906926,2906.814103,115.810897,20260511_FWD_SAVING_FortuneWorldII_USD15600_ANNUAL_2pay.pdf
2026-05-11,FWD,fwd_fortune_world_ii,盈聚‧天下 II 保險計劃,savings,2Y_ANNUAL,ANNUAL,2,55,85,31200,36257,58049,871572,965878,3095.762821,116.208333,20260511_FWD_SAVING_FortuneWorldII_USD15600_ANNUAL_2pay.pdf
2026-05-11,FWD,fwd_fortune_world_ii,盈聚‧天下 II 保險計劃,savings,2Y_ANNUAL,ANNUAL,2,56,86,31200,36381,59387,932880,1028648,3296.948718,116.605769,20260511_FWD_SAVING_FortuneWorldII_USD15600_ANNUAL_2pay.pdf
2026-05-11,FWD,fwd_fortune_world_ii,盈聚‧天下 II 保險計劃,savings,2Y_ANNUAL,ANNUAL,2,57,87,31200,36506,60736,998275,1095517,3511.272436,117.00641,20260511_FWD_SAVING_FortuneWorldII_USD15600_ANNUAL_2pay.pdf
2026-05-11,FWD,fwd_fortune_world_ii,盈聚‧天下 II 保險計劃,savings,2Y_ANNUAL,ANNUAL,2,58,88,31200,36633,62095,1067991,1166720,3739.487179,117.413462,20260511_FWD_SAVING_FortuneWorldII_USD15600_ANNUAL_2pay.pdf
2026-05-11,FWD,fwd_fortune_world_ii,盈聚‧天下 II 保險計劃,savings,2Y_ANNUAL,ANNUAL,2,59,89,31200,36761,63465,1142341,1242568,3982.589744,117.823718,20260511_FWD_SAVING_FortuneWorldII_USD15600_ANNUAL_2pay.pdf
2026-05-11,FWD,fwd_fortune_world_ii,盈聚‧天下 II 保險計劃,savings,2Y_ANNUAL,ANNUAL,2,60,90,31200,36891,64847,1221589,1323327,4241.432692,118.240385,20260511_FWD_SAVING_FortuneWorldII_USD15600_ANNUAL_2pay.pdf
2026-05-11,FWD,fwd_fortune_world_ii,盈聚‧天下 II 保險計劃,savings,2Y_ANNUAL,ANNUAL,2,61,91,31200,37022,66239,1306094,1409356,4517.166667,118.660256,20260511_FWD_SAVING_FortuneWorldII_USD15600_ANNUAL_2pay.pdf
2026-05-11,FWD,fwd_fortune_world_ii,盈聚‧天下 II 保險計劃,savings,2Y_ANNUAL,ANNUAL,2,62,92,31200,37154,67643,1396153,1500950,4810.737179,119.083333,20260511_FWD_SAVING_FortuneWorldII_USD15600_ANNUAL_2pay.pdf
2026-05-11,FWD,fwd_fortune_world_ii,盈聚‧天下 II 保險計劃,savings,2Y_ANNUAL,ANNUAL,2,63,93,31200,37287,69057,1492171,1598516,5123.448718,119.509615,20260511_FWD_SAVING_FortuneWorldII_USD15600_ANNUAL_2pay.pdf
2026-05-11,FWD,fwd_fortune_world_ii,盈聚‧天下 II 保險計劃,savings,2Y_ANNUAL,ANNUAL,2,64,94,31200,37422,70483,1594522,1702429,5456.503205,119.942308,20260511_FWD_SAVING_FortuneWorldII_USD15600_ANNUAL_2pay.pdf
2026-05-11,FWD,fwd_fortune_world_ii,盈聚‧天下 II 保險計劃,savings,2Y_ANNUAL,ANNUAL,2,65,95,31200,37559,71921,1703598,1813078,5811.147436,120.38141,20260511_FWD_SAVING_FortuneWorldII_USD15600_ANNUAL_2pay.pdf
2026-05-11,FWD,fwd_fortune_world_ii,盈聚‧天下 II 保險計劃,savings,2Y_ANNUAL,ANNUAL,2,66,96,31200,37696,73370,1819864,1930931,6188.88141,120.820513,20260511_FWD_SAVING_FortuneWorldII_USD15600_ANNUAL_2pay.pdf
2026-05-11,FWD,fwd_fortune_world_ii,盈聚‧天下 II 保險計劃,savings,2Y_ANNUAL,ANNUAL,2,67,97,31200,37835,74830,1943775,2056442,6591.160256,121.266026,20260511_FWD_SAVING_FortuneWorldII_USD15600_ANNUAL_2pay.pdf
2026-05-11,FWD,fwd_fortune_world_ii,盈聚‧天下 II 保險計劃,savings,2Y_ANNUAL,ANNUAL,2,68,98,31200,37976,76303,2075829,2190109,7019.580128,121.717949,20260511_FWD_SAVING_FortuneWorldII_USD15600_ANNUAL_2pay.pdf
2026-05-11,FWD,fwd_fortune_world_ii,盈聚‧天下 II 保險計劃,savings,2Y_ANNUAL,ANNUAL,2,69,99,31200,38118,77787,2216572,2332478,7475.891026,122.173077,20260511_FWD_SAVING_FortuneWorldII_USD15600_ANNUAL_2pay.pdf
2026-05-11,FWD,fwd_fortune_world_ii,盈聚‧天下 II 保險計劃,savings,2Y_ANNUAL,ANNUAL,2,70,100,31200,38261,79283,2366535,2484080,7961.794872,122.63141,20260511_FWD_SAVING_FortuneWorldII_USD15600_ANNUAL_2pay.pdf
2026-05-11,FWD,fwd_fortune_world_ii,盈聚‧天下 II 保險計劃,savings,2Y_ANNUAL,ANNUAL,2,71,101,31200,38406,80791,2526357,2645555,8479.342949,123.096154,20260511_FWD_SAVING_FortuneWorldII_USD15600_ANNUAL_2pay.pdf
2026-05-11,FWD,fwd_fortune_world_ii,盈聚‧天下 II 保險計劃,savings,2Y_ANNUAL,ANNUAL,2,72,102,31200,38552,82310,2696647,2817511,9030.483974,123.564103,20260511_FWD_SAVING_FortuneWorldII_USD15600_ANNUAL_2pay.pdf
2026-05-11,FWD,fwd_fortune_world_ii,盈聚‧天下 II 保險計劃,savings,2Y_ANNUAL,ANNUAL,2,73,103,31200,38700,83843,2878106,3000650,9617.467949,124.038462,20260511_FWD_SAVING_FortuneWorldII_USD15600_ANNUAL_2pay.pdf
2026-05-11,FWD,fwd_fortune_world_ii,盈聚‧天下 II 保險計劃,savings,2Y_ANNUAL,ANNUAL,2,74,104,31200,38850,85387,3071452,3195690,10242.596154,124.519231,20260511_FWD_SAVING_FortuneWorldII_USD15600_ANNUAL_2pay.pdf
2026-05-11,FWD,fwd_fortune_world_ii,盈聚‧天下 II 保險計劃,savings,2Y_ANNUAL,ANNUAL,2,75,105,31200,39000,86944,3277466,3403411,10908.36859,125.0,20260511_FWD_SAVING_FortuneWorldII_USD15600_ANNUAL_2pay.pdf
2026-05-11,FWD,fwd_fortune_world_ii,盈聚‧天下 II 保險計劃,savings,2Y_ANNUAL,ANNUAL,2,76,106,31200,39153,88513,3496974,3624640,11617.435897,125.490385,20260511_FWD_SAVING_FortuneWorldII_USD15600_ANNUAL_2pay.pdf
2026-05-11,FWD,fwd_fortune_world_ii,盈聚‧天下 II 保險計劃,savings,2Y_ANNUAL,ANNUAL,2,77,107,31200,39307,90094,3730833,3860235,12372.548077,125.983974,20260511_FWD_SAVING_FortuneWorldII_USD15600_ANNUAL_2pay.pdf
2026-05-11,FWD,fwd_fortune_world_ii,盈聚‧天下 II 保險計劃,savings,2Y_ANNUAL,ANNUAL,2,78,108,31200,39462,91689,3979996,4111148,13176.75641,126.480769,20260511_FWD_SAVING_FortuneWorldII_USD15600_ANNUAL_2pay.pdf
2026-05-11,FWD,fwd_fortune_world_ii,盈聚‧天下 II 保險計劃,savings,2Y_ANNUAL,ANNUAL,2,79,109,31200,39619,93296,4245462,4378378,14033.262821,126.983974,20260511_FWD_SAVING_FortuneWorldII_USD15600_ANNUAL_2pay.pdf
2026-05-11,FWD,fwd_fortune_world_ii,盈聚‧天下 II 保險計劃,savings,2Y_ANNUAL,ANNUAL,2,80,110,31200,39778,94916,4528274,4662968,14945.410256,127.49359,20260511_FWD_SAVING_FortuneWorldII_USD15600_ANNUAL_2pay.pdf
2026-05-11,FWD,fwd_fortune_world_ii,盈聚‧天下 II 保險計劃,savings,2Y_ANNUAL,ANNUAL,2,81,111,31200,39938,96549,4829572,4966060,15916.858974,128.00641,20260511_FWD_SAVING_FortuneWorldII_USD15600_ANNUAL_2pay.pdf
2026-05-11,FWD,fwd_fortune_world_ii,盈聚‧天下 II 保險計劃,savings,2Y_ANNUAL,ANNUAL,2,82,112,31200,40100,98195,5150574,5288869,16951.503205,128.525641,20260511_FWD_SAVING_FortuneWorldII_USD15600_ANNUAL_2pay.pdf
2026-05-11,FWD,fwd_fortune_world_ii,盈聚‧天下 II 保險計劃,savings,2Y_ANNUAL,ANNUAL,2,83,113,31200,40263,99854,5492526,5632643,18053.342949,129.048077,20260511_FWD_SAVING_FortuneWorldII_USD15600_ANNUAL_2pay.pdf
2026-05-11,FWD,fwd_fortune_world_ii,盈聚‧天下 II 保險計劃,savings,2Y_ANNUAL,ANNUAL,2,84,114,31200,40428,101526,5856801,5998756,19226.782051,129.576923,20260511_FWD_SAVING_FortuneWorldII_USD15600_ANNUAL_2pay.pdf
2026-05-11,FWD,fwd_fortune_world_ii,盈聚‧天下 II 保險計劃,savings,2Y_ANNUAL,ANNUAL,2,85,115,31200,40595,103212,6244867,6388675,20476.522436,130.112179,20260511_FWD_SAVING_FortuneWorldII_USD15600_ANNUAL_2pay.pdf
2026-05-11,FWD,fwd_fortune_world_ii,盈聚‧天下 II 保險計劃,savings,2Y_ANNUAL,ANNUAL,2,86,116,31200,40763,104912,6658267,6803942,21807.50641,130.650641,20260511_FWD_SAVING_FortuneWorldII_USD15600_ANNUAL_2pay.pdf
2026-05-11,FWD,fwd_fortune_world_ii,盈聚‧天下 II 保險計劃,savings,2Y_ANNUAL,ANNUAL,2,87,117,31200,40933,106624,7098639,7246197,23224.990385,131.195513,20260511_FWD_SAVING_FortuneWorldII_USD15600_ANNUAL_2pay.pdf
2026-05-11,FWD,fwd_fortune_world_ii,盈聚‧天下 II 保險計劃,savings,2Y_ANNUAL,ANNUAL,2,88,118,31200,41105,108351,7567747,7717203,24734.625,131.746795,20260511_FWD_SAVING_FortuneWorldII_USD15600_ANNUAL_2pay.pdf
2026-05-11,FWD,fwd_fortune_world_ii,盈聚‧天下 II 保險計劃,savings,2Y_ANNUAL,ANNUAL,2,89,119,31200,41278,110091,8067462,8218832,26342.410256,132.301282,20260511_FWD_SAVING_FortuneWorldII_USD15600_ANNUAL_2pay.pdf
2026-05-11,FWD,fwd_fortune_world_ii,盈聚‧天下 II 保險計劃,savings,2Y_ANNUAL,ANNUAL,2,90,120,31200,41453,111846,8599749,8753049,28054.644231,132.862179,20260511_FWD_SAVING_FortuneWorldII_USD15600_ANNUAL_2pay.pdf
2026-05-11,FWD,fwd_fortune_world_ii,盈聚‧天下 II 保險計劃,savings,2Y_ANNUAL,ANNUAL,2,91,121,31200,41630,113614,9166747,9321992,29878.179487,133.429487,20260511_FWD_SAVING_FortuneWorldII_USD15600_ANNUAL_2pay.pdf
2026-05-11,FWD,fwd_fortune_world_ii,盈聚‧天下 II 保險計劃,savings,2Y_ANNUAL,ANNUAL,2,92,122,31200,41809,115397,9770716,9927923,31820.266026,134.003205,20260511_FWD_SAVING_FortuneWorldII_USD15600_ANNUAL_2pay.pdf
2026-05-11,FWD,fwd_fortune_world_ii,盈聚‧天下 II 保險計劃,savings,2Y_ANNUAL,ANNUAL,2,93,123,31200,41989,117193,10414060,10573244,33888.602564,134.580128,20260511_FWD_SAVING_FortuneWorldII_USD15600_ANNUAL_2pay.pdf
2026-05-11,FWD,fwd_fortune_world_ii,盈聚‧天下 II 保險計劃,savings,2Y_ANNUAL,ANNUAL,2,94,124,31200,42171,119005,11099322,11260498,36091.339744,135.163462,20260511_FWD_SAVING_FortuneWorldII_USD15600_ANNUAL_2pay.pdf
2026-05-11,FWD,fwd_fortune_world_ii,盈聚‧天下 II 保險計劃,savings,2Y_ANNUAL,ANNUAL,2,95,125,31200,42355,120830,11829246,11992432,38437.282051,135.753205,20260511_FWD_SAVING_FortuneWorldII_USD15600_ANNUAL_2pay.pdf
2026-05-11,FWD,fwd_fortune_world_ii,盈聚‧天下 II 保險計劃,savings,2Y_ANNUAL,ANNUAL,2,96,126,31200,42541,122670,12606734,12771946,40935.724359,136.349359,20260511_FWD_SAVING_FortuneWorldII_USD15600_ANNUAL_2pay.pdf
2026-05-11,FWD,fwd_fortune_world_ii,盈聚‧天下 II 保險計劃,savings,2Y_ANNUAL,ANNUAL,2,97,127,31200,42729,124525,13434876,13602131,43596.573718,136.951923,20260511_FWD_SAVING_FortuneWorldII_USD15600_ANNUAL_2pay.pdf
2026-05-11,FWD,fwd_fortune_world_ii,盈聚‧天下 II 保險計劃,savings,2Y_ANNUAL,ANNUAL,2,98,128,31200,42918,126395,14316946,14486261,46430.323718,137.557692,20260511_FWD_SAVING_FortuneWorldII_USD15600_ANNUAL_2pay.pdf
2026-05-11,FWD,fwd_fortune_world_ii,盈聚‧天下 II 保險計劃,savings,2Y_ANNUAL,ANNUAL,2,99,129,31200,43109,128280,15256488,15427878,49448.326923,138.169872,20260511_FWD_SAVING_FortuneWorldII_USD15600_ANNUAL_2pay.pdf
2026-05-11,FWD,fwd_fortune_world_ii,盈聚‧天下 II 保險計劃,savings,2Y_ANNUAL,ANNUAL,2,100,130,31200,43303,130180,16257196,16430680,52662.435897,138.791667,20260511_FWD_SAVING_FortuneWorldII_USD15600_ANNUAL_2pay.pdf
2026-05-11,FWD,fwd_fortune_world_ii,盈聚‧天下 II 保險計劃,savings,2Y_ANNUAL,ANNUAL,2,101,131,31200,43446,132095,17323129,17498670,56085.480769,139.25,20260511_FWD_SAVING_FortuneWorldII_USD15600_ANNUAL_2pay.pdf
2026-05-11,FWD,fwd_fortune_world_ii,盈聚‧天下 II 保險計劃,savings,2Y_ANNUAL,ANNUAL,2,102,132,31200,43589,134025,18458481,18636096,59731.076923,139.708333,20260511_FWD_SAVING_FortuneWorldII_USD15600_ANNUAL_2pay.pdf
2026-05-11,FWD,fwd_fortune_world_ii,盈聚‧天下 II 保險計劃,savings,2Y_ANNUAL,ANNUAL,2,103,133,31200,43733,135971,19667731,19847436,63613.576923,140.169872,20260511_FWD_SAVING_FortuneWorldII_USD15600_ANNUAL_2pay.pdf
2026-05-11,FWD,fwd_fortune_world_ii,盈聚‧天下 II 保險計劃,savings,2Y_ANNUAL,ANNUAL,2,104,134,31200,43877,137932,20955714,21137524,67748.474359,140.63141,20260511_FWD_SAVING_FortuneWorldII_USD15600_ANNUAL_2pay.pdf
2026-05-11,FWD,fwd_fortune_world_ii,盈聚‧天下 II 保險計劃,savings,2Y_ANNUAL,ANNUAL,2,105,135,31200,44022,139909,22327531,22511463,72152.125,141.096154,20260511_FWD_SAVING_FortuneWorldII_USD15600_ANNUAL_2pay.pdf
2026-05-11,FWD,fwd_fortune_world_ii,盈聚‧天下 II 保險計劃,savings,2Y_ANNUAL,ANNUAL,2,106,136,31200,44167,141902,23788642,23974713,76842.028846,141.560897,20260511_FWD_SAVING_FortuneWorldII_USD15600_ANNUAL_2pay.pdf
2026-05-11,FWD,fwd_fortune_world_ii,盈聚‧天下 II 保險計劃,savings,2Y_ANNUAL,ANNUAL,2,107,137,31200,44313,143911,25344836,25533061,81836.733974,142.028846,20260511_FWD_SAVING_FortuneWorldII_USD15600_ANNUAL_2pay.pdf
2026-05-11,FWD,fwd_fortune_world_ii,盈聚‧天下 II 保險計劃,savings,2Y_ANNUAL,ANNUAL,2,108,138,31200,44459,145936,27002320,27192717,87156.144231,142.496795,20260511_FWD_SAVING_FortuneWorldII_USD15600_ANNUAL_2pay.pdf
2026-05-11,FWD,fwd_fortune_world_ii,盈聚‧天下 II 保險計劃,savings,2Y_MONTHLY,MONTHLY,2,1,31,15599,7222,0,0,7222,46.29784,46.29784,20260511_FWD_SAVING_FortuneWorldII_TARGET1300_ACTUAL1299.96_MONTHLY_2pay_STANDARD_ROUNDED.pdf
2026-05-11,FWD,fwd_fortune_world_ii,盈聚‧天下 II 保險計劃,savings,2Y_MONTHLY,MONTHLY,2,2,32,31199,14444,404,0,14848,47.591269,46.296356,20260511_FWD_SAVING_FortuneWorldII_TARGET1300_ACTUAL1299.96_MONTHLY_2pay_STANDARD_ROUNDED.pdf
2026-05-11,FWD,fwd_fortune_world_ii,盈聚‧天下 II 保險計劃,savings,2Y_MONTHLY,MONTHLY,2,3,33,31199,16827,1216,4622,22665,72.646559,53.934421,20260511_FWD_SAVING_FortuneWorldII_TARGET1300_ACTUAL1299.96_MONTHLY_2pay_STANDARD_ROUNDED.pdf
2026-05-11,FWD,fwd_fortune_world_ii,盈聚‧天下 II 保險計劃,savings,2Y_MONTHLY,MONTHLY,2,4,34,31199,17766,2035,5488,25289,81.057085,56.944133,20260511_FWD_SAVING_FortuneWorldII_TARGET1300_ACTUAL1299.96_MONTHLY_2pay_STANDARD_ROUNDED.pdf
2026-05-11,FWD,fwd_fortune_world_ii,盈聚‧天下 II 保險計劃,savings,2Y_MONTHLY,MONTHLY,2,5,35,31199,18704,2860,8651,30217,96.852463,59.950639,20260511_FWD_SAVING_FortuneWorldII_TARGET1300_ACTUAL1299.96_MONTHLY_2pay_STANDARD_ROUNDED.pdf
2026-05-11,FWD,fwd_fortune_world_ii,盈聚‧天下 II 保險計劃,savings,2Y_MONTHLY,MONTHLY,2,6,36,31199,19643,3692,8796,32132,102.99048,62.960351,20260511_FWD_SAVING_FortuneWorldII_TARGET1300_ACTUAL1299.96_MONTHLY_2pay_STANDARD_ROUNDED.pdf
2026-05-11,FWD,fwd_fortune_world_ii,盈聚‧天下 II 保險計劃,savings,2Y_MONTHLY,MONTHLY,2,7,37,31199,20582,4530,9345,34458,110.445848,65.970063,20260511_FWD_SAVING_FortuneWorldII_TARGET1300_ACTUAL1299.96_MONTHLY_2pay_STANDARD_ROUNDED.pdf
2026-05-11,FWD,fwd_fortune_world_ii,盈聚‧天下 II 保險計劃,savings,2Y_MONTHLY,MONTHLY,2,8,38,31199,20597,5375,10746,36719,117.692875,66.018142,20260511_FWD_SAVING_FortuneWorldII_TARGET1300_ACTUAL1299.96_MONTHLY_2pay_STANDARD_ROUNDED.pdf
2026-05-11,FWD,fwd_fortune_world_ii,盈聚‧天下 II 保險計劃,savings,2Y_MONTHLY,MONTHLY,2,9,39,31199,20612,6227,12147,38987,124.962339,66.06622,20260511_FWD_SAVING_FortuneWorldII_TARGET1300_ACTUAL1299.96_MONTHLY_2pay_STANDARD_ROUNDED.pdf
2026-05-11,FWD,fwd_fortune_world_ii,盈聚‧天下 II 保險計劃,savings,2Y_MONTHLY,MONTHLY,2,10,40,31199,21005,7086,15007,43098,138.139043,67.325876,20260511_FWD_SAVING_FortuneWorldII_TARGET1300_ACTUAL1299.96_MONTHLY_2pay_STANDARD_ROUNDED.pdf
2026-05-11,FWD,fwd_fortune_world_ii,盈聚‧天下 II 保險計劃,savings,2Y_MONTHLY,MONTHLY,2,11,41,31199,21561,7951,16451,45964,147.325235,69.107984,20260511_FWD_SAVING_FortuneWorldII_TARGET1300_ACTUAL1299.96_MONTHLY_2pay_STANDARD_ROUNDED.pdf
2026-05-11,FWD,fwd_fortune_world_ii,盈聚‧天下 II 保險計劃,savings,2Y_MONTHLY,MONTHLY,2,12,42,31199,22377,8824,18011,49213,157.73903,71.723453,20260511_FWD_SAVING_FortuneWorldII_TARGET1300_ACTUAL1299.96_MONTHLY_2pay_STANDARD_ROUNDED.pdf
2026-05-11,FWD,fwd_fortune_world_ii,盈聚‧天下 II 保險計劃,savings,2Y_MONTHLY,MONTHLY,2,13,43,31199,23479,9703,19744,52927,169.643258,75.255617,20260511_FWD_SAVING_FortuneWorldII_TARGET1300_ACTUAL1299.96_MONTHLY_2pay_STANDARD_ROUNDED.pdf
2026-05-11,FWD,fwd_fortune_world_ii,盈聚‧天下 II 保險計劃,savings,2Y_MONTHLY,MONTHLY,2,14,44,31199,24904,10590,23052,58546,187.65345,79.823071,20260511_FWD_SAVING_FortuneWorldII_TARGET1300_ACTUAL1299.96_MONTHLY_2pay_STANDARD_ROUNDED.pdf
2026-05-11,FWD,fwd_fortune_world_ii,盈聚‧天下 II 保險計劃,savings,2Y_MONTHLY,MONTHLY,2,15,45,31199,26700,11483,23774,61958,198.589698,85.579666,20260511_FWD_SAVING_FortuneWorldII_TARGET1300_ACTUAL1299.96_MONTHLY_2pay_STANDARD_ROUNDED.pdf
2026-05-11,FWD,fwd_fortune_world_ii,盈聚‧天下 II 保險計劃,savings,2Y_MONTHLY,MONTHLY,2,16,46,31199,28932,12384,25926,67244,215.532549,92.733741,20260511_FWD_SAVING_FortuneWorldII_TARGET1300_ACTUAL1299.96_MONTHLY_2pay_STANDARD_ROUNDED.pdf
2026-05-11,FWD,fwd_fortune_world_ii,盈聚‧天下 II 保險計劃,savings,2Y_MONTHLY,MONTHLY,2,17,47,31199,28971,13292,30996,73260,234.815218,92.858745,20260511_FWD_SAVING_FortuneWorldII_TARGET1300_ACTUAL1299.96_MONTHLY_2pay_STANDARD_ROUNDED.pdf
2026-05-11,FWD,fwd_fortune_world_ii,盈聚‧天下 II 保險計劃,savings,2Y_MONTHLY,MONTHLY,2,18,48,31199,29014,14207,36904,80126,256.822334,92.99657,20260511_FWD_SAVING_FortuneWorldII_TARGET1300_ACTUAL1299.96_MONTHLY_2pay_STANDARD_ROUNDED.pdf
2026-05-11,FWD,fwd_fortune_world_ii,盈聚‧天下 II 保險計劃,savings,2Y_MONTHLY,MONTHLY,2,19,49,31199,29062,15130,41338,85530,274.143402,93.150421,20260511_FWD_SAVING_FortuneWorldII_TARGET1300_ACTUAL1299.96_MONTHLY_2pay_STANDARD_ROUNDED.pdf
2026-05-11,FWD,fwd_fortune_world_ii,盈聚‧天下 II 保險計劃,savings,2Y_MONTHLY,MONTHLY,2,20,50,31199,29114,16059,46191,91366,292.84913,93.317093,20260511_FWD_SAVING_FortuneWorldII_TARGET1300_ACTUAL1299.96_MONTHLY_2pay_STANDARD_ROUNDED.pdf
2026-05-11,FWD,fwd_fortune_world_ii,盈聚‧天下 II 保險計劃,savings,2Y_MONTHLY,MONTHLY,2,21,51,31199,29221,16997,51680,97899,313.788903,93.660053,20260511_FWD_SAVING_FortuneWorldII_TARGET1300_ACTUAL1299.96_MONTHLY_2pay_STANDARD_ROUNDED.pdf
2026-05-11,FWD,fwd_fortune_world_ii,盈聚‧天下 II 保險計劃,savings,2Y_MONTHLY,MONTHLY,2,22,52,31199,29338,17942,57732,105013,336.590916,94.035065,20260511_FWD_SAVING_FortuneWorldII_TARGET1300_ACTUAL1299.96_MONTHLY_2pay_STANDARD_ROUNDED.pdf
2026-05-11,FWD,fwd_fortune_world_ii,盈聚‧天下 II 保險計劃,savings,2Y_MONTHLY,MONTHLY,2,23,53,31199,29465,18894,64405,112765,361.437867,94.44213,20260511_FWD_SAVING_FortuneWorldII_TARGET1300_ACTUAL1299.96_MONTHLY_2pay_STANDARD_ROUNDED.pdf
2026-05-11,FWD,fwd_fortune_world_ii,盈聚‧天下 II 保險計劃,savings,2Y_MONTHLY,MONTHLY,2,24,54,31199,29602,19854,71743,121200,388.47399,94.881246,20260511_FWD_SAVING_FortuneWorldII_TARGET1300_ACTUAL1299.96_MONTHLY_2pay_STANDARD_ROUNDED.pdf
2026-05-11,FWD,fwd_fortune_world_ii,盈聚‧天下 II 保險計劃,savings,2Y_MONTHLY,MONTHLY,2,25,55,31199,29749,20822,79803,130374,417.878778,95.352415,20260511_FWD_SAVING_FortuneWorldII_TARGET1300_ACTUAL1299.96_MONTHLY_2pay_STANDARD_ROUNDED.pdf
2026-05-11,FWD,fwd_fortune_world_ii,盈聚‧天下 II 保險計劃,savings,2Y_MONTHLY,MONTHLY,2,26,56,31199,29906,21797,88700,140405,450.03045,95.855636,20260511_FWD_SAVING_FortuneWorldII_TARGET1300_ACTUAL1299.96_MONTHLY_2pay_STANDARD_ROUNDED.pdf
2026-05-11,FWD,fwd_fortune_world_ii,盈聚‧天下 II 保險計劃,savings,2Y_MONTHLY,MONTHLY,2,27,57,31199,30074,22780,98493,151349,485.108497,96.394115,20260511_FWD_SAVING_FortuneWorldII_TARGET1300_ACTUAL1299.96_MONTHLY_2pay_STANDARD_ROUNDED.pdf
2026-05-11,FWD,fwd_fortune_world_ii,盈聚‧天下 II 保險計劃,savings,2Y_MONTHLY,MONTHLY,2,28,58,31199,30252,23772,109297,163322,523.484727,96.964646,20260511_FWD_SAVING_FortuneWorldII_TARGET1300_ACTUAL1299.96_MONTHLY_2pay_STANDARD_ROUNDED.pdf
2026-05-11,FWD,fwd_fortune_world_ii,盈聚‧天下 II 保險計劃,savings,2Y_MONTHLY,MONTHLY,2,29,59,31199,30441,24771,118715,173928,557.479406,97.570435,20260511_FWD_SAVING_FortuneWorldII_TARGET1300_ACTUAL1299.96_MONTHLY_2pay_STANDARD_ROUNDED.pdf
2026-05-11,FWD,fwd_fortune_world_ii,盈聚‧天下 II 保險計劃,savings,2Y_MONTHLY,MONTHLY,2,30,60,31199,30641,25778,128811,185231,593.708132,98.211481,20260511_FWD_SAVING_FortuneWorldII_TARGET1300_ACTUAL1299.96_MONTHLY_2pay_STANDARD_ROUNDED.pdf
2026-05-11,FWD,fwd_fortune_world_ii,盈聚‧天下 II 保險計劃,savings,2Y_MONTHLY,MONTHLY,2,31,61,31199,30735,26793,139745,197274,632.308728,98.512773,20260511_FWD_SAVING_FortuneWorldII_TARGET1300_ACTUAL1299.96_MONTHLY_2pay_STANDARD_ROUNDED.pdf
2026-05-11,FWD,fwd_fortune_world_ii,盈聚‧天下 II 保險計劃,savings,2Y_MONTHLY,MONTHLY,2,32,62,31199,30832,27816,151459,210108,673.444662,98.82368,20260511_FWD_SAVING_FortuneWorldII_TARGET1300_ACTUAL1299.96_MONTHLY_2pay_STANDARD_ROUNDED.pdf
2026-05-11,FWD,fwd_fortune_world_ii,盈聚‧天下 II 保險計劃,savings,2Y_MONTHLY,MONTHLY,2,33,63,31199,30931,28847,163982,223761,717.20568,99.140998,20260511_FWD_SAVING_FortuneWorldII_TARGET1300_ACTUAL1299.96_MONTHLY_2pay_STANDARD_ROUNDED.pdf
2026-05-11,FWD,fwd_fortune_world_ii,盈聚‧天下 II 保險計劃,savings,2Y_MONTHLY,MONTHLY,2,34,64,31199,31032,29887,177386,238306,763.825764,99.464726,20260511_FWD_SAVING_FortuneWorldII_TARGET1300_ACTUAL1299.96_MONTHLY_2pay_STANDARD_ROUNDED.pdf
2026-05-11,FWD,fwd_fortune_world_ii,盈聚‧天下 II 保險計劃,savings,2Y_MONTHLY,MONTHLY,2,35,65,31199,31136,30935,191715,253787,813.445944,99.79807,20260511_FWD_SAVING_FortuneWorldII_TARGET1300_ACTUAL1299.96_MONTHLY_2pay_STANDARD_ROUNDED.pdf
2026-05-11,FWD,fwd_fortune_world_ii,盈聚‧天下 II 保險計劃,savings,2Y_MONTHLY,MONTHLY,2,36,66,31199,31242,31991,207054,270289,866.338665,100.137825,20260511_FWD_SAVING_FortuneWorldII_TARGET1300_ACTUAL1299.96_MONTHLY_2pay_STANDARD_ROUNDED.pdf
2026-05-11,FWD,fwd_fortune_world_ii,盈聚‧天下 II 保險計劃,savings,2Y_MONTHLY,MONTHLY,2,37,67,31199,31352,33056,223448,287857,922.648162,100.4904,20260511_FWD_SAVING_FortuneWorldII_TARGET1300_ACTUAL1299.96_MONTHLY_2pay_STANDARD_ROUNDED.pdf
2026-05-11,FWD,fwd_fortune_world_ii,盈聚‧天下 II 保險計劃,savings,2Y_MONTHLY,MONTHLY,2,38,68,31199,31463,34129,240983,306577,982.650085,100.846181,20260511_FWD_SAVING_FortuneWorldII_TARGET1300_ACTUAL1299.96_MONTHLY_2pay_STANDARD_ROUNDED.pdf
2026-05-11,FWD,fwd_fortune_world_ii,盈聚‧天下 II 保險計劃,savings,2Y_MONTHLY,MONTHLY,2,39,69,31199,31577,35211,259703,326492,1046.482259,101.211577,20260511_FWD_SAVING_FortuneWorldII_TARGET1300_ACTUAL1299.96_MONTHLY_2pay_STANDARD_ROUNDED.pdf
2026-05-11,FWD,fwd_fortune_world_ii,盈聚‧天下 II 保險計劃,savings,2Y_MONTHLY,MONTHLY,2,40,70,31199,31694,36302,279722,347719,1114.519696,101.586589,20260511_FWD_SAVING_FortuneWorldII_TARGET1300_ACTUAL1299.96_MONTHLY_2pay_STANDARD_ROUNDED.pdf
2026-05-11,FWD,fwd_fortune_world_ii,盈聚‧天下 II 保險計劃,savings,2Y_MONTHLY,MONTHLY,2,41,71,31199,31813,37401,301114,370329,1186.989968,101.968012,20260511_FWD_SAVING_FortuneWorldII_TARGET1300_ACTUAL1299.96_MONTHLY_2pay_STANDARD_ROUNDED.pdf
2026-05-11,FWD,fwd_fortune_world_ii,盈聚‧天下 II 保險計劃,savings,2Y_MONTHLY,MONTHLY,2,42,72,31199,31936,38509,323950,394395,1264.127055,102.362255,20260511_FWD_SAVING_FortuneWorldII_TARGET1300_ACTUAL1299.96_MONTHLY_2pay_STANDARD_ROUNDED.pdf
2026-05-11,FWD,fwd_fortune_world_ii,盈聚‧天下 II 保險計劃,savings,2Y_MONTHLY,MONTHLY,2,43,73,31199,32060,39626,348345,420033,1346.302766,102.759704,20260511_FWD_SAVING_FortuneWorldII_TARGET1300_ACTUAL1299.96_MONTHLY_2pay_STANDARD_ROUNDED.pdf
2026-05-11,FWD,fwd_fortune_world_ii,盈聚‧天下 II 保險計劃,savings,2Y_MONTHLY,MONTHLY,2,44,74,31199,32188,40752,374388,447329,1433.79275,103.169973,20260511_FWD_SAVING_FortuneWorldII_TARGET1300_ACTUAL1299.96_MONTHLY_2pay_STANDARD_ROUNDED.pdf
2026-05-11,FWD,fwd_fortune_world_ii,盈聚‧天下 II 保險計劃,savings,2Y_MONTHLY,MONTHLY,2,45,75,31199,32318,41887,402207,476413,1527.013686,103.586653,20260511_FWD_SAVING_FortuneWorldII_TARGET1300_ACTUAL1299.96_MONTHLY_2pay_STANDARD_ROUNDED.pdf
2026-05-11,FWD,fwd_fortune_world_ii,盈聚‧天下 II 保險計劃,savings,2Y_MONTHLY,MONTHLY,2,46,76,31199,32451,43031,431890,507373,1626.247636,104.012949,20260511_FWD_SAVING_FortuneWorldII_TARGET1300_ACTUAL1299.96_MONTHLY_2pay_STANDARD_ROUNDED.pdf
2026-05-11,FWD,fwd_fortune_world_ii,盈聚‧天下 II 保險計劃,savings,2Y_MONTHLY,MONTHLY,2,47,77,31199,32587,44184,463594,540366,1731.99782,104.448861,20260511_FWD_SAVING_FortuneWorldII_TARGET1300_ACTUAL1299.96_MONTHLY_2pay_STANDARD_ROUNDED.pdf
2026-05-11,FWD,fwd_fortune_world_ii,盈聚‧天下 II 保險計劃,savings,2Y_MONTHLY,MONTHLY,2,48,78,31199,32726,45346,497408,575481,1844.549505,104.894388,20260511_FWD_SAVING_FortuneWorldII_TARGET1300_ACTUAL1299.96_MONTHLY_2pay_STANDARD_ROUNDED.pdf
2026-05-11,FWD,fwd_fortune_world_ii,盈聚‧天下 II 保險計劃,savings,2Y_MONTHLY,MONTHLY,2,49,79,31199,32868,46518,533503,612890,1964.453989,105.34953,20260511_FWD_SAVING_FortuneWorldII_TARGET1300_ACTUAL1299.96_MONTHLY_2pay_STANDARD_ROUNDED.pdf
2026-05-11,FWD,fwd_fortune_world_ii,盈聚‧天下 II 保險計劃,savings,2Y_MONTHLY,MONTHLY,2,50,80,31199,33012,47699,572011,652723,2092.127953,105.811084,20260511_FWD_SAVING_FortuneWorldII_TARGET1300_ACTUAL1299.96_MONTHLY_2pay_STANDARD_ROUNDED.pdf
2026-05-11,FWD,fwd_fortune_world_ii,盈聚‧天下 II 保險計劃,savings,2Y_MONTHLY,MONTHLY,2,51,81,31199,33121,48889,613147,695159,2228.145133,106.160454,20260511_FWD_SAVING_FortuneWorldII_TARGET1300_ACTUAL1299.96_MONTHLY_2pay_STANDARD_ROUNDED.pdf
2026-05-11,FWD,fwd_fortune_world_ii,盈聚‧天下 II 保險計劃,savings,2Y_MONTHLY,MONTHLY,2,52,82,31199,33232,50089,657014,740336,2372.947851,106.516234,20260511_FWD_SAVING_FortuneWorldII_TARGET1300_ACTUAL1299.96_MONTHLY_2pay_STANDARD_ROUNDED.pdf
2026-05-11,FWD,fwd_fortune_world_ii,盈聚‧天下 II 保險計劃,savings,2Y_MONTHLY,MONTHLY,2,53,83,31199,33343,51299,703827,788470,2527.228437,106.872015,20260511_FWD_SAVING_FortuneWorldII_TARGET1300_ACTUAL1299.96_MONTHLY_2pay_STANDARD_ROUNDED.pdf
2026-05-11,FWD,fwd_fortune_world_ii,盈聚‧天下 II 保險計劃,savings,2Y_MONTHLY,MONTHLY,2,54,84,31199,33456,52518,753745,839720,2691.496522,107.234206,20260511_FWD_SAVING_FortuneWorldII_TARGET1300_ACTUAL1299.96_MONTHLY_2pay_STANDARD_ROUNDED.pdf
2026-05-11,FWD,fwd_fortune_world_ii,盈聚‧天下 II 保險計劃,savings,2Y_MONTHLY,MONTHLY,2,55,85,31199,33570,53747,806986,894304,2866.450848,107.599603,20260511_FWD_SAVING_FortuneWorldII_TARGET1300_ACTUAL1299.96_MONTHLY_2pay_STANDARD_ROUNDED.pdf
2026-05-11,FWD,fwd_fortune_world_ii,盈聚‧天下 II 保險計劃,savings,2Y_MONTHLY,MONTHLY,2,56,86,31199,33685,54986,863751,952423,3052.735665,107.968204,20260511_FWD_SAVING_FortuneWorldII_TARGET1300_ACTUAL1299.96_MONTHLY_2pay_STANDARD_ROUNDED.pdf
2026-05-11,FWD,fwd_fortune_world_ii,盈聚‧天下 II 保險計劃,savings,2Y_MONTHLY,MONTHLY,2,57,87,31199,33801,56235,924300,1014337,3251.184333,108.340011,20260511_FWD_SAVING_FortuneWorldII_TARGET1300_ACTUAL1299.96_MONTHLY_2pay_STANDARD_ROUNDED.pdf
2026-05-11,FWD,fwd_fortune_world_ii,盈聚‧天下 II 保險計劃,savings,2Y_MONTHLY,MONTHLY,2,58,88,31199,33918,57494,988850,1080263,3462.492388,108.715023,20260511_FWD_SAVING_FortuneWorldII_TARGET1300_ACTUAL1299.96_MONTHLY_2pay_STANDARD_ROUNDED.pdf
2026-05-11,FWD,fwd_fortune_world_ii,盈聚‧天下 II 保險計劃,savings,2Y_MONTHLY,MONTHLY,2,59,89,31199,34037,58762,1057690,1150491,3687.589346,109.096445,20260511_FWD_SAVING_FortuneWorldII_TARGET1300_ACTUAL1299.96_MONTHLY_2pay_STANDARD_ROUNDED.pdf
2026-05-11,FWD,fwd_fortune_world_ii,盈聚‧天下 II 保險計劃,savings,2Y_MONTHLY,MONTHLY,2,60,90,31199,34157,60041,1131066,1225265,3927.257284,109.481073,20260511_FWD_SAVING_FortuneWorldII_TARGET1300_ACTUAL1299.96_MONTHLY_2pay_STANDARD_ROUNDED.pdf
2026-05-11,FWD,fwd_fortune_world_ii,盈聚‧天下 II 保險計劃,savings,2Y_MONTHLY,MONTHLY,2,61,91,31199,34278,61331,1209309,1304919,4182.566749,109.868906,20260511_FWD_SAVING_FortuneWorldII_TARGET1300_ACTUAL1299.96_MONTHLY_2pay_STANDARD_ROUNDED.pdf
2026-05-11,FWD,fwd_fortune_world_ii,盈聚‧天下 II 保險計劃,savings,2Y_MONTHLY,MONTHLY,2,62,92,31199,34400,62630,1292694,1389726,4454.392769,110.259944,20260511_FWD_SAVING_FortuneWorldII_TARGET1300_ACTUAL1299.96_MONTHLY_2pay_STANDARD_ROUNDED.pdf
2026-05-11,FWD,fwd_fortune_world_ii,盈聚‧天下 II 保險計劃,savings,2Y_MONTHLY,MONTHLY,2,63,93,31199,34524,63940,1381597,1480062,4743.940511,110.657393,20260511_FWD_SAVING_FortuneWorldII_TARGET1300_ACTUAL1299.96_MONTHLY_2pay_STANDARD_ROUNDED.pdf
2026-05-11,FWD,fwd_fortune_world_ii,盈聚‧天下 II 保險計劃,savings,2Y_MONTHLY,MONTHLY,2,64,94,31199,34649,65260,1476364,1576275,5052.325395,111.058047,20260511_FWD_SAVING_FortuneWorldII_TARGET1300_ACTUAL1299.96_MONTHLY_2pay_STANDARD_ROUNDED.pdf
2026-05-11,FWD,fwd_fortune_world_ii,盈聚‧天下 II 保險計劃,savings,2Y_MONTHLY,MONTHLY,2,65,95,31199,34775,66591,1577357,1678724,5380.698099,111.461906,20260511_FWD_SAVING_FortuneWorldII_TARGET1300_ACTUAL1299.96_MONTHLY_2pay_STANDARD_ROUNDED.pdf
2026-05-11,FWD,fwd_fortune_world_ii,盈聚‧天下 II 保險計劃,savings,2Y_MONTHLY,MONTHLY,2,66,96,31199,34903,67933,1685008,1787844,5730.452899,111.872175,20260511_FWD_SAVING_FortuneWorldII_TARGET1300_ACTUAL1299.96_MONTHLY_2pay_STANDARD_ROUNDED.pdf
2026-05-11,FWD,fwd_fortune_world_ii,盈聚‧天下 II 保險計劃,savings,2Y_MONTHLY,MONTHLY,2,67,97,31199,35032,69285,1799736,1904054,6102.932786,112.28565,20260511_FWD_SAVING_FortuneWorldII_TARGET1300_ACTUAL1299.96_MONTHLY_2pay_STANDARD_ROUNDED.pdf
2026-05-11,FWD,fwd_fortune_world_ii,盈聚‧天下 II 保險計劃,savings,2Y_MONTHLY,MONTHLY,2,68,98,31199,35162,70648,1922005,2027816,6499.618578,112.70233,20260511_FWD_SAVING_FortuneWorldII_TARGET1300_ACTUAL1299.96_MONTHLY_2pay_STANDARD_ROUNDED.pdf
2026-05-11,FWD,fwd_fortune_world_ii,盈聚‧天下 II 保險計劃,savings,2Y_MONTHLY,MONTHLY,2,69,99,31199,35293,72023,2052319,2159635,6922.128914,113.122215,20260511_FWD_SAVING_FortuneWorldII_TARGET1300_ACTUAL1299.96_MONTHLY_2pay_STANDARD_ROUNDED.pdf
2026-05-11,FWD,fwd_fortune_world_ii,盈聚‧天下 II 保險計劃,savings,2Y_MONTHLY,MONTHLY,2,70,100,31199,35426,73408,2191169,2300003,7372.040771,113.548511,20260511_FWD_SAVING_FortuneWorldII_TARGET1300_ACTUAL1299.96_MONTHLY_2pay_STANDARD_ROUNDED.pdf
2026-05-11,FWD,fwd_fortune_world_ii,盈聚‧天下 II 保險計劃,savings,2Y_MONTHLY,MONTHLY,2,71,101,31199,35560,74804,2339148,2449512,7851.251643,113.978012,20260511_FWD_SAVING_FortuneWorldII_TARGET1300_ACTUAL1299.96_MONTHLY_2pay_STANDARD_ROUNDED.pdf
2026-05-11,FWD,fwd_fortune_world_ii,盈聚‧天下 II 保險計劃,savings,2Y_MONTHLY,MONTHLY,2,72,102,31199,35696,76211,2496818,2608726,8361.569281,114.413924,20260511_FWD_SAVING_FortuneWorldII_TARGET1300_ACTUAL1299.96_MONTHLY_2pay_STANDARD_ROUNDED.pdf
2026-05-11,FWD,fwd_fortune_world_ii,盈聚‧天下 II 保險計劃,savings,2Y_MONTHLY,MONTHLY,2,73,103,31199,35832,77630,2664831,2778294,8905.073881,114.849835,20260511_FWD_SAVING_FortuneWorldII_TARGET1300_ACTUAL1299.96_MONTHLY_2pay_STANDARD_ROUNDED.pdf
2026-05-11,FWD,fwd_fortune_world_ii,盈聚‧天下 II 保險計劃,savings,2Y_MONTHLY,MONTHLY,2,74,104,31199,35971,79059,2843850,2958881,9483.89692,115.295362,20260511_FWD_SAVING_FortuneWorldII_TARGET1300_ACTUAL1299.96_MONTHLY_2pay_STANDARD_ROUNDED.pdf
2026-05-11,FWD,fwd_fortune_world_ii,盈聚‧天下 II 保險計劃,savings,2Y_MONTHLY,MONTHLY,2,75,105,31199,36110,80501,3034597,3151209,10100.352575,115.740889,20260511_FWD_SAVING_FortuneWorldII_TARGET1300_ACTUAL1299.96_MONTHLY_2pay_STANDARD_ROUNDED.pdf
2026-05-11,FWD,fwd_fortune_world_ii,盈聚‧天下 II 保險計劃,savings,2Y_MONTHLY,MONTHLY,2,76,106,31199,36251,81954,3237839,3356045,10756.89926,116.192827,20260511_FWD_SAVING_FortuneWorldII_TARGET1300_ACTUAL1299.96_MONTHLY_2pay_STANDARD_ROUNDED.pdf
2026-05-11,FWD,fwd_fortune_world_ii,盈聚‧天下 II 保險計劃,savings,2Y_MONTHLY,MONTHLY,2,77,107,31199,36394,83418,3454369,3574182,11456.07872,116.651175,20260511_FWD_SAVING_FortuneWorldII_TARGET1300_ACTUAL1299.96_MONTHLY_2pay_STANDARD_ROUNDED.pdf
2026-05-11,FWD,fwd_fortune_world_ii,盈聚‧天下 II 保險計劃,savings,2Y_MONTHLY,MONTHLY,2,78,108,31199,36538,84894,3685068,3806501,12200.714766,117.112728,20260511_FWD_SAVING_FortuneWorldII_TARGET1300_ACTUAL1299.96_MONTHLY_2pay_STANDARD_ROUNDED.pdf
2026-05-11,FWD,fwd_fortune_world_ii,盈聚‧天下 II 保險計劃,savings,2Y_MONTHLY,MONTHLY,2,79,109,31199,36683,86382,3930862,4053929,12993.778647,117.577486,20260511_FWD_SAVING_FortuneWorldII_TARGET1300_ACTUAL1299.96_MONTHLY_2pay_STANDARD_ROUNDED.pdf
2026-05-11,FWD,fwd_fortune_world_ii,盈聚‧天下 II 保險計劃,savings,2Y_MONTHLY,MONTHLY,2,80,110,31199,36830,87882,4192717,4317430,13838.360204,118.048655,20260511_FWD_SAVING_FortuneWorldII_TARGET1300_ACTUAL1299.96_MONTHLY_2pay_STANDARD_ROUNDED.pdf
2026-05-11,FWD,fwd_fortune_world_ii,盈聚‧天下 II 保險計劃,savings,2Y_MONTHLY,MONTHLY,2,81,111,31199,36978,89394,4471689,4598062,14737.850572,118.52303,20260511_FWD_SAVING_FortuneWorldII_TARGET1300_ACTUAL1299.96_MONTHLY_2pay_STANDARD_ROUNDED.pdf
2026-05-11,FWD,fwd_fortune_world_ii,盈聚‧天下 II 保險計劃,savings,2Y_MONTHLY,MONTHLY,2,82,112,31199,37128,90918,4768903,4896950,15695.855636,119.003814,20260511_FWD_SAVING_FortuneWorldII_TARGET1300_ACTUAL1299.96_MONTHLY_2pay_STANDARD_ROUNDED.pdf
2026-05-11,FWD,fwd_fortune_world_ii,盈聚‧天下 II 保險計劃,savings,2Y_MONTHLY,MONTHLY,2,83,113,31199,37279,92454,5085515,5215250,16716.080644,119.487804,20260511_FWD_SAVING_FortuneWorldII_TARGET1300_ACTUAL1299.96_MONTHLY_2pay_STANDARD_ROUNDED.pdf
2026-05-11,FWD,fwd_fortune_world_ii,盈聚‧天下 II 保險計劃,savings,2Y_MONTHLY,MONTHLY,2,84,114,31199,37432,94003,5422797,5554233,17802.599442,119.978204,20260511_FWD_SAVING_FortuneWorldII_TARGET1300_ACTUAL1299.96_MONTHLY_2pay_STANDARD_ROUNDED.pdf
2026-05-11,FWD,fwd_fortune_world_ii,盈聚‧天下 II 保險計劃,savings,2Y_MONTHLY,MONTHLY,2,85,115,31199,37586,95564,5782106,5915257,18959.764736,120.47181,20260511_FWD_SAVING_FortuneWorldII_TARGET1300_ACTUAL1299.96_MONTHLY_2pay_STANDARD_ROUNDED.pdf
2026-05-11,FWD,fwd_fortune_world_ii,盈聚‧天下 II 保險計劃,savings,2Y_MONTHLY,MONTHLY,2,86,116,31199,37742,97137,6164872,6299753,20192.16321,120.971826,20260511_FWD_SAVING_FortuneWorldII_TARGET1300_ACTUAL1299.96_MONTHLY_2pay_STANDARD_ROUNDED.pdf
2026-05-11,FWD,fwd_fortune_world_ii,盈聚‧天下 II 保險計劃,savings,2Y_MONTHLY,MONTHLY,2,87,117,31199,37900,98723,6572612,6709236,21504.65079,121.478253,20260511_FWD_SAVING_FortuneWorldII_TARGET1300_ACTUAL1299.96_MONTHLY_2pay_STANDARD_ROUNDED.pdf
2026-05-11,FWD,fwd_fortune_world_ii,盈聚‧天下 II 保險計劃,savings,2Y_MONTHLY,MONTHLY,2,88,118,31199,38059,100322,7006957,7145339,22902.461617,121.987884,20260511_FWD_SAVING_FortuneWorldII_TARGET1300_ACTUAL1299.96_MONTHLY_2pay_STANDARD_ROUNDED.pdf
2026-05-11,FWD,fwd_fortune_world_ii,盈聚‧天下 II 保險計劃,savings,2Y_MONTHLY,MONTHLY,2,89,119,31199,38219,101933,7469642,7609795,24391.150357,122.500721,20260511_FWD_SAVING_FortuneWorldII_TARGET1300_ACTUAL1299.96_MONTHLY_2pay_STANDARD_ROUNDED.pdf
2026-05-11,FWD,fwd_fortune_world_ii,盈聚‧天下 II 保險計劃,savings,2Y_MONTHLY,MONTHLY,2,90,120,31199,38381,103558,7962486,8104426,25976.556941,123.019969,20260511_FWD_SAVING_FortuneWorldII_TARGET1300_ACTUAL1299.96_MONTHLY_2pay_STANDARD_ROUNDED.pdf
2026-05-11,FWD,fwd_fortune_world_ii,盈聚‧天下 II 保險計劃,savings,2Y_MONTHLY,MONTHLY,2,91,121,31199,38545,105195,8487467,8631208,27665.014904,123.545626,20260511_FWD_SAVING_FortuneWorldII_TARGET1300_ACTUAL1299.96_MONTHLY_2pay_STANDARD_ROUNDED.pdf
2026-05-11,FWD,fwd_fortune_world_ii,盈聚‧天下 II 保險計劃,savings,2Y_MONTHLY,MONTHLY,2,92,122,31199,38711,106845,9046681,9192238,29463.245617,124.077695,20260511_FWD_SAVING_FortuneWorldII_TARGET1300_ACTUAL1299.96_MONTHLY_2pay_STANDARD_ROUNDED.pdf
2026-05-11,FWD,fwd_fortune_world_ii,盈聚‧天下 II 保險計劃,savings,2Y_MONTHLY,MONTHLY,2,93,123,31199,38878,108509,9642352,9789739,31378.374307,124.612968,20260511_FWD_SAVING_FortuneWorldII_TARGET1300_ACTUAL1299.96_MONTHLY_2pay_STANDARD_ROUNDED.pdf
2026-05-11,FWD,fwd_fortune_world_ii,盈聚‧天下 II 保險計劃,savings,2Y_MONTHLY,MONTHLY,2,94,124,31199,39046,110186,10276833,10426067,33417.952498,125.151447,20260511_FWD_SAVING_FortuneWorldII_TARGET1300_ACTUAL1299.96_MONTHLY_2pay_STANDARD_ROUNDED.pdf
2026-05-11,FWD,fwd_fortune_world_ii,盈聚‧天下 II 保險計劃,savings,2Y_MONTHLY,MONTHLY,2,95,125,31199,39217,111876,10952668,11103762,35590.121478,125.699542,20260511_FWD_SAVING_FortuneWorldII_TARGET1300_ACTUAL1299.96_MONTHLY_2pay_STANDARD_ROUNDED.pdf
2026-05-11,FWD,fwd_fortune_world_ii,盈聚‧天下 II 保險計劃,savings,2Y_MONTHLY,MONTHLY,2,96,126,31199,39389,113580,11672543,11825512,37903.496907,126.250841,20260511_FWD_SAVING_FortuneWorldII_TARGET1300_ACTUAL1299.96_MONTHLY_2pay_STANDARD_ROUNDED.pdf
2026-05-11,FWD,fwd_fortune_world_ii,盈聚‧天下 II 保險計劃,savings,2Y_MONTHLY,MONTHLY,2,97,127,31199,39562,115298,12439317,12594178,40367.24895,126.805346,20260511_FWD_SAVING_FortuneWorldII_TARGET1300_ACTUAL1299.96_MONTHLY_2pay_STANDARD_ROUNDED.pdf
2026-05-11,FWD,fwd_fortune_world_ii,盈聚‧天下 II 保險計劃,savings,2Y_MONTHLY,MONTHLY,2,98,128,31199,39738,117029,13256024,13412792,42991.095868,127.369467,20260511_FWD_SAVING_FortuneWorldII_TARGET1300_ACTUAL1299.96_MONTHLY_2pay_STANDARD_ROUNDED.pdf
2026-05-11,FWD,fwd_fortune_world_ii,盈聚‧天下 II 保險計劃,savings,2Y_MONTHLY,MONTHLY,2,99,129,31199,39915,118774,14125943,14284633,45785.547614,127.936793,20260511_FWD_SAVING_FortuneWorldII_TARGET1300_ACTUAL1299.96_MONTHLY_2pay_STANDARD_ROUNDED.pdf
2026-05-11,FWD,fwd_fortune_world_ii,盈聚‧天下 II 保險計劃,savings,2Y_MONTHLY,MONTHLY,2,100,130,31199,40094,120533,15052496,15213124,48761.575692,128.510529,20260511_FWD_SAVING_FortuneWorldII_TARGET1300_ACTUAL1299.96_MONTHLY_2pay_STANDARD_ROUNDED.pdf
2026-05-11,FWD,fwd_fortune_world_ii,盈聚‧天下 II 保險計劃,savings,2Y_MONTHLY,MONTHLY,2,101,131,31199,40226,122306,16039440,16201974,51931.068303,128.93362,20260511_FWD_SAVING_FortuneWorldII_TARGET1300_ACTUAL1299.96_MONTHLY_2pay_STANDARD_ROUNDED.pdf
2026-05-11,FWD,fwd_fortune_world_ii,盈聚‧天下 II 保險計劃,savings,2Y_MONTHLY,MONTHLY,2,102,132,31199,40359,124094,17090660,17255114,55306.625212,129.359915,20260511_FWD_SAVING_FortuneWorldII_TARGET1300_ACTUAL1299.96_MONTHLY_2pay_STANDARD_ROUNDED.pdf
2026-05-11,FWD,fwd_fortune_world_ii,盈聚‧天下 II 保險計劃,savings,2Y_MONTHLY,MONTHLY,2,103,133,31199,40492,125895,18210301,18376690,58901.535306,129.786211,20260511_FWD_SAVING_FortuneWorldII_TARGET1300_ACTUAL1299.96_MONTHLY_2pay_STANDARD_ROUNDED.pdf
2026-05-11,FWD,fwd_fortune_world_ii,盈聚‧天下 II 保險計劃,savings,2Y_MONTHLY,MONTHLY,2,104,134,31199,40626,127711,19402841,19571179,62730.148402,130.215712,20260511_FWD_SAVING_FortuneWorldII_TARGET1300_ACTUAL1299.96_MONTHLY_2pay_STANDARD_ROUNDED.pdf
2026-05-11,FWD,fwd_fortune_world_ii,盈聚‧天下 II 保險計劃,savings,2Y_MONTHLY,MONTHLY,2,105,135,31199,40760,129542,20673003,20843306,66807.609218,130.645213,20260511_FWD_SAVING_FortuneWorldII_TARGET1300_ACTUAL1299.96_MONTHLY_2pay_STANDARD_ROUNDED.pdf
2026-05-11,FWD,fwd_fortune_world_ii,盈聚‧天下 II 保險計劃,savings,2Y_MONTHLY,MONTHLY,2,106,136,31199,40894,131387,22025843,22198125,71150.116991,131.074714,20260511_FWD_SAVING_FortuneWorldII_TARGET1300_ACTUAL1299.96_MONTHLY_2pay_STANDARD_ROUNDED.pdf
2026-05-11,FWD,fwd_fortune_world_ii,盈聚‧天下 II 保險計劃,savings,2Y_MONTHLY,MONTHLY,2,107,137,31199,41029,133247,23466719,23640996,75774.851758,131.50742,20260511_FWD_SAVING_FortuneWorldII_TARGET1300_ACTUAL1299.96_MONTHLY_2pay_STANDARD_ROUNDED.pdf
2026-05-11,FWD,fwd_fortune_world_ii,盈聚‧天下 II 保險計劃,savings,2Y_MONTHLY,MONTHLY,2,108,138,31199,41165,135122,25001379,25177667,80700.237187,131.943332,20260511_FWD_SAVING_FortuneWorldII_TARGET1300_ACTUAL1299.96_MONTHLY_2pay_STANDARD_ROUNDED.pdf
2026-05-11,FWD,fwd_fortune_world_ii,盈聚‧天下 II 保險計劃,savings,5Y_ANNUAL,ANNUAL,5,1,31,15600,0,0,0,0,0.0,0.0,20260511_FWD_SAVING_FortuneWorldII_USD15600_ANNUAL_5pay.pdf
2026-05-11,FWD,fwd_fortune_world_ii,盈聚‧天下 II 保險計劃,savings,5Y_ANNUAL,ANNUAL,5,2,32,31200,0,374,0,374,1.198718,0.0,20260511_FWD_SAVING_FortuneWorldII_USD15600_ANNUAL_5pay.pdf
2026-05-11,FWD,fwd_fortune_world_ii,盈聚‧天下 II 保險計劃,savings,5Y_ANNUAL,ANNUAL,5,3,33,46800,4168,2249,13665,20083,42.912393,8.905983,20260511_FWD_SAVING_FortuneWorldII_USD15600_ANNUAL_5pay.pdf
2026-05-11,FWD,fwd_fortune_world_ii,盈聚‧天下 II 保險計劃,savings,5Y_ANNUAL,ANNUAL,5,4,34,62400,11704,4139,14430,30273,48.514423,18.75641,20260511_FWD_SAVING_FortuneWorldII_USD15600_ANNUAL_5pay.pdf
2026-05-11,FWD,fwd_fortune_world_ii,盈聚‧天下 II 保險計劃,savings,5Y_ANNUAL,ANNUAL,5,5,35,78000,22125,6044,18205,46375,59.455128,28.365385,20260511_FWD_SAVING_FortuneWorldII_USD15600_ANNUAL_5pay.pdf
2026-05-11,FWD,fwd_fortune_world_ii,盈聚‧天下 II 保險計劃,savings,5Y_ANNUAL,ANNUAL,5,6,36,78000,40240,7964,29796,78001,100.001282,51.589744,20260511_FWD_SAVING_FortuneWorldII_USD15600_ANNUAL_5pay.pdf
2026-05-11,FWD,fwd_fortune_world_ii,盈聚‧天下 II 保險計劃,savings,5Y_ANNUAL,ANNUAL,5,7,37,78000,40560,9900,30264,80724,103.492308,52.0,20260511_FWD_SAVING_FortuneWorldII_USD15600_ANNUAL_5pay.pdf
2026-05-11,FWD,fwd_fortune_world_ii,盈聚‧天下 II 保險計劃,savings,5Y_ANNUAL,ANNUAL,5,8,38,78000,46495,11851,32853,91200,116.923077,59.608974,20260511_FWD_SAVING_FortuneWorldII_USD15600_ANNUAL_5pay.pdf
2026-05-11,FWD,fwd_fortune_world_ii,盈聚‧天下 II 保險計劃,savings,5Y_ANNUAL,ANNUAL,5,9,39,78000,47938,13818,35646,97402,124.874359,61.458974,20260511_FWD_SAVING_FortuneWorldII_USD15600_ANNUAL_5pay.pdf
2026-05-11,FWD,fwd_fortune_world_ii,盈聚‧天下 II 保險計劃,savings,5Y_ANNUAL,ANNUAL,5,10,40,78000,49220,15801,38048,103070,132.141026,63.102564,20260511_FWD_SAVING_FortuneWorldII_USD15600_ANNUAL_5pay.pdf
2026-05-11,FWD,fwd_fortune_world_ii,盈聚‧天下 II 保險計劃,savings,5Y_ANNUAL,ANNUAL,5,11,41,78000,50824,17799,41028,109651,140.578205,65.158974,20260511_FWD_SAVING_FortuneWorldII_USD15600_ANNUAL_5pay.pdf
2026-05-11,FWD,fwd_fortune_world_ii,盈聚‧天下 II 保險計劃,savings,5Y_ANNUAL,ANNUAL,5,12,42,78000,52267,19813,45021,117102,150.130769,67.008974,20260511_FWD_SAVING_FortuneWorldII_USD15600_ANNUAL_5pay.pdf
2026-05-11,FWD,fwd_fortune_world_ii,盈聚‧天下 II 保險計劃,savings,5Y_ANNUAL,ANNUAL,5,13,43,78000,53870,21844,50044,125759,161.229487,69.064103,20260511_FWD_SAVING_FortuneWorldII_USD15600_ANNUAL_5pay.pdf
2026-05-11,FWD,fwd_fortune_world_ii,盈聚‧天下 II 保險計劃,savings,5Y_ANNUAL,ANNUAL,5,14,44,78000,55473,23891,56425,135790,174.089744,71.119231,20260511_FWD_SAVING_FortuneWorldII_USD15600_ANNUAL_5pay.pdf
2026-05-11,FWD,fwd_fortune_world_ii,盈聚‧天下 II 保險計劃,savings,5Y_ANNUAL,ANNUAL,5,15,45,78000,61042,25954,60434,147431,189.014103,78.258974,20260511_FWD_SAVING_FortuneWorldII_USD15600_ANNUAL_5pay.pdf
2026-05-11,FWD,fwd_fortune_world_ii,盈聚‧天下 II 保險計劃,savings,5Y_ANNUAL,ANNUAL,5,16,46,78000,68395,28033,62587,159016,203.866667,87.685897,20260511_FWD_SAVING_FortuneWorldII_USD15600_ANNUAL_5pay.pdf
2026-05-11,FWD,fwd_fortune_world_ii,盈聚‧天下 II 保險計劃,savings,5Y_ANNUAL,ANNUAL,5,17,47,78000,78011,30130,64006,172148,220.702564,100.014103,20260511_FWD_SAVING_FortuneWorldII_USD15600_ANNUAL_5pay.pdf
2026-05-11,FWD,fwd_fortune_world_ii,盈聚‧天下 II 保險計劃,savings,5Y_ANNUAL,ANNUAL,5,18,48,78000,78071,32243,76752,187067,239.829487,100.091026,20260511_FWD_SAVING_FortuneWorldII_USD15600_ANNUAL_5pay.pdf
2026-05-11,FWD,fwd_fortune_world_ii,盈聚‧天下 II 保險計劃,savings,5Y_ANNUAL,ANNUAL,5,19,49,78000,78139,34373,91540,204053,261.60641,100.178205,20260511_FWD_SAVING_FortuneWorldII_USD15600_ANNUAL_5pay.pdf
2026-05-11,FWD,fwd_fortune_world_ii,盈聚‧天下 II 保險計劃,savings,5Y_ANNUAL,ANNUAL,5,20,50,78000,78214,36520,108654,223388,286.394872,100.274359,20260511_FWD_SAVING_FortuneWorldII_USD15600_ANNUAL_5pay.pdf
2026-05-11,FWD,fwd_fortune_world_ii,盈聚‧天下 II 保險計劃,savings,5Y_ANNUAL,ANNUAL,5,21,51,78000,78296,38684,124129,241110,309.115385,100.379487,20260511_FWD_SAVING_FortuneWorldII_USD15600_ANNUAL_5pay.pdf
2026-05-11,FWD,fwd_fortune_world_ii,盈聚‧天下 II 保險計劃,savings,5Y_ANNUAL,ANNUAL,5,22,52,78000,78430,40865,141414,260709,334.242308,100.551282,20260511_FWD_SAVING_FortuneWorldII_USD15600_ANNUAL_5pay.pdf
2026-05-11,FWD,fwd_fortune_world_ii,盈聚‧天下 II 保險計劃,savings,5Y_ANNUAL,ANNUAL,5,23,53,78000,78575,43064,160789,282429,362.088462,100.737179,20260511_FWD_SAVING_FortuneWorldII_USD15600_ANNUAL_5pay.pdf
2026-05-11,FWD,fwd_fortune_world_ii,盈聚‧天下 II 保險計劃,savings,5Y_ANNUAL,ANNUAL,5,24,54,78000,78732,45281,182520,306533,392.991026,100.938462,20260511_FWD_SAVING_FortuneWorldII_USD15600_ANNUAL_5pay.pdf
2026-05-11,FWD,fwd_fortune_world_ii,盈聚‧天下 II 保險計劃,savings,5Y_ANNUAL,ANNUAL,5,25,55,78000,78901,47515,206887,333304,427.312821,101.155128,20260511_FWD_SAVING_FortuneWorldII_USD15600_ANNUAL_5pay.pdf
2026-05-11,FWD,fwd_fortune_world_ii,盈聚‧天下 II 保險計劃,savings,5Y_ANNUAL,ANNUAL,5,26,56,78000,80164,49767,225045,354977,455.098718,102.774359,20260511_FWD_SAVING_FortuneWorldII_USD15600_ANNUAL_5pay.pdf
2026-05-11,FWD,fwd_fortune_world_ii,盈聚‧天下 II 保險計劃,savings,5Y_ANNUAL,ANNUAL,5,27,57,78000,80324,52037,245684,378047,484.675641,102.979487,20260511_FWD_SAVING_FortuneWorldII_USD15600_ANNUAL_5pay.pdf
2026-05-11,FWD,fwd_fortune_world_ii,盈聚‧天下 II 保險計劃,savings,5Y_ANNUAL,ANNUAL,5,28,58,78000,80485,54326,267805,402616,516.174359,103.185897,20260511_FWD_SAVING_FortuneWorldII_USD15600_ANNUAL_5pay.pdf
2026-05-11,FWD,fwd_fortune_world_ii,盈聚‧天下 II 保險計劃,savings,5Y_ANNUAL,ANNUAL,5,29,59,78000,80645,56632,291517,428795,549.737179,103.391026,20260511_FWD_SAVING_FortuneWorldII_USD15600_ANNUAL_5pay.pdf
2026-05-11,FWD,fwd_fortune_world_ii,盈聚‧天下 II 保險計劃,savings,5Y_ANNUAL,ANNUAL,5,30,60,78000,80805,58957,316898,456662,585.464103,103.596154,20260511_FWD_SAVING_FortuneWorldII_USD15600_ANNUAL_5pay.pdf
2026-05-11,FWD,fwd_fortune_world_ii,盈聚‧天下 II 保險計劃,savings,5Y_ANNUAL,ANNUAL,5,31,61,78000,80966,61301,344073,486341,623.514103,103.802564,20260511_FWD_SAVING_FortuneWorldII_USD15600_ANNUAL_5pay.pdf
2026-05-11,FWD,fwd_fortune_world_ii,盈聚‧天下 II 保險計劃,savings,5Y_ANNUAL,ANNUAL,5,32,62,78000,81126,63663,373167,517958,664.048718,104.007692,20260511_FWD_SAVING_FortuneWorldII_USD15600_ANNUAL_5pay.pdf
2026-05-11,FWD,fwd_fortune_world_ii,盈聚‧天下 II 保險計劃,savings,5Y_ANNUAL,ANNUAL,5,33,63,78000,81607,66045,403977,551630,707.217949,104.624359,20260511_FWD_SAVING_FortuneWorldII_USD15600_ANNUAL_5pay.pdf
2026-05-11,FWD,fwd_fortune_world_ii,盈聚‧天下 II 保險計劃,savings,5Y_ANNUAL,ANNUAL,5,34,64,78000,82088,68445,436956,587489,753.191026,105.241026,20260511_FWD_SAVING_FortuneWorldII_USD15600_ANNUAL_5pay.pdf
2026-05-11,FWD,fwd_fortune_world_ii,盈聚‧天下 II 保險計劃,savings,5Y_ANNUAL,ANNUAL,5,35,65,78000,82569,70865,472243,625677,802.15,105.857692,20260511_FWD_SAVING_FortuneWorldII_USD15600_ANNUAL_5pay.pdf
2026-05-11,FWD,fwd_fortune_world_ii,盈聚‧天下 II 保險計劃,savings,5Y_ANNUAL,ANNUAL,5,36,66,78000,82890,73304,510151,666345,854.288462,106.269231,20260511_FWD_SAVING_FortuneWorldII_USD15600_ANNUAL_5pay.pdf
2026-05-11,FWD,fwd_fortune_world_ii,盈聚‧天下 II 保險計劃,savings,5Y_ANNUAL,ANNUAL,5,37,67,78000,83531,75762,550368,709661,909.821795,107.091026,20260511_FWD_SAVING_FortuneWorldII_USD15600_ANNUAL_5pay.pdf
2026-05-11,FWD,fwd_fortune_world_ii,盈聚‧天下 II 保險計劃,savings,5Y_ANNUAL,ANNUAL,5,38,68,78000,84172,78240,593361,755774,968.941026,107.912821,20260511_FWD_SAVING_FortuneWorldII_USD15600_ANNUAL_5pay.pdf
2026-05-11,FWD,fwd_fortune_world_ii,盈聚‧天下 II 保險計劃,savings,5Y_ANNUAL,ANNUAL,5,39,69,78000,84493,80738,639678,804909,1031.934615,108.324359,20260511_FWD_SAVING_FortuneWorldII_USD15600_ANNUAL_5pay.pdf
2026-05-11,FWD,fwd_fortune_world_ii,盈聚‧天下 II 保險計劃,savings,5Y_ANNUAL,ANNUAL,5,40,70,78000,85262,83256,688708,857228,1099.010256,109.310256,20260511_FWD_SAVING_FortuneWorldII_USD15600_ANNUAL_5pay.pdf
2026-05-11,FWD,fwd_fortune_world_ii,盈聚‧天下 II 保險計劃,savings,5Y_ANNUAL,ANNUAL,5,41,71,78000,85471,85794,741686,912952,1170.451282,109.578205,20260511_FWD_SAVING_FortuneWorldII_USD15600_ANNUAL_5pay.pdf
2026-05-11,FWD,fwd_fortune_world_ii,盈聚‧天下 II 保險計劃,savings,5Y_ANNUAL,ANNUAL,5,42,72,78000,85679,88352,798252,972284,1246.517949,109.844872,20260511_FWD_SAVING_FortuneWorldII_USD15600_ANNUAL_5pay.pdf
2026-05-11,FWD,fwd_fortune_world_ii,盈聚‧天下 II 保險計劃,savings,5Y_ANNUAL,ANNUAL,5,43,73,78000,85888,90931,858670,1035490,1327.551282,110.112821,20260511_FWD_SAVING_FortuneWorldII_USD15600_ANNUAL_5pay.pdf
2026-05-11,FWD,fwd_fortune_world_ii,盈聚‧天下 II 保險計劃,savings,5Y_ANNUAL,ANNUAL,5,44,74,78000,86096,93531,923176,1102804,1413.851282,110.379487,20260511_FWD_SAVING_FortuneWorldII_USD15600_ANNUAL_5pay.pdf
2026-05-11,FWD,fwd_fortune_world_ii,盈聚‧天下 II 保險計劃,savings,5Y_ANNUAL,ANNUAL,5,45,75,78000,86305,96151,992019,1174476,1505.738462,110.647436,20260511_FWD_SAVING_FortuneWorldII_USD15600_ANNUAL_5pay.pdf
2026-05-11,FWD,fwd_fortune_world_ii,盈聚‧天下 II 保險計劃,savings,5Y_ANNUAL,ANNUAL,5,46,76,78000,86513,98792,1065511,1250817,1603.611538,110.914103,20260511_FWD_SAVING_FortuneWorldII_USD15600_ANNUAL_5pay.pdf
2026-05-11,FWD,fwd_fortune_world_ii,盈聚‧天下 II 保險計劃,savings,5Y_ANNUAL,ANNUAL,5,47,77,78000,86721,101454,1143948,1332124,1707.851282,111.180769,20260511_FWD_SAVING_FortuneWorldII_USD15600_ANNUAL_5pay.pdf
2026-05-11,FWD,fwd_fortune_world_ii,盈聚‧天下 II 保險計劃,savings,5Y_ANNUAL,ANNUAL,5,48,78,78000,87058,104138,1227517,1418714,1818.864103,111.612821,20260511_FWD_SAVING_FortuneWorldII_USD15600_ANNUAL_5pay.pdf
2026-05-11,FWD,fwd_fortune_world_ii,盈聚‧天下 II 保險計劃,savings,5Y_ANNUAL,ANNUAL,5,49,79,78000,87299,106843,1316796,1510938,1937.1,111.921795,20260511_FWD_SAVING_FortuneWorldII_USD15600_ANNUAL_5pay.pdf
2026-05-11,FWD,fwd_fortune_world_ii,盈聚‧天下 II 保險計劃,savings,5Y_ANNUAL,ANNUAL,5,50,80,78000,87539,109570,1412034,1609144,2063.005128,112.229487,20260511_FWD_SAVING_FortuneWorldII_USD15600_ANNUAL_5pay.pdf
2026-05-11,FWD,fwd_fortune_world_ii,盈聚‧天下 II 保險計劃,savings,5Y_ANNUAL,ANNUAL,5,51,81,78000,87780,112318,1513636,1713735,2197.096154,112.538462,20260511_FWD_SAVING_FortuneWorldII_USD15600_ANNUAL_5pay.pdf
2026-05-11,FWD,fwd_fortune_world_ii,盈聚‧天下 II 保險計劃,savings,5Y_ANNUAL,ANNUAL,5,52,82,78000,88020,115089,1622025,1825135,2339.916667,112.846154,20260511_FWD_SAVING_FortuneWorldII_USD15600_ANNUAL_5pay.pdf
2026-05-11,FWD,fwd_fortune_world_ii,盈聚‧天下 II 保險計劃,savings,5Y_ANNUAL,ANNUAL,5,53,83,78000,88261,117882,1737621,1943764,2492.005128,113.155128,20260511_FWD_SAVING_FortuneWorldII_USD15600_ANNUAL_5pay.pdf
2026-05-11,FWD,fwd_fortune_world_ii,盈聚‧天下 II 保險計劃,savings,5Y_ANNUAL,ANNUAL,5,54,84,78000,88661,120697,1860752,2070111,2653.988462,113.667949,20260511_FWD_SAVING_FortuneWorldII_USD15600_ANNUAL_5pay.pdf
2026-05-11,FWD,fwd_fortune_world_ii,盈聚‧天下 II 保險計劃,savings,5Y_ANNUAL,ANNUAL,5,55,85,78000,88902,123534,1992229,2204666,2826.494872,113.976923,20260511_FWD_SAVING_FortuneWorldII_USD15600_ANNUAL_5pay.pdf
2026-05-11,FWD,fwd_fortune_world_ii,盈聚‧天下 II 保險計劃,savings,5Y_ANNUAL,ANNUAL,5,56,86,78000,89142,126395,2132426,2347964,3010.210256,114.284615,20260511_FWD_SAVING_FortuneWorldII_USD15600_ANNUAL_5pay.pdf
2026-05-11,FWD,fwd_fortune_world_ii,盈聚‧天下 II 保險計劃,savings,5Y_ANNUAL,ANNUAL,5,57,87,78000,89383,129278,2281921,2500582,3205.874359,114.59359,20260511_FWD_SAVING_FortuneWorldII_USD15600_ANNUAL_5pay.pdf
2026-05-11,FWD,fwd_fortune_world_ii,盈聚‧天下 II 保險計劃,savings,5Y_ANNUAL,ANNUAL,5,58,88,78000,89623,132184,2441322,2663130,3414.269231,114.901282,20260511_FWD_SAVING_FortuneWorldII_USD15600_ANNUAL_5pay.pdf
2026-05-11,FWD,fwd_fortune_world_ii,盈聚‧天下 II 保險計劃,savings,5Y_ANNUAL,ANNUAL,5,59,89,78000,89864,135113,2611252,2836231,3636.19359,115.210256,20260511_FWD_SAVING_FortuneWorldII_USD15600_ANNUAL_5pay.pdf
2026-05-11,FWD,fwd_fortune_world_ii,盈聚‧天下 II 保險計劃,savings,5Y_ANNUAL,ANNUAL,5,60,90,78000,90104,138066,2792415,3020587,3872.547436,115.517949,20260511_FWD_SAVING_FortuneWorldII_USD15600_ANNUAL_5pay.pdf
2026-05-11,FWD,fwd_fortune_world_ii,盈聚‧天下 II 保險計劃,savings,5Y_ANNUAL,ANNUAL,5,61,91,78000,90345,141043,2985543,3216932,4124.271795,115.826923,20260511_FWD_SAVING_FortuneWorldII_USD15600_ANNUAL_5pay.pdf
2026-05-11,FWD,fwd_fortune_world_ii,盈聚‧天下 II 保險計劃,savings,5Y_ANNUAL,ANNUAL,5,62,92,78000,90585,144043,3191401,3426030,4392.346154,116.134615,20260511_FWD_SAVING_FortuneWorldII_USD15600_ANNUAL_5pay.pdf
2026-05-11,FWD,fwd_fortune_world_ii,盈聚‧天下 II 保險計劃,savings,5Y_ANNUAL,ANNUAL,5,63,93,78000,90906,147068,3410752,3648727,4677.855128,116.546154,20260511_FWD_SAVING_FortuneWorldII_USD15600_ANNUAL_5pay.pdf
2026-05-11,FWD,fwd_fortune_world_ii,盈聚‧天下 II 保險計劃,savings,5Y_ANNUAL,ANNUAL,5,64,94,78000,91227,150116,3644550,3885893,4981.914103,116.957692,20260511_FWD_SAVING_FortuneWorldII_USD15600_ANNUAL_5pay.pdf
2026-05-11,FWD,fwd_fortune_world_ii,盈聚‧天下 II 保險計劃,savings,5Y_ANNUAL,ANNUAL,5,65,95,78000,91547,153189,3893728,4138466,5305.725641,117.367949,20260511_FWD_SAVING_FortuneWorldII_USD15600_ANNUAL_5pay.pdf
2026-05-11,FWD,fwd_fortune_world_ii,盈聚‧天下 II 保險計劃,savings,5Y_ANNUAL,ANNUAL,5,66,96,78000,91868,156287,4159318,4407474,5650.607692,117.779487,20260511_FWD_SAVING_FortuneWorldII_USD15600_ANNUAL_5pay.pdf
2026-05-11,FWD,fwd_fortune_world_ii,盈聚‧天下 II 保險計劃,savings,5Y_ANNUAL,ANNUAL,5,67,97,78000,92189,159409,4442365,4693963,6017.901282,118.191026,20260511_FWD_SAVING_FortuneWorldII_USD15600_ANNUAL_5pay.pdf
2026-05-11,FWD,fwd_fortune_world_ii,盈聚‧天下 II 保險計劃,savings,5Y_ANNUAL,ANNUAL,5,68,98,78000,92670,162556,4743835,4999062,6409.053846,118.807692,20260511_FWD_SAVING_FortuneWorldII_USD15600_ANNUAL_5pay.pdf
2026-05-11,FWD,fwd_fortune_world_ii,盈聚‧天下 II 保險計劃,savings,5Y_ANNUAL,ANNUAL,5,69,99,78000,92926,165729,5065351,5324007,6825.65,119.135897,20260511_FWD_SAVING_FortuneWorldII_USD15600_ANNUAL_5pay.pdf
2026-05-11,FWD,fwd_fortune_world_ii,盈聚‧天下 II 保險計劃,savings,5Y_ANNUAL,ANNUAL,5,70,100,78000,93311,168926,5407833,5670072,7269.323077,119.629487,20260511_FWD_SAVING_FortuneWorldII_USD15600_ANNUAL_5pay.pdf
2026-05-11,FWD,fwd_fortune_world_ii,盈聚‧天下 II 保險計劃,savings,5Y_ANNUAL,ANNUAL,5,71,101,78000,93792,172150,5772686,6038629,7741.832051,120.246154,20260511_FWD_SAVING_FortuneWorldII_USD15600_ANNUAL_5pay.pdf
2026-05-11,FWD,fwd_fortune_world_ii,盈聚‧天下 II 保險計劃,savings,5Y_ANNUAL,ANNUAL,5,72,102,78000,94113,175399,6161625,6431138,8245.048718,120.657692,20260511_FWD_SAVING_FortuneWorldII_USD15600_ANNUAL_5pay.pdf
2026-05-11,FWD,fwd_fortune_world_ii,盈聚‧天下 II 保險計劃,savings,5Y_ANNUAL,ANNUAL,5,73,103,78000,94594,178674,6575883,6849152,8780.964103,121.274359,20260511_FWD_SAVING_FortuneWorldII_USD15600_ANNUAL_5pay.pdf
2026-05-11,FWD,fwd_fortune_world_ii,盈聚‧天下 II 保險計劃,savings,5Y_ANNUAL,ANNUAL,5,74,104,78000,94914,181976,7017457,7294348,9351.728205,121.684615,20260511_FWD_SAVING_FortuneWorldII_USD15600_ANNUAL_5pay.pdf
2026-05-11,FWD,fwd_fortune_world_ii,盈聚‧天下 II 保險計劃,savings,5Y_ANNUAL,ANNUAL,5,75,105,78000,95235,185304,7487953,7768492,9959.605128,122.096154,20260511_FWD_SAVING_FortuneWorldII_USD15600_ANNUAL_5pay.pdf
2026-05-11,FWD,fwd_fortune_world_ii,盈聚‧天下 II 保險計劃,savings,5Y_ANNUAL,ANNUAL,5,76,106,78000,95556,188658,7989228,8273442,10606.976923,122.507692,20260511_FWD_SAVING_FortuneWorldII_USD15600_ANNUAL_5pay.pdf
2026-05-11,FWD,fwd_fortune_world_ii,盈聚‧天下 II 保險計劃,savings,5Y_ANNUAL,ANNUAL,5,77,107,78000,96037,192039,8523138,8811214,11296.428205,123.124359,20260511_FWD_SAVING_FortuneWorldII_USD15600_ANNUAL_5pay.pdf
2026-05-11,FWD,fwd_fortune_world_ii,盈聚‧天下 II 保險計劃,savings,5Y_ANNUAL,ANNUAL,5,78,108,78000,96518,195448,9091976,9383942,12030.694872,123.741026,20260511_FWD_SAVING_FortuneWorldII_USD15600_ANNUAL_5pay.pdf
2026-05-11,FWD,fwd_fortune_world_ii,盈聚‧天下 II 保險計劃,savings,5Y_ANNUAL,ANNUAL,5,79,109,78000,96838,198883,9698176,9993899,12812.691026,124.151282,20260511_FWD_SAVING_FortuneWorldII_USD15600_ANNUAL_5pay.pdf
2026-05-11,FWD,fwd_fortune_world_ii,盈聚‧天下 II 保險計劃,savings,5Y_ANNUAL,ANNUAL,5,80,110,78000,97319,202346,10343829,10643495,13645.50641,124.767949,20260511_FWD_SAVING_FortuneWorldII_USD15600_ANNUAL_5pay.pdf
2026-05-11,FWD,fwd_fortune_world_ii,盈聚‧天下 II 保險計劃,savings,5Y_ANNUAL,ANNUAL,5,81,111,78000,97800,205837,11031696,11335334,14532.479487,125.384615,20260511_FWD_SAVING_FortuneWorldII_USD15600_ANNUAL_5pay.pdf
2026-05-11,FWD,fwd_fortune_world_ii,盈聚‧天下 II 保險計劃,savings,5Y_ANNUAL,ANNUAL,5,82,112,78000,98121,209356,11764646,12072123,15477.080769,125.796154,20260511_FWD_SAVING_FortuneWorldII_USD15600_ANNUAL_5pay.pdf
2026-05-11,FWD,fwd_fortune_world_ii,盈聚‧天下 II 保險計劃,savings,5Y_ANNUAL,ANNUAL,5,83,113,78000,98602,212903,12545317,12856822,16483.105128,126.412821,20260511_FWD_SAVING_FortuneWorldII_USD15600_ANNUAL_5pay.pdf
2026-05-11,FWD,fwd_fortune_world_ii,盈聚‧天下 II 保險計劃,savings,5Y_ANNUAL,ANNUAL,5,84,114,78000,99083,216478,13376953,13692514,17554.505128,127.029487,20260511_FWD_SAVING_FortuneWorldII_USD15600_ANNUAL_5pay.pdf
2026-05-11,FWD,fwd_fortune_world_ii,盈聚‧天下 II 保險計劃,savings,5Y_ANNUAL,ANNUAL,5,85,115,78000,99403,220082,14263033,14582519,18695.537179,127.439744,20260511_FWD_SAVING_FortuneWorldII_USD15600_ANNUAL_5pay.pdf
2026-05-11,FWD,fwd_fortune_world_ii,盈聚‧天下 II 保險計劃,savings,5Y_ANNUAL,ANNUAL,5,86,116,78000,99884,223714,15206786,15530386,19910.751282,128.05641,20260511_FWD_SAVING_FortuneWorldII_USD15600_ANNUAL_5pay.pdf
2026-05-11,FWD,fwd_fortune_world_ii,盈聚‧天下 II 保險計劃,savings,5Y_ANNUAL,ANNUAL,5,87,117,78000,100366,227376,16212128,16539870,21204.961538,128.674359,20260511_FWD_SAVING_FortuneWorldII_USD15600_ANNUAL_5pay.pdf
2026-05-11,FWD,fwd_fortune_world_ii,盈聚‧天下 II 保險計劃,savings,5Y_ANNUAL,ANNUAL,5,88,118,78000,100686,231067,17283193,17614947,22583.265385,129.084615,20260511_FWD_SAVING_FortuneWorldII_USD15600_ANNUAL_5pay.pdf
2026-05-11,FWD,fwd_fortune_world_ii,盈聚‧天下 II 保險計劃,savings,5Y_ANNUAL,ANNUAL,5,89,119,78000,101167,234787,18423974,18759929,24051.191026,129.701282,20260511_FWD_SAVING_FortuneWorldII_USD15600_ANNUAL_5pay.pdf
2026-05-11,FWD,fwd_fortune_world_ii,盈聚‧天下 II 保險計劃,savings,5Y_ANNUAL,ANNUAL,5,90,120,78000,101488,238538,19639292,19979318,25614.510256,130.112821,20260511_FWD_SAVING_FortuneWorldII_USD15600_ANNUAL_5pay.pdf
2026-05-11,FWD,fwd_fortune_world_ii,盈聚‧天下 II 保險計劃,savings,5Y_ANNUAL,ANNUAL,5,91,121,78000,102289,242318,20933374,21277983,27279.465385,131.139744,20260511_FWD_SAVING_FortuneWorldII_USD15600_ANNUAL_5pay.pdf
2026-05-11,FWD,fwd_fortune_world_ii,盈聚‧天下 II 保險計劃,savings,5Y_ANNUAL,ANNUAL,5,92,122,78000,102770,246129,22312149,22661049,29052.626923,131.75641,20260511_FWD_SAVING_FortuneWorldII_USD15600_ANNUAL_5pay.pdf
2026-05-11,FWD,fwd_fortune_world_ii,盈聚‧天下 II 保險計劃,savings,5Y_ANNUAL,ANNUAL,5,93,123,78000,103412,249970,23780640,24134022,30941.053846,132.579487,20260511_FWD_SAVING_FortuneWorldII_USD15600_ANNUAL_5pay.pdf
2026-05-11,FWD,fwd_fortune_world_ii,盈聚‧天下 II 保險計劃,savings,5Y_ANNUAL,ANNUAL,5,94,124,78000,103893,253841,25344992,25702727,32952.214103,133.196154,20260511_FWD_SAVING_FortuneWorldII_USD15600_ANNUAL_5pay.pdf
2026-05-11,FWD,fwd_fortune_world_ii,盈聚‧天下 II 保險計劃,savings,5Y_ANNUAL,ANNUAL,5,95,125,78000,104293,257744,27011368,27373407,35094.111538,133.708974,20260511_FWD_SAVING_FortuneWorldII_USD15600_ANNUAL_5pay.pdf
2026-05-11,FWD,fwd_fortune_world_ii,盈聚‧天下 II 保險計劃,savings,5Y_ANNUAL,ANNUAL,5,96,126,78000,104694,261678,28786305,29152679,37375.229487,134.223077,20260511_FWD_SAVING_FortuneWorldII_USD15600_ANNUAL_5pay.pdf
2026-05-11,FWD,fwd_fortune_world_ii,盈聚‧天下 II 保險計劃,savings,5Y_ANNUAL,ANNUAL,5,97,127,78000,105175,265644,30676791,31047611,39804.629487,134.839744,20260511_FWD_SAVING_FortuneWorldII_USD15600_ANNUAL_5pay.pdf
2026-05-11,FWD,fwd_fortune_world_ii,盈聚‧天下 II 保險計劃,savings,5Y_ANNUAL,ANNUAL,5,98,128,78000,105656,269641,32690408,33065706,42391.930769,135.45641,20260511_FWD_SAVING_FortuneWorldII_USD15600_ANNUAL_5pay.pdf
2026-05-11,FWD,fwd_fortune_world_ii,盈聚‧天下 II 保險計劃,savings,5Y_ANNUAL,ANNUAL,5,99,129,78000,106137,273670,34835158,35214967,45147.39359,136.073077,20260511_FWD_SAVING_FortuneWorldII_USD15600_ANNUAL_5pay.pdf
2026-05-11,FWD,fwd_fortune_world_ii,盈聚‧天下 II 保險計劃,savings,5Y_ANNUAL,ANNUAL,5,100,130,78000,106779,277731,37119435,37503946,48081.982051,136.896154,20260511_FWD_SAVING_FortuneWorldII_USD15600_ANNUAL_5pay.pdf
2026-05-11,FWD,fwd_fortune_world_ii,盈聚‧天下 II 保險計劃,savings,5Y_ANNUAL,ANNUAL,5,101,131,78000,107121,281825,39552754,39941702,51207.310256,137.334615,20260511_FWD_SAVING_FortuneWorldII_USD15600_ANNUAL_5pay.pdf
2026-05-11,FWD,fwd_fortune_world_ii,盈聚‧天下 II 保險計劃,savings,5Y_ANNUAL,ANNUAL,5,102,132,78000,107465,285952,42144492,42537909,54535.780769,137.775641,20260511_FWD_SAVING_FortuneWorldII_USD15600_ANNUAL_5pay.pdf
2026-05-11,FWD,fwd_fortune_world_ii,盈聚‧天下 II 保險計劃,savings,5Y_ANNUAL,ANNUAL,5,103,133,78000,107810,290111,44904958,45302881,58080.616667,138.217949,20260511_FWD_SAVING_FortuneWorldII_USD15600_ANNUAL_5pay.pdf
2026-05-11,FWD,fwd_fortune_world_ii,盈聚‧天下 II 保險計劃,savings,5Y_ANNUAL,ANNUAL,5,104,134,78000,108156,294304,47845106,48247567,61855.855128,138.661538,20260511_FWD_SAVING_FortuneWorldII_USD15600_ANNUAL_5pay.pdf
2026-05-11,FWD,fwd_fortune_world_ii,盈聚‧天下 II 保險計劃,savings,5Y_ANNUAL,ANNUAL,5,105,135,78000,108503,298531,50976619,51383654,65876.479487,139.10641,20260511_FWD_SAVING_FortuneWorldII_USD15600_ANNUAL_5pay.pdf
2026-05-11,FWD,fwd_fortune_world_ii,盈聚‧天下 II 保險計劃,savings,5Y_ANNUAL,ANNUAL,5,106,136,78000,108852,302791,54311946,54723589,70158.447436,139.553846,20260511_FWD_SAVING_FortuneWorldII_USD15600_ANNUAL_5pay.pdf
2026-05-11,FWD,fwd_fortune_world_ii,盈聚‧天下 II 保險計劃,savings,5Y_ANNUAL,ANNUAL,5,107,137,78000,109201,307085,57864346,58280634,74718.761538,140.001282,20260511_FWD_SAVING_FortuneWorldII_USD15600_ANNUAL_5pay.pdf
2026-05-11,FWD,fwd_fortune_world_ii,盈聚‧天下 II 保險計劃,savings,5Y_ANNUAL,ANNUAL,5,108,138,78000,109551,311414,61647908,62068874,79575.479487,140.45,20260511_FWD_SAVING_FortuneWorldII_USD15600_ANNUAL_5pay.pdf
2026-05-11,FWD,fwd_fortune_world_ii,盈聚‧天下 II 保險計劃,savings,5Y_MONTHLY,MONTHLY,5,1,31,15599,0,0,0,0,0.0,0.0,20260511_FWD_SAVING_FortuneWorldII_TARGET1300_ACTUAL1299.96_MONTHLY_5pay_STANDARD_ROUNDED.pdf
2026-05-11,FWD,fwd_fortune_world_ii,盈聚‧天下 II 保險計劃,savings,5Y_MONTHLY,MONTHLY,5,2,32,31199,0,346,0,346,1.10901,0.0,20260511_FWD_SAVING_FortuneWorldII_TARGET1300_ACTUAL1299.96_MONTHLY_5pay_STANDARD_ROUNDED.pdf
2026-05-11,FWD,fwd_fortune_world_ii,盈聚‧天下 II 保險計劃,savings,5Y_MONTHLY,MONTHLY,5,3,33,46798,3859,2082,12652,18595,39.734604,8.246079,20260511_FWD_SAVING_FortuneWorldII_TARGET1300_ACTUAL1299.96_MONTHLY_5pay_STANDARD_ROUNDED.pdf
2026-05-11,FWD,fwd_fortune_world_ii,盈聚‧天下 II 保險計劃,savings,5Y_MONTHLY,MONTHLY,5,4,34,62398,10836,3832,13360,28030,44.921312,17.365941,20260511_FWD_SAVING_FortuneWorldII_TARGET1300_ACTUAL1299.96_MONTHLY_5pay_STANDARD_ROUNDED.pdf
2026-05-11,FWD,fwd_fortune_world_ii,盈聚‧天下 II 保險計劃,savings,5Y_MONTHLY,MONTHLY,5,5,35,77997,20485,5596,16856,42938,55.050835,26.263831,20260511_FWD_SAVING_FortuneWorldII_TARGET1300_ACTUAL1299.96_MONTHLY_5pay_STANDARD_ROUNDED.pdf
2026-05-11,FWD,fwd_fortune_world_ii,盈聚‧天下 II 保險計劃,savings,5Y_MONTHLY,MONTHLY,5,6,36,77997,37258,7374,27588,72221,92.594587,47.768504,20260511_FWD_SAVING_FortuneWorldII_TARGET1300_ACTUAL1299.96_MONTHLY_5pay_STANDARD_ROUNDED.pdf
2026-05-11,FWD,fwd_fortune_world_ii,盈聚‧天下 II 保險計劃,savings,5Y_MONTHLY,MONTHLY,5,7,37,77997,37554,9166,28021,74742,95.826763,48.148006,20260511_FWD_SAVING_FortuneWorldII_TARGET1300_ACTUAL1299.96_MONTHLY_5pay_STANDARD_ROUNDED.pdf
2026-05-11,FWD,fwd_fortune_world_ii,盈聚‧天下 II 保險計劃,savings,5Y_MONTHLY,MONTHLY,5,8,38,77997,43050,10973,30419,84442,108.263138,55.194431,20260511_FWD_SAVING_FortuneWorldII_TARGET1300_ACTUAL1299.96_MONTHLY_5pay_STANDARD_ROUNDED.pdf
2026-05-11,FWD,fwd_fortune_world_ii,盈聚‧天下 II 保險計劃,savings,5Y_MONTHLY,MONTHLY,5,9,39,77997,44385,12794,33004,90185,115.626242,56.906035,20260511_FWD_SAVING_FortuneWorldII_TARGET1300_ACTUAL1299.96_MONTHLY_5pay_STANDARD_ROUNDED.pdf
2026-05-11,FWD,fwd_fortune_world_ii,盈聚‧天下 II 保險計劃,savings,5Y_MONTHLY,MONTHLY,5,10,40,77997,45573,14630,35228,95432,122.353424,58.42917,20260511_FWD_SAVING_FortuneWorldII_TARGET1300_ACTUAL1299.96_MONTHLY_5pay_STANDARD_ROUNDED.pdf
2026-05-11,FWD,fwd_fortune_world_ii,盈聚‧天下 II 保險計劃,savings,5Y_MONTHLY,MONTHLY,5,11,41,77997,47058,16480,37987,101526,130.166545,60.33309,20260511_FWD_SAVING_FortuneWorldII_TARGET1300_ACTUAL1299.96_MONTHLY_5pay_STANDARD_ROUNDED.pdf
2026-05-11,FWD,fwd_fortune_world_ii,盈聚‧天下 II 保險計劃,savings,5Y_MONTHLY,MONTHLY,5,12,42,77997,48394,18345,41685,108425,139.011757,62.045976,20260511_FWD_SAVING_FortuneWorldII_TARGET1300_ACTUAL1299.96_MONTHLY_5pay_STANDARD_ROUNDED.pdf
2026-05-11,FWD,fwd_fortune_world_ii,盈聚‧天下 II 保險計劃,savings,5Y_MONTHLY,MONTHLY,5,13,43,77997,49878,20225,46336,116440,149.287793,63.948613,20260511_FWD_SAVING_FortuneWorldII_TARGET1300_ACTUAL1299.96_MONTHLY_5pay_STANDARD_ROUNDED.pdf
2026-05-11,FWD,fwd_fortune_world_ii,盈聚‧天下 II 保險計劃,savings,5Y_MONTHLY,MONTHLY,5,14,44,77997,51363,22120,52243,125727,161.194661,65.852533,20260511_FWD_SAVING_FortuneWorldII_TARGET1300_ACTUAL1299.96_MONTHLY_5pay_STANDARD_ROUNDED.pdf
2026-05-11,FWD,fwd_fortune_world_ii,盈聚‧天下 II 保險計劃,savings,5Y_MONTHLY,MONTHLY,5,15,45,77997,56518,24031,55956,136506,175.014424,72.461761,20260511_FWD_SAVING_FortuneWorldII_TARGET1300_ACTUAL1299.96_MONTHLY_5pay_STANDARD_ROUNDED.pdf
2026-05-11,FWD,fwd_fortune_world_ii,盈聚‧天下 II 保險計劃,savings,5Y_MONTHLY,MONTHLY,5,16,46,77997,63326,25956,57949,147232,188.766235,81.190302,20260511_FWD_SAVING_FortuneWorldII_TARGET1300_ACTUAL1299.96_MONTHLY_5pay_STANDARD_ROUNDED.pdf
2026-05-11,FWD,fwd_fortune_world_ii,盈聚‧天下 II 保險計劃,savings,5Y_MONTHLY,MONTHLY,5,17,47,77997,72230,27897,59263,159392,204.356578,92.606126,20260511_FWD_SAVING_FortuneWorldII_TARGET1300_ACTUAL1299.96_MONTHLY_5pay_STANDARD_ROUNDED.pdf
2026-05-11,FWD,fwd_fortune_world_ii,盈聚‧天下 II 保險計劃,savings,5Y_MONTHLY,MONTHLY,5,18,48,77997,72286,29853,71064,173204,222.064951,92.677924,20260511_FWD_SAVING_FortuneWorldII_TARGET1300_ACTUAL1299.96_MONTHLY_5pay_STANDARD_ROUNDED.pdf
2026-05-11,FWD,fwd_fortune_world_ii,盈聚‧天下 II 保險計劃,savings,5Y_MONTHLY,MONTHLY,5,19,49,77997,72348,31826,84757,188932,242.229829,92.757414,20260511_FWD_SAVING_FortuneWorldII_TARGET1300_ACTUAL1299.96_MONTHLY_5pay_STANDARD_ROUNDED.pdf
2026-05-11,FWD,fwd_fortune_world_ii,盈聚‧天下 II 保險計劃,savings,5Y_MONTHLY,MONTHLY,5,20,50,77997,72418,33813,100602,206834,265.181994,92.847161,20260511_FWD_SAVING_FortuneWorldII_TARGET1300_ACTUAL1299.96_MONTHLY_5pay_STANDARD_ROUNDED.pdf
2026-05-11,FWD,fwd_fortune_world_ii,盈聚‧天下 II 保險計劃,savings,5Y_MONTHLY,MONTHLY,5,21,51,77997,72494,35817,114930,223243,286.219983,92.9446,20260511_FWD_SAVING_FortuneWorldII_TARGET1300_ACTUAL1299.96_MONTHLY_5pay_STANDARD_ROUNDED.pdf
2026-05-11,FWD,fwd_fortune_world_ii,盈聚‧天下 II 保險計劃,savings,5Y_MONTHLY,MONTHLY,5,22,52,77997,72618,37837,130934,241390,309.486262,93.103581,20260511_FWD_SAVING_FortuneWorldII_TARGET1300_ACTUAL1299.96_MONTHLY_5pay_STANDARD_ROUNDED.pdf
2026-05-11,FWD,fwd_fortune_world_ii,盈聚‧天下 II 保險計劃,savings,5Y_MONTHLY,MONTHLY,5,23,53,77997,72752,39873,148874,261500,335.269305,93.275382,20260511_FWD_SAVING_FortuneWorldII_TARGET1300_ACTUAL1299.96_MONTHLY_5pay_STANDARD_ROUNDED.pdf
2026-05-11,FWD,fwd_fortune_world_ii,盈聚‧天下 II 保險計劃,savings,5Y_MONTHLY,MONTHLY,5,24,54,77997,72898,41925,168994,283818,363.883226,93.462569,20260511_FWD_SAVING_FortuneWorldII_TARGET1300_ACTUAL1299.96_MONTHLY_5pay_STANDARD_ROUNDED.pdf
2026-05-11,FWD,fwd_fortune_world_ii,盈聚‧天下 II 保險計劃,savings,5Y_MONTHLY,MONTHLY,5,25,55,77997,73055,43994,191556,308606,395.663936,93.663859,20260511_FWD_SAVING_FortuneWorldII_TARGET1300_ACTUAL1299.96_MONTHLY_5pay_STANDARD_ROUNDED.pdf
2026-05-11,FWD,fwd_fortune_world_ii,盈聚‧天下 II 保險計劃,savings,5Y_MONTHLY,MONTHLY,5,26,56,77997,74224,46079,208369,328673,421.391848,95.162634,20260511_FWD_SAVING_FortuneWorldII_TARGET1300_ACTUAL1299.96_MONTHLY_5pay_STANDARD_ROUNDED.pdf
2026-05-11,FWD,fwd_fortune_world_ii,盈聚‧天下 II 保險計劃,savings,5Y_MONTHLY,MONTHLY,5,27,57,77997,74372,48181,227478,350032,448.776235,95.352385,20260511_FWD_SAVING_FortuneWorldII_TARGET1300_ACTUAL1299.96_MONTHLY_5pay_STANDARD_ROUNDED.pdf
2026-05-11,FWD,fwd_fortune_world_ii,盈聚‧天下 II 保險計劃,savings,5Y_MONTHLY,MONTHLY,5,28,58,77997,74521,50300,247960,372781,477.942741,95.543418,20260511_FWD_SAVING_FortuneWorldII_TARGET1300_ACTUAL1299.96_MONTHLY_5pay_STANDARD_ROUNDED.pdf
2026-05-11,FWD,fwd_fortune_world_ii,盈聚‧天下 II 保險計劃,savings,5Y_MONTHLY,MONTHLY,5,29,59,77997,74669,52436,269915,397020,509.019578,95.733169,20260511_FWD_SAVING_FortuneWorldII_TARGET1300_ACTUAL1299.96_MONTHLY_5pay_STANDARD_ROUNDED.pdf
2026-05-11,FWD,fwd_fortune_world_ii,盈聚‧天下 II 保險計劃,savings,5Y_MONTHLY,MONTHLY,5,30,60,77997,74817,54588,293415,422822,542.100337,95.92292,20260511_FWD_SAVING_FortuneWorldII_TARGET1300_ACTUAL1299.96_MONTHLY_5pay_STANDARD_ROUNDED.pdf
2026-05-11,FWD,fwd_fortune_world_ii,盈聚‧天下 II 保險計劃,savings,5Y_MONTHLY,MONTHLY,5,31,61,77997,74966,56758,318576,450302,577.332462,96.113953,20260511_FWD_SAVING_FortuneWorldII_TARGET1300_ACTUAL1299.96_MONTHLY_5pay_STANDARD_ROUNDED.pdf
2026-05-11,FWD,fwd_fortune_world_ii,盈聚‧天下 II 保險計劃,savings,5Y_MONTHLY,MONTHLY,5,32,62,77997,75114,58946,345514,479576,614.864674,96.303704,20260511_FWD_SAVING_FortuneWorldII_TARGET1300_ACTUAL1299.96_MONTHLY_5pay_STANDARD_ROUNDED.pdf
2026-05-11,FWD,fwd_fortune_world_ii,盈聚‧天下 II 保險計劃,savings,5Y_MONTHLY,MONTHLY,5,33,63,77997,75560,61151,374041,510753,654.836724,96.875521,20260511_FWD_SAVING_FortuneWorldII_TARGET1300_ACTUAL1299.96_MONTHLY_5pay_STANDARD_ROUNDED.pdf
2026-05-11,FWD,fwd_fortune_world_ii,盈聚‧天下 II 保險計劃,savings,5Y_MONTHLY,MONTHLY,5,34,64,77997,76005,63373,404576,543955,697.405028,97.446056,20260511_FWD_SAVING_FortuneWorldII_TARGET1300_ACTUAL1299.96_MONTHLY_5pay_STANDARD_ROUNDED.pdf
2026-05-11,FWD,fwd_fortune_world_ii,盈聚‧天下 II 保險計劃,savings,5Y_MONTHLY,MONTHLY,5,35,65,77997,76450,65613,437248,579313,742.737541,98.01659,20260511_FWD_SAVING_FortuneWorldII_TARGET1300_ACTUAL1299.96_MONTHLY_5pay_STANDARD_ROUNDED.pdf
2026-05-11,FWD,fwd_fortune_world_ii,盈聚‧天下 II 保險計劃,savings,5Y_MONTHLY,MONTHLY,5,36,66,77997,76747,67872,472347,616967,791.013757,98.397374,20260511_FWD_SAVING_FortuneWorldII_TARGET1300_ACTUAL1299.96_MONTHLY_5pay_STANDARD_ROUNDED.pdf
2026-05-11,FWD,fwd_fortune_world_ii,盈聚‧天下 II 保險計劃,savings,5Y_MONTHLY,MONTHLY,5,37,67,77997,77341,70148,509584,657074,842.434965,99.158942,20260511_FWD_SAVING_FortuneWorldII_TARGET1300_ACTUAL1299.96_MONTHLY_5pay_STANDARD_ROUNDED.pdf
2026-05-11,FWD,fwd_fortune_world_ii,盈聚‧天下 II 保險計劃,savings,5Y_MONTHLY,MONTHLY,5,38,68,77997,77935,72442,549391,699770,897.175532,99.92051,20260511_FWD_SAVING_FortuneWorldII_TARGET1300_ACTUAL1299.96_MONTHLY_5pay_STANDARD_ROUNDED.pdf
2026-05-11,FWD,fwd_fortune_world_ii,盈聚‧天下 II 保險計劃,savings,5Y_MONTHLY,MONTHLY,5,39,69,77997,78232,74755,592276,745263,955.502135,100.301294,20260511_FWD_SAVING_FortuneWorldII_TARGET1300_ACTUAL1299.96_MONTHLY_5pay_STANDARD_ROUNDED.pdf
2026-05-11,FWD,fwd_fortune_world_ii,盈聚‧天下 II 保險計劃,savings,5Y_MONTHLY,MONTHLY,5,40,70,77997,78944,77086,637673,793705,1017.609652,101.214149,20260511_FWD_SAVING_FortuneWorldII_TARGET1300_ACTUAL1299.96_MONTHLY_5pay_STANDARD_ROUNDED.pdf
2026-05-11,FWD,fwd_fortune_world_ii,盈聚‧天下 II 保險計劃,savings,5Y_MONTHLY,MONTHLY,5,41,71,77997,79137,79436,686725,845300,1083.759632,101.461595,20260511_FWD_SAVING_FortuneWorldII_TARGET1300_ACTUAL1299.96_MONTHLY_5pay_STANDARD_ROUNDED.pdf
2026-05-11,FWD,fwd_fortune_world_ii,盈聚‧天下 II 保險計劃,savings,5Y_MONTHLY,MONTHLY,5,42,72,77997,79330,81805,739099,900235,1154.191828,101.70904,20260511_FWD_SAVING_FortuneWorldII_TARGET1300_ACTUAL1299.96_MONTHLY_5pay_STANDARD_ROUNDED.pdf
2026-05-11,FWD,fwd_fortune_world_ii,盈聚‧天下 II 保險計劃,savings,5Y_MONTHLY,MONTHLY,5,43,73,77997,79523,84193,795041,958758,1229.224201,101.956486,20260511_FWD_SAVING_FortuneWorldII_TARGET1300_ACTUAL1299.96_MONTHLY_5pay_STANDARD_ROUNDED.pdf
2026-05-11,FWD,fwd_fortune_world_ii,盈聚‧天下 II 保險計劃,savings,5Y_MONTHLY,MONTHLY,5,44,74,77997,79716,86600,854767,1021083,1309.13112,102.203931,20260511_FWD_SAVING_FortuneWorldII_TARGET1300_ACTUAL1299.96_MONTHLY_5pay_STANDARD_ROUNDED.pdf
2026-05-11,FWD,fwd_fortune_world_ii,盈聚‧天下 II 保險計劃,savings,5Y_MONTHLY,MONTHLY,5,45,75,77997,79909,89026,918508,1087444,1394.212598,102.451376,20260511_FWD_SAVING_FortuneWorldII_TARGET1300_ACTUAL1299.96_MONTHLY_5pay_STANDARD_ROUNDED.pdf
2026-05-11,FWD,fwd_fortune_world_ii,盈聚‧天下 II 保險計劃,savings,5Y_MONTHLY,MONTHLY,5,46,76,77997,80102,91471,986554,1158128,1484.836596,102.698822,20260511_FWD_SAVING_FortuneWorldII_TARGET1300_ACTUAL1299.96_MONTHLY_5pay_STANDARD_ROUNDED.pdf
2026-05-11,FWD,fwd_fortune_world_ii,盈聚‧天下 II 保險計劃,savings,5Y_MONTHLY,MONTHLY,5,47,77,77997,80295,93936,1059178,1233410,1581.355693,102.946267,20260511_FWD_SAVING_FortuneWorldII_TARGET1300_ACTUAL1299.96_MONTHLY_5pay_STANDARD_ROUNDED.pdf
2026-05-11,FWD,fwd_fortune_world_ii,盈聚‧天下 II 保險計劃,savings,5Y_MONTHLY,MONTHLY,5,48,78,77997,80607,96421,1136555,1313583,1684.145544,103.346283,20260511_FWD_SAVING_FortuneWorldII_TARGET1300_ACTUAL1299.96_MONTHLY_5pay_STANDARD_ROUNDED.pdf
2026-05-11,FWD,fwd_fortune_world_ii,盈聚‧天下 II 保險計劃,savings,5Y_MONTHLY,MONTHLY,5,49,79,77997,80830,98926,1219218,1398974,1793.625396,103.632191,20260511_FWD_SAVING_FortuneWorldII_TARGET1300_ACTUAL1299.96_MONTHLY_5pay_STANDARD_ROUNDED.pdf
2026-05-11,FWD,fwd_fortune_world_ii,盈聚‧天下 II 保險計劃,savings,5Y_MONTHLY,MONTHLY,5,50,80,77997,81052,101450,1307398,1489902,1910.204239,103.916817,20260511_FWD_SAVING_FortuneWorldII_TARGET1300_ACTUAL1299.96_MONTHLY_5pay_STANDARD_ROUNDED.pdf
2026-05-11,FWD,fwd_fortune_world_ii,盈聚‧天下 II 保險計劃,savings,5Y_MONTHLY,MONTHLY,5,51,81,77997,81275,103995,1401472,1586743,2034.364142,104.202726,20260511_FWD_SAVING_FortuneWorldII_TARGET1300_ACTUAL1299.96_MONTHLY_5pay_STANDARD_ROUNDED.pdf
2026-05-11,FWD,fwd_fortune_world_ii,盈聚‧天下 II 保險計劃,savings,5Y_MONTHLY,MONTHLY,5,52,82,77997,81498,106561,1501829,1689888,2166.606408,104.488634,20260511_FWD_SAVING_FortuneWorldII_TARGET1300_ACTUAL1299.96_MONTHLY_5pay_STANDARD_ROUNDED.pdf
2026-05-11,FWD,fwd_fortune_world_ii,盈聚‧天下 II 保險計劃,savings,5Y_MONTHLY,MONTHLY,5,53,83,77997,81720,109146,1608859,1799726,2307.429773,104.773261,20260511_FWD_SAVING_FortuneWorldII_TARGET1300_ACTUAL1299.96_MONTHLY_5pay_STANDARD_ROUNDED.pdf
2026-05-11,FWD,fwd_fortune_world_ii,盈聚‧天下 II 保險計劃,savings,5Y_MONTHLY,MONTHLY,5,54,84,77997,82091,111753,1722865,1916711,2457.416311,105.24892,20260511_FWD_SAVING_FortuneWorldII_TARGET1300_ACTUAL1299.96_MONTHLY_5pay_STANDARD_ROUNDED.pdf
2026-05-11,FWD,fwd_fortune_world_ii,盈聚‧天下 II 保險計劃,savings,5Y_MONTHLY,MONTHLY,5,55,85,77997,82314,114380,1844599,2041294,2617.144249,105.534828,20260511_FWD_SAVING_FortuneWorldII_TARGET1300_ACTUAL1299.96_MONTHLY_5pay_STANDARD_ROUNDED.pdf
2026-05-11,FWD,fwd_fortune_world_ii,盈聚‧天下 II 保險計劃,savings,5Y_MONTHLY,MONTHLY,5,56,86,77997,82537,117028,1974408,2173974,2787.253356,105.820737,20260511_FWD_SAVING_FortuneWorldII_TARGET1300_ACTUAL1299.96_MONTHLY_5pay_STANDARD_ROUNDED.pdf
2026-05-11,FWD,fwd_fortune_world_ii,盈聚‧天下 II 保險計劃,savings,5Y_MONTHLY,MONTHLY,5,57,87,77997,82759,119698,2112824,2315283,2968.425709,106.105363,20260511_FWD_SAVING_FortuneWorldII_TARGET1300_ACTUAL1299.96_MONTHLY_5pay_STANDARD_ROUNDED.pdf
2026-05-11,FWD,fwd_fortune_world_ii,盈聚‧天下 II 保險計劃,savings,5Y_MONTHLY,MONTHLY,5,58,88,77997,82982,122389,2260413,2465785,3161.384412,106.391271,20260511_FWD_SAVING_FortuneWorldII_TARGET1300_ACTUAL1299.96_MONTHLY_5pay_STANDARD_ROUNDED.pdf
2026-05-11,FWD,fwd_fortune_world_ii,盈聚‧天下 II 保險計劃,savings,5Y_MONTHLY,MONTHLY,5,59,89,77997,83205,125101,2417752,2626059,3366.871803,106.67718,20260511_FWD_SAVING_FortuneWorldII_TARGET1300_ACTUAL1299.96_MONTHLY_5pay_STANDARD_ROUNDED.pdf
2026-05-11,FWD,fwd_fortune_world_ii,盈聚‧天下 II 保險計劃,savings,5Y_MONTHLY,MONTHLY,5,60,90,77997,83427,127835,2585490,2796754,3585.719964,106.961806,20260511_FWD_SAVING_FortuneWorldII_TARGET1300_ACTUAL1299.96_MONTHLY_5pay_STANDARD_ROUNDED.pdf
2026-05-11,FWD,fwd_fortune_world_ii,盈聚‧天下 II 保險計劃,savings,5Y_MONTHLY,MONTHLY,5,61,91,77997,83650,130591,2764307,2978549,3818.799441,107.247715,20260511_FWD_SAVING_FortuneWorldII_TARGET1300_ACTUAL1299.96_MONTHLY_5pay_STANDARD_ROUNDED.pdf
2026-05-11,FWD,fwd_fortune_world_ii,盈聚‧天下 II 保險計劃,savings,5Y_MONTHLY,MONTHLY,5,62,92,77997,83873,133369,2954910,3172153,4067.019244,107.533623,20260511_FWD_SAVING_FortuneWorldII_TARGET1300_ACTUAL1299.96_MONTHLY_5pay_STANDARD_ROUNDED.pdf
2026-05-11,FWD,fwd_fortune_world_ii,盈聚‧天下 II 保險計劃,savings,5Y_MONTHLY,MONTHLY,5,63,93,77997,84170,136170,3158007,3378347,4331.380694,107.914407,20260511_FWD_SAVING_FortuneWorldII_TARGET1300_ACTUAL1299.96_MONTHLY_5pay_STANDARD_ROUNDED.pdf
2026-05-11,FWD,fwd_fortune_world_ii,盈聚‧天下 II 保險計劃,savings,5Y_MONTHLY,MONTHLY,5,64,94,77997,84467,138992,3374479,3597939,4612.919728,108.295191,20260511_FWD_SAVING_FortuneWorldII_TARGET1300_ACTUAL1299.96_MONTHLY_5pay_STANDARD_ROUNDED.pdf
2026-05-11,FWD,fwd_fortune_world_ii,盈聚‧天下 II 保險計劃,savings,5Y_MONTHLY,MONTHLY,5,65,95,77997,84763,141837,3605193,3831795,4912.746644,108.674693,20260511_FWD_SAVING_FortuneWorldII_TARGET1300_ACTUAL1299.96_MONTHLY_5pay_STANDARD_ROUNDED.pdf
2026-05-11,FWD,fwd_fortune_world_ii,盈聚‧天下 II 保險計劃,savings,5Y_MONTHLY,MONTHLY,5,66,96,77997,85060,144705,3851102,4080869,5232.084567,109.055476,20260511_FWD_SAVING_FortuneWorldII_TARGET1300_ACTUAL1299.96_MONTHLY_5pay_STANDARD_ROUNDED.pdf
2026-05-11,FWD,fwd_fortune_world_ii,盈聚‧天下 II 保險計劃,savings,5Y_MONTHLY,MONTHLY,5,67,97,77997,85357,147596,4113174,4346129,5572.174571,109.43626,20260511_FWD_SAVING_FortuneWorldII_TARGET1300_ACTUAL1299.96_MONTHLY_5pay_STANDARD_ROUNDED.pdf
2026-05-11,FWD,fwd_fortune_world_ii,盈聚‧天下 II 保險計劃,savings,5Y_MONTHLY,MONTHLY,5,68,98,77997,85803,150510,4392304,4628618,5934.353885,110.008077,20260511_FWD_SAVING_FortuneWorldII_TARGET1300_ACTUAL1299.96_MONTHLY_5pay_STANDARD_ROUNDED.pdf
2026-05-11,FWD,fwd_fortune_world_ii,盈聚‧天下 II 保險計劃,savings,5Y_MONTHLY,MONTHLY,5,69,99,77997,86040,153448,4689995,4929484,6320.094363,110.311935,20260511_FWD_SAVING_FortuneWorldII_TARGET1300_ACTUAL1299.96_MONTHLY_5pay_STANDARD_ROUNDED.pdf
2026-05-11,FWD,fwd_fortune_world_ii,盈聚‧天下 II 保險計劃,savings,5Y_MONTHLY,MONTHLY,5,70,100,77997,86396,156409,5007099,5249905,6730.906317,110.768363,20260511_FWD_SAVING_FortuneWorldII_TARGET1300_ACTUAL1299.96_MONTHLY_5pay_STANDARD_ROUNDED.pdf
2026-05-11,FWD,fwd_fortune_world_ii,盈聚‧天下 II 保險計劃,savings,5Y_MONTHLY,MONTHLY,5,71,101,77997,86842,159393,5344915,5591151,7168.418016,111.34018,20260511_FWD_SAVING_FortuneWorldII_TARGET1300_ACTUAL1299.96_MONTHLY_5pay_STANDARD_ROUNDED.pdf
2026-05-11,FWD,fwd_fortune_world_ii,盈聚‧天下 II 保險計劃,savings,5Y_MONTHLY,MONTHLY,5,72,102,77997,87139,162402,5705033,5954574,7634.36286,111.720964,20260511_FWD_SAVING_FortuneWorldII_TARGET1300_ACTUAL1299.96_MONTHLY_5pay_STANDARD_ROUNDED.pdf
2026-05-11,FWD,fwd_fortune_world_ii,盈聚‧天下 II 保險計劃,savings,5Y_MONTHLY,MONTHLY,5,73,103,77997,87584,165434,6088593,6341612,8130.58451,112.291498,20260511_FWD_SAVING_FortuneWorldII_TARGET1300_ACTUAL1299.96_MONTHLY_5pay_STANDARD_ROUNDED.pdf
2026-05-11,FWD,fwd_fortune_world_ii,盈聚‧天下 II 保險計劃,savings,5Y_MONTHLY,MONTHLY,5,74,104,77997,87881,168491,6497445,6753818,8659.074067,112.672282,20260511_FWD_SAVING_FortuneWorldII_TARGET1300_ACTUAL1299.96_MONTHLY_5pay_STANDARD_ROUNDED.pdf
2026-05-11,FWD,fwd_fortune_world_ii,盈聚‧天下 II 保險計劃,savings,5Y_MONTHLY,MONTHLY,5,75,105,77997,88178,171572,6933076,7192827,9221.927766,113.053066,20260511_FWD_SAVING_FortuneWorldII_TARGET1300_ACTUAL1299.96_MONTHLY_5pay_STANDARD_ROUNDED.pdf
2026-05-11,FWD,fwd_fortune_world_ii,盈聚‧天下 II 保險計劃,savings,5Y_MONTHLY,MONTHLY,5,76,106,77997,88475,174678,7397205,7660359,9821.350821,113.43385,20260511_FWD_SAVING_FortuneWorldII_TARGET1300_ACTUAL1299.96_MONTHLY_5pay_STANDARD_ROUNDED.pdf
2026-05-11,FWD,fwd_fortune_world_ii,盈聚‧天下 II 保險計劃,savings,5Y_MONTHLY,MONTHLY,5,77,107,77997,88920,177809,7891551,8158281,10459.736913,114.004385,20260511_FWD_SAVING_FortuneWorldII_TARGET1300_ACTUAL1299.96_MONTHLY_5pay_STANDARD_ROUNDED.pdf
2026-05-11,FWD,fwd_fortune_world_ii,盈聚‧天下 II 保險計劃,savings,5Y_MONTHLY,MONTHLY,5,78,108,77997,89365,180964,8418237,8688568,11139.61819,114.57492,20260511_FWD_SAVING_FortuneWorldII_TARGET1300_ACTUAL1299.96_MONTHLY_5pay_STANDARD_ROUNDED.pdf
2026-05-11,FWD,fwd_fortune_world_ii,盈聚‧天下 II 保險計劃,savings,5Y_MONTHLY,MONTHLY,5,79,109,77997,89662,184145,8979517,9253325,11863.693475,114.955703,20260511_FWD_SAVING_FortuneWorldII_TARGET1300_ACTUAL1299.96_MONTHLY_5pay_STANDARD_ROUNDED.pdf
2026-05-11,FWD,fwd_fortune_world_ii,盈聚‧天下 II 保險計劃,savings,5Y_MONTHLY,MONTHLY,5,80,110,77997,90108,187352,9577325,9854785,12634.825698,115.52752,20260511_FWD_SAVING_FortuneWorldII_TARGET1300_ACTUAL1299.96_MONTHLY_5pay_STANDARD_ROUNDED.pdf
2026-05-11,FWD,fwd_fortune_world_ii,盈聚‧天下 II 保險計劃,savings,5Y_MONTHLY,MONTHLY,5,81,111,77997,90553,190584,10214219,10495356,13456.102158,116.098055,20260511_FWD_SAVING_FortuneWorldII_TARGET1300_ACTUAL1299.96_MONTHLY_5pay_STANDARD_ROUNDED.pdf
2026-05-11,FWD,fwd_fortune_world_ii,盈聚‧天下 II 保險計劃,savings,5Y_MONTHLY,MONTHLY,5,82,112,77997,90850,193842,10892855,11177548,14330.740926,116.478839,20260511_FWD_SAVING_FortuneWorldII_TARGET1300_ACTUAL1299.96_MONTHLY_5pay_STANDARD_ROUNDED.pdf
2026-05-11,FWD,fwd_fortune_world_ii,盈聚‧天下 II 保險計劃,savings,5Y_MONTHLY,MONTHLY,5,83,113,77997,91295,197126,11615677,11904098,15262.251112,117.049374,20260511_FWD_SAVING_FortuneWorldII_TARGET1300_ACTUAL1299.96_MONTHLY_5pay_STANDARD_ROUNDED.pdf
2026-05-11,FWD,fwd_fortune_world_ii,盈聚‧天下 II 保險計劃,savings,5Y_MONTHLY,MONTHLY,5,84,114,77997,91741,200436,12385686,12677864,16254.29696,117.621191,20260511_FWD_SAVING_FortuneWorldII_TARGET1300_ACTUAL1299.96_MONTHLY_5pay_STANDARD_ROUNDED.pdf
2026-05-11,FWD,fwd_fortune_world_ii,盈聚‧天下 II 保險計劃,savings,5Y_MONTHLY,MONTHLY,5,85,115,77997,92037,203773,13206105,13501917,17310.815801,118.000692,20260511_FWD_SAVING_FortuneWorldII_TARGET1300_ACTUAL1299.96_MONTHLY_5pay_STANDARD_ROUNDED.pdf
2026-05-11,FWD,fwd_fortune_world_ii,盈聚‧天下 II 保險計劃,savings,5Y_MONTHLY,MONTHLY,5,86,116,77997,92483,207136,14079924,14379544,18436.021898,118.572509,20260511_FWD_SAVING_FortuneWorldII_TARGET1300_ACTUAL1299.96_MONTHLY_5pay_STANDARD_ROUNDED.pdf
2026-05-11,FWD,fwd_fortune_world_ii,盈聚‧天下 II 保險計劃,savings,5Y_MONTHLY,MONTHLY,5,87,117,77997,92928,210527,15010768,15314224,19634.375681,119.143044,20260511_FWD_SAVING_FortuneWorldII_TARGET1300_ACTUAL1299.96_MONTHLY_5pay_STANDARD_ROUNDED.pdf
2026-05-11,FWD,fwd_fortune_world_ii,盈聚‧天下 II 保險計劃,savings,5Y_MONTHLY,MONTHLY,5,88,118,77997,93225,213944,16002464,16309634,20910.591433,119.523828,20260511_FWD_SAVING_FortuneWorldII_TARGET1300_ACTUAL1299.96_MONTHLY_5pay_STANDARD_ROUNDED.pdf
2026-05-11,FWD,fwd_fortune_world_ii,盈聚‧天下 II 保險計劃,savings,5Y_MONTHLY,MONTHLY,5,89,119,77997,93670,217389,17058710,17369771,22269.79371,120.094363,20260511_FWD_SAVING_FortuneWorldII_TARGET1300_ACTUAL1299.96_MONTHLY_5pay_STANDARD_ROUNDED.pdf
2026-05-11,FWD,fwd_fortune_world_ii,盈聚‧天下 II 保險計劃,savings,5Y_MONTHLY,MONTHLY,5,90,120,77997,93967,220861,18183970,18498800,23717.322461,120.475146,20260511_FWD_SAVING_FortuneWorldII_TARGET1300_ACTUAL1299.96_MONTHLY_5pay_STANDARD_ROUNDED.pdf
2026-05-11,FWD,fwd_fortune_world_ii,盈聚‧天下 II 保險計劃,savings,5Y_MONTHLY,MONTHLY,5,91,121,77997,94710,224362,19382158,19701230,25258.958678,121.427747,20260511_FWD_SAVING_FortuneWorldII_TARGET1300_ACTUAL1299.96_MONTHLY_5pay_STANDARD_ROUNDED.pdf
2026-05-11,FWD,fwd_fortune_world_ii,盈聚‧天下 II 保險計劃,savings,5Y_MONTHLY,MONTHLY,5,92,122,77997,95155,227890,20658762,20981807,26900.78721,121.998282,20260511_FWD_SAVING_FortuneWorldII_TARGET1300_ACTUAL1299.96_MONTHLY_5pay_STANDARD_ROUNDED.pdf
2026-05-11,FWD,fwd_fortune_world_ii,盈聚‧天下 II 保險計劃,savings,5Y_MONTHLY,MONTHLY,5,93,123,77997,95749,231446,22018433,22345629,28649.344206,122.75985,20260511_FWD_SAVING_FortuneWorldII_TARGET1300_ACTUAL1299.96_MONTHLY_5pay_STANDARD_ROUNDED.pdf
2026-05-11,FWD,fwd_fortune_world_ii,盈聚‧天下 II 保險計劃,savings,5Y_MONTHLY,MONTHLY,5,94,124,77997,96194,235031,23466863,23798089,30511.544034,123.330385,20260511_FWD_SAVING_FortuneWorldII_TARGET1300_ACTUAL1299.96_MONTHLY_5pay_STANDARD_ROUNDED.pdf
2026-05-11,FWD,fwd_fortune_world_ii,盈聚‧天下 II 保險計劃,savings,5Y_MONTHLY,MONTHLY,5,95,125,77997,96565,238645,25009757,25344967,32494.797236,123.806044,20260511_FWD_SAVING_FortuneWorldII_TARGET1300_ACTUAL1299.96_MONTHLY_5pay_STANDARD_ROUNDED.pdf
2026-05-11,FWD,fwd_fortune_world_ii,盈聚‧天下 II 保險計劃,savings,5Y_MONTHLY,MONTHLY,5,96,126,77997,96936,242287,26653166,26992390,34606.959242,124.281703,20260511_FWD_SAVING_FortuneWorldII_TARGET1300_ACTUAL1299.96_MONTHLY_5pay_STANDARD_ROUNDED.pdf
2026-05-11,FWD,fwd_fortune_world_ii,盈聚‧天下 II 保險計劃,savings,5Y_MONTHLY,MONTHLY,5,97,127,77997,97382,245959,28403562,28746903,36856.421401,124.85352,20260511_FWD_SAVING_FortuneWorldII_TARGET1300_ACTUAL1299.96_MONTHLY_5pay_STANDARD_ROUNDED.pdf
2026-05-11,FWD,fwd_fortune_world_ii,盈聚‧天下 II 保險計劃,savings,5Y_MONTHLY,MONTHLY,5,98,128,77997,97827,249660,30267965,30615452,39252.089183,125.424055,20260511_FWD_SAVING_FortuneWorldII_TARGET1300_ACTUAL1299.96_MONTHLY_5pay_STANDARD_ROUNDED.pdf
2026-05-11,FWD,fwd_fortune_world_ii,盈聚‧天下 II 保險計劃,savings,5Y_MONTHLY,MONTHLY,5,99,129,77997,98272,253390,32253784,32605447,41803.462954,125.99459,20260511_FWD_SAVING_FortuneWorldII_TARGET1300_ACTUAL1299.96_MONTHLY_5pay_STANDARD_ROUNDED.pdf
2026-05-11,FWD,fwd_fortune_world_ii,盈聚‧天下 II 保險計劃,savings,5Y_MONTHLY,MONTHLY,5,100,130,77997,98866,257151,34368790,34724807,44520.695668,126.756157,20260511_FWD_SAVING_FortuneWorldII_TARGET1300_ACTUAL1299.96_MONTHLY_5pay_STANDARD_ROUNDED.pdf
2026-05-11,FWD,fwd_fortune_world_ii,盈聚‧天下 II 保險計劃,savings,5Y_MONTHLY,MONTHLY,5,101,131,77997,99183,260941,36621794,36981919,47414.540303,127.162583,20260511_FWD_SAVING_FortuneWorldII_TARGET1300_ACTUAL1299.96_MONTHLY_5pay_STANDARD_ROUNDED.pdf
2026-05-11,FWD,fwd_fortune_world_ii,盈聚‧天下 II 保險計劃,savings,5Y_MONTHLY,MONTHLY,5,102,132,77997,99502,264762,39021477,39385741,50496.481916,127.571573,20260511_FWD_SAVING_FortuneWorldII_TARGET1300_ACTUAL1299.96_MONTHLY_5pay_STANDARD_ROUNDED.pdf
2026-05-11,FWD,fwd_fortune_world_ii,盈聚‧天下 II 保險計劃,savings,5Y_MONTHLY,MONTHLY,5,103,133,77997,99821,268613,41577386,41945821,53778.762004,127.980563,20260511_FWD_SAVING_FortuneWorldII_TARGET1300_ACTUAL1299.96_MONTHLY_5pay_STANDARD_ROUNDED.pdf
2026-05-11,FWD,fwd_fortune_world_ii,盈聚‧天下 II 保險計劃,savings,5Y_MONTHLY,MONTHLY,5,104,134,77997,100141,272495,44299661,44672299,57274.381066,128.390836,20260511_FWD_SAVING_FortuneWorldII_TARGET1300_ACTUAL1299.96_MONTHLY_5pay_STANDARD_ROUNDED.pdf
2026-05-11,FWD,fwd_fortune_world_ii,盈聚‧天下 II 保險計劃,savings,5Y_MONTHLY,MONTHLY,5,105,135,77997,100463,276409,47199121,47575993,60997.208867,128.803672,20260511_FWD_SAVING_FortuneWorldII_TARGET1300_ACTUAL1299.96_MONTHLY_5pay_STANDARD_ROUNDED.pdf
2026-05-11,FWD,fwd_fortune_world_ii,盈聚‧天下 II 保險計劃,savings,5Y_MONTHLY,MONTHLY,5,106,136,77997,100785,280353,50287291,50668431,64962.025463,129.216508,20260511_FWD_SAVING_FortuneWorldII_TARGET1300_ACTUAL1299.96_MONTHLY_5pay_STANDARD_ROUNDED.pdf
2026-05-11,FWD,fwd_fortune_world_ii,盈聚‧天下 II 保險計劃,savings,5Y_MONTHLY,MONTHLY,5,107,137,77997,101109,284329,53576450,53961889,69184.569919,129.631909,20260511_FWD_SAVING_FortuneWorldII_TARGET1300_ACTUAL1299.96_MONTHLY_5pay_STANDARD_ROUNDED.pdf
2026-05-11,FWD,fwd_fortune_world_ii,盈聚‧天下 II 保險計劃,savings,5Y_MONTHLY,MONTHLY,5,108,138,77997,101433,288337,57079640,57469411,73681.565958,130.04731,20260511_FWD_SAVING_FortuneWorldII_TARGET1300_ACTUAL1299.96_MONTHLY_5pay_STANDARD_ROUNDED.pdf
2026-05-11,FWD,fwd_fortune_world_ii,盈聚‧天下 II 保險計劃,savings,10Y_ANNUAL,ANNUAL,10,1,31,15600,0,0,0,0,0.0,0.0,20260511_FWD_SAVING_FortuneWorldII_USD15600_ANNUAL_10pay.pdf
2026-05-11,FWD,fwd_fortune_world_ii,盈聚‧天下 II 保險計劃,savings,10Y_ANNUAL,ANNUAL,10,2,32,31200,0,296,0,296,0.948718,0.0,20260511_FWD_SAVING_FortuneWorldII_USD15600_ANNUAL_10pay.pdf
2026-05-11,FWD,fwd_fortune_world_ii,盈聚‧天下 II 保險計劃,savings,10Y_ANNUAL,ANNUAL,10,3,33,46800,4168,3262,6645,14077,30.07906,8.905983,20260511_FWD_SAVING_FortuneWorldII_USD15600_ANNUAL_10pay.pdf
2026-05-11,FWD,fwd_fortune_world_ii,盈聚‧天下 II 保險計劃,savings,10Y_ANNUAL,ANNUAL,10,4,34,62400,11704,6252,7332,25288,40.525641,18.75641,20260511_FWD_SAVING_FortuneWorldII_USD15600_ANNUAL_10pay.pdf
2026-05-11,FWD,fwd_fortune_world_ii,盈聚‧天下 II 保險計劃,savings,10Y_ANNUAL,ANNUAL,10,5,35,78000,21805,9266,8268,39340,50.435897,27.955128,20260511_FWD_SAVING_FortuneWorldII_USD15600_ANNUAL_10pay.pdf
2026-05-11,FWD,fwd_fortune_world_ii,盈聚‧天下 II 保險計劃,savings,10Y_ANNUAL,ANNUAL,10,6,36,93600,24584,12305,12573,49463,52.845085,26.264957,20260511_FWD_SAVING_FortuneWorldII_USD15600_ANNUAL_10pay.pdf
2026-05-11,FWD,fwd_fortune_world_ii,盈聚‧天下 II 保險計劃,savings,10Y_ANNUAL,ANNUAL,10,7,37,109200,35397,15367,16879,67644,61.945055,32.414835,20260511_FWD_SAVING_FortuneWorldII_USD15600_ANNUAL_10pay.pdf
2026-05-11,FWD,fwd_fortune_world_ii,盈聚‧天下 II 保險計劃,savings,10Y_ANNUAL,ANNUAL,10,8,38,124800,46151,18454,22729,87335,69.979968,36.979968,20260511_FWD_SAVING_FortuneWorldII_USD15600_ANNUAL_10pay.pdf
2026-05-11,FWD,fwd_fortune_world_ii,盈聚‧天下 II 保險計劃,savings,10Y_ANNUAL,ANNUAL,10,9,39,140400,71169,21566,47876,140611,100.150285,50.690171,20260511_FWD_SAVING_FortuneWorldII_USD15600_ANNUAL_10pay.pdf
2026-05-11,FWD,fwd_fortune_world_ii,盈聚‧天下 II 保險計劃,savings,10Y_ANNUAL,ANNUAL,10,10,40,156000,88389,24702,54147,167239,107.204487,56.659615,20260511_FWD_SAVING_FortuneWorldII_USD15600_ANNUAL_10pay.pdf
2026-05-11,FWD,fwd_fortune_world_ii,盈聚‧天下 II 保險計劃,savings,10Y_ANNUAL,ANNUAL,10,11,41,156000,88697,27864,60933,177495,113.778846,56.857051,20260511_FWD_SAVING_FortuneWorldII_USD15600_ANNUAL_10pay.pdf
2026-05-11,FWD,fwd_fortune_world_ii,盈聚‧天下 II 保險計劃,savings,10Y_ANNUAL,ANNUAL,10,12,42,156000,96720,31051,67501,195272,125.174359,62.0,20260511_FWD_SAVING_FortuneWorldII_USD15600_ANNUAL_10pay.pdf
2026-05-11,FWD,fwd_fortune_world_ii,盈聚‧天下 II 保險計劃,savings,10Y_ANNUAL,ANNUAL,10,13,43,156000,102312,34263,77500,214076,137.228205,65.584615,20260511_FWD_SAVING_FortuneWorldII_USD15600_ANNUAL_10pay.pdf
2026-05-11,FWD,fwd_fortune_world_ii,盈聚‧天下 II 保險計劃,savings,10Y_ANNUAL,ANNUAL,10,14,44,156000,108090,37501,86626,232218,148.857692,69.288462,20260511_FWD_SAVING_FortuneWorldII_USD15600_ANNUAL_10pay.pdf
2026-05-11,FWD,fwd_fortune_world_ii,盈聚‧天下 II 保險計劃,savings,10Y_ANNUAL,ANNUAL,10,15,45,156000,113316,40765,89154,243235,155.919872,72.638462,20260511_FWD_SAVING_FortuneWorldII_USD15600_ANNUAL_10pay.pdf
2026-05-11,FWD,fwd_fortune_world_ii,盈聚‧天下 II 保險計劃,savings,10Y_ANNUAL,ANNUAL,10,16,46,156000,117525,44055,92851,254432,163.097436,75.336538,20260511_FWD_SAVING_FortuneWorldII_USD15600_ANNUAL_10pay.pdf
2026-05-11,FWD,fwd_fortune_world_ii,盈聚‧天下 II 保險計劃,savings,10Y_ANNUAL,ANNUAL,10,17,47,156000,121875,47372,106048,275296,176.471795,78.125,20260511_FWD_SAVING_FortuneWorldII_USD15600_ANNUAL_10pay.pdf
2026-05-11,FWD,fwd_fortune_world_ii,盈聚‧天下 II 保險計劃,savings,10Y_ANNUAL,ANNUAL,10,18,48,156000,126134,50715,123567,300417,192.575,80.855128,20260511_FWD_SAVING_FortuneWorldII_USD15600_ANNUAL_10pay.pdf
2026-05-11,FWD,fwd_fortune_world_ii,盈聚‧天下 II 保險計劃,savings,10Y_ANNUAL,ANNUAL,10,19,49,156000,130302,54084,146468,330855,212.086538,83.526923,20260511_FWD_SAVING_FortuneWorldII_USD15600_ANNUAL_10pay.pdf
2026-05-11,FWD,fwd_fortune_world_ii,盈聚‧天下 II 保險計劃,savings,10Y_ANNUAL,ANNUAL,10,20,50,156000,134610,57481,184922,377014,241.675641,86.288462,20260511_FWD_SAVING_FortuneWorldII_USD15600_ANNUAL_10pay.pdf
2026-05-11,FWD,fwd_fortune_world_ii,盈聚‧天下 II 保險計劃,savings,10Y_ANNUAL,ANNUAL,10,21,51,156000,139083,60905,199430,399418,256.037179,89.155769,20260511_FWD_SAVING_FortuneWorldII_USD15600_ANNUAL_10pay.pdf
2026-05-11,FWD,fwd_fortune_world_ii,盈聚‧天下 II 保險計劃,savings,10Y_ANNUAL,ANNUAL,10,22,52,156000,143487,64356,215373,423217,271.292949,91.978846,20260511_FWD_SAVING_FortuneWorldII_USD15600_ANNUAL_10pay.pdf
2026-05-11,FWD,fwd_fortune_world_ii,盈聚‧天下 II 保險計劃,savings,10Y_ANNUAL,ANNUAL,10,23,53,156000,147800,67835,233048,448684,287.617949,94.74359,20260511_FWD_SAVING_FortuneWorldII_USD15600_ANNUAL_10pay.pdf
2026-05-11,FWD,fwd_fortune_world_ii,盈聚‧天下 II 保險計劃,savings,10Y_ANNUAL,ANNUAL,10,24,54,156000,156304,71342,250489,478135,306.496795,100.194872,20260511_FWD_SAVING_FortuneWorldII_USD15600_ANNUAL_10pay.pdf
2026-05-11,FWD,fwd_fortune_world_ii,盈聚‧天下 II 保險計劃,savings,10Y_ANNUAL,ANNUAL,10,25,55,156000,157284,74876,278319,510480,327.230769,100.823077,20260511_FWD_SAVING_FortuneWorldII_USD15600_ANNUAL_10pay.pdf
2026-05-11,FWD,fwd_fortune_world_ii,盈聚‧天下 II 保險計劃,savings,10Y_ANNUAL,ANNUAL,10,26,56,156000,158364,78439,316648,553453,354.777564,101.515385,20260511_FWD_SAVING_FortuneWorldII_USD15600_ANNUAL_10pay.pdf
2026-05-11,FWD,fwd_fortune_world_ii,盈聚‧天下 II 保險計劃,savings,10Y_ANNUAL,ANNUAL,10,27,57,156000,159548,82031,347880,589460,377.858974,102.274359,20260511_FWD_SAVING_FortuneWorldII_USD15600_ANNUAL_10pay.pdf
2026-05-11,FWD,fwd_fortune_world_ii,盈聚‧天下 II 保險計劃,savings,10Y_ANNUAL,ANNUAL,10,28,58,156000,160486,85651,385912,632051,405.160897,102.875641,20260511_FWD_SAVING_FortuneWorldII_USD15600_ANNUAL_10pay.pdf
2026-05-11,FWD,fwd_fortune_world_ii,盈聚‧天下 II 保險計劃,savings,10Y_ANNUAL,ANNUAL,10,29,59,156000,160794,89300,428251,678346,434.837179,103.073077,20260511_FWD_SAVING_FortuneWorldII_USD15600_ANNUAL_10pay.pdf
2026-05-11,FWD,fwd_fortune_world_ii,盈聚‧天下 II 保險計劃,savings,10Y_ANNUAL,ANNUAL,10,30,60,156000,161103,92979,471088,725171,464.853205,103.271154,20260511_FWD_SAVING_FortuneWorldII_USD15600_ANNUAL_10pay.pdf
2026-05-11,FWD,fwd_fortune_world_ii,盈聚‧天下 II 保險計劃,savings,10Y_ANNUAL,ANNUAL,10,31,61,156000,161413,96687,519542,777642,498.488462,103.469872,20260511_FWD_SAVING_FortuneWorldII_USD15600_ANNUAL_10pay.pdf
2026-05-11,FWD,fwd_fortune_world_ii,盈聚‧天下 II 保險計劃,savings,10Y_ANNUAL,ANNUAL,10,32,62,156000,161723,100424,567996,830144,532.14359,103.66859,20260511_FWD_SAVING_FortuneWorldII_USD15600_ANNUAL_10pay.pdf
2026-05-11,FWD,fwd_fortune_world_ii,盈聚‧天下 II 保險計劃,savings,10Y_ANNUAL,ANNUAL,10,33,63,156000,162622,104192,619710,886524,568.284615,104.244872,20260511_FWD_SAVING_FortuneWorldII_USD15600_ANNUAL_10pay.pdf
2026-05-11,FWD,fwd_fortune_world_ii,盈聚‧天下 II 保險計劃,savings,10Y_ANNUAL,ANNUAL,10,34,64,156000,163524,107989,675573,947087,607.107051,104.823077,20260511_FWD_SAVING_FortuneWorldII_USD15600_ANNUAL_10pay.pdf
2026-05-11,FWD,fwd_fortune_world_ii,盈聚‧天下 II 保險計劃,savings,10Y_ANNUAL,ANNUAL,10,35,65,156000,164429,111817,735914,1012161,648.821154,105.403205,20260511_FWD_SAVING_FortuneWorldII_USD15600_ANNUAL_10pay.pdf
2026-05-11,FWD,fwd_fortune_world_ii,盈聚‧天下 II 保險計劃,savings,10Y_ANNUAL,ANNUAL,10,36,66,156000,165042,115676,801403,1082121,693.667308,105.796154,20260511_FWD_SAVING_FortuneWorldII_USD15600_ANNUAL_10pay.pdf
2026-05-11,FWD,fwd_fortune_world_ii,盈聚‧天下 II 保險計劃,savings,10Y_ANNUAL,ANNUAL,10,37,67,156000,166249,119565,867952,1153767,739.594231,106.569872,20260511_FWD_SAVING_FortuneWorldII_USD15600_ANNUAL_10pay.pdf
2026-05-11,FWD,fwd_fortune_world_ii,盈聚‧天下 II 保險計劃,savings,10Y_ANNUAL,ANNUAL,10,38,68,156000,167459,123486,955281,1246227,798.863462,107.345513,20260511_FWD_SAVING_FortuneWorldII_USD15600_ANNUAL_10pay.pdf
2026-05-11,FWD,fwd_fortune_world_ii,盈聚‧天下 II 保險計劃,savings,10Y_ANNUAL,ANNUAL,10,39,69,156000,168078,127437,1047399,1342916,860.84359,107.742308,20260511_FWD_SAVING_FortuneWorldII_USD15600_ANNUAL_10pay.pdf
2026-05-11,FWD,fwd_fortune_world_ii,盈聚‧天下 II 保險計劃,savings,10Y_ANNUAL,ANNUAL,10,40,70,156000,169532,131421,1142356,1443311,925.199359,108.674359,20260511_FWD_SAVING_FortuneWorldII_USD15600_ANNUAL_10pay.pdf
2026-05-11,FWD,fwd_fortune_world_ii,盈聚‧天下 II 保險計劃,savings,10Y_ANNUAL,ANNUAL,10,41,71,156000,169946,135436,1252102,1557486,998.388462,108.939744,20260511_FWD_SAVING_FortuneWorldII_USD15600_ANNUAL_10pay.pdf
2026-05-11,FWD,fwd_fortune_world_ii,盈聚‧天下 II 保險計劃,savings,10Y_ANNUAL,ANNUAL,10,42,72,156000,170359,139484,1354189,1664033,1066.687821,109.204487,20260511_FWD_SAVING_FortuneWorldII_USD15600_ANNUAL_10pay.pdf
2026-05-11,FWD,fwd_fortune_world_ii,盈聚‧天下 II 保險計劃,savings,10Y_ANNUAL,ANNUAL,10,43,73,156000,170773,143564,1463872,1778210,1139.878205,109.469872,20260511_FWD_SAVING_FortuneWorldII_USD15600_ANNUAL_10pay.pdf
2026-05-11,FWD,fwd_fortune_world_ii,盈聚‧天下 II 保險計劃,savings,10Y_ANNUAL,ANNUAL,10,44,74,156000,171187,147676,1581699,1900563,1218.309615,109.735256,20260511_FWD_SAVING_FortuneWorldII_USD15600_ANNUAL_10pay.pdf
2026-05-11,FWD,fwd_fortune_world_ii,盈聚‧天下 II 保險計劃,savings,10Y_ANNUAL,ANNUAL,10,45,75,156000,171600,151822,1708293,2031716,1302.382051,110.0,20260511_FWD_SAVING_FortuneWorldII_USD15600_ANNUAL_10pay.pdf
2026-05-11,FWD,fwd_fortune_world_ii,盈聚‧天下 II 保險計劃,savings,10Y_ANNUAL,ANNUAL,10,46,76,156000,172014,156000,1835761,2163776,1387.035897,110.265385,20260511_FWD_SAVING_FortuneWorldII_USD15600_ANNUAL_10pay.pdf
2026-05-11,FWD,fwd_fortune_world_ii,盈聚‧天下 II 保險計劃,savings,10Y_ANNUAL,ANNUAL,10,47,77,156000,172428,160212,1971777,2304418,1477.191026,110.530769,20260511_FWD_SAVING_FortuneWorldII_USD15600_ANNUAL_10pay.pdf
2026-05-11,FWD,fwd_fortune_world_ii,盈聚‧天下 II 保險計劃,savings,10Y_ANNUAL,ANNUAL,10,48,78,156000,173083,164458,2116670,2454212,1573.212821,110.950641,20260511_FWD_SAVING_FortuneWorldII_USD15600_ANNUAL_10pay.pdf
2026-05-11,FWD,fwd_fortune_world_ii,盈聚‧天下 II 保險計劃,savings,10Y_ANNUAL,ANNUAL,10,49,79,156000,173558,168738,2271438,2613734,1675.470513,111.255128,20260511_FWD_SAVING_FortuneWorldII_USD15600_ANNUAL_10pay.pdf
2026-05-11,FWD,fwd_fortune_world_ii,盈聚‧天下 II 保險計劃,savings,10Y_ANNUAL,ANNUAL,10,50,80,156000,174033,173051,2436548,2783633,1784.380128,111.559615,20260511_FWD_SAVING_FortuneWorldII_USD15600_ANNUAL_10pay.pdf
2026-05-11,FWD,fwd_fortune_world_ii,盈聚‧天下 II 保險計劃,savings,10Y_ANNUAL,ANNUAL,10,51,81,156000,174508,177400,2612656,2964565,1900.362179,111.864103,20260511_FWD_SAVING_FortuneWorldII_USD15600_ANNUAL_10pay.pdf
2026-05-11,FWD,fwd_fortune_world_ii,盈聚‧天下 II 保險計劃,savings,10Y_ANNUAL,ANNUAL,10,52,82,156000,174983,181783,2800496,3157263,2023.886538,112.16859,20260511_FWD_SAVING_FortuneWorldII_USD15600_ANNUAL_10pay.pdf
2026-05-11,FWD,fwd_fortune_world_ii,盈聚‧天下 II 保險計劃,savings,10Y_ANNUAL,ANNUAL,10,53,83,156000,175459,186201,3000831,3362492,2155.44359,112.473718,20260511_FWD_SAVING_FortuneWorldII_USD15600_ANNUAL_10pay.pdf
2026-05-11,FWD,fwd_fortune_world_ii,盈聚‧天下 II 保險計劃,savings,10Y_ANNUAL,ANNUAL,10,54,84,156000,176238,190655,3214161,3581055,2295.548077,112.973077,20260511_FWD_SAVING_FortuneWorldII_USD15600_ANNUAL_10pay.pdf
2026-05-11,FWD,fwd_fortune_world_ii,盈聚‧天下 II 保險計劃,savings,10Y_ANNUAL,ANNUAL,10,55,85,156000,176714,195144,3441952,3813811,2444.750641,113.278205,20260511_FWD_SAVING_FortuneWorldII_USD15600_ANNUAL_10pay.pdf
2026-05-11,FWD,fwd_fortune_world_ii,盈聚‧天下 II 保險計劃,savings,10Y_ANNUAL,ANNUAL,10,56,86,156000,177190,199669,3684860,4061720,2603.666667,113.583333,20260511_FWD_SAVING_FortuneWorldII_USD15600_ANNUAL_10pay.pdf
2026-05-11,FWD,fwd_fortune_world_ii,盈聚‧天下 II 保險計劃,savings,10Y_ANNUAL,ANNUAL,10,57,87,156000,177666,204231,3943836,4325734,2772.90641,113.888462,20260511_FWD_SAVING_FortuneWorldII_USD15600_ANNUAL_10pay.pdf
2026-05-11,FWD,fwd_fortune_world_ii,盈聚‧天下 II 保險計劃,savings,10Y_ANNUAL,ANNUAL,10,58,88,156000,178143,208829,4219924,4606896,2953.138462,114.194231,20260511_FWD_SAVING_FortuneWorldII_USD15600_ANNUAL_10pay.pdf
2026-05-11,FWD,fwd_fortune_world_ii,盈聚‧天下 II 保險計劃,savings,10Y_ANNUAL,ANNUAL,10,59,89,156000,178619,213463,4514265,4906348,3145.094872,114.499359,20260511_FWD_SAVING_FortuneWorldII_USD15600_ANNUAL_10pay.pdf
2026-05-11,FWD,fwd_fortune_world_ii,盈聚‧天下 II 保險計劃,savings,10Y_ANNUAL,ANNUAL,10,60,90,156000,179096,218135,4828028,5225260,3349.525641,114.805128,20260511_FWD_SAVING_FortuneWorldII_USD15600_ANNUAL_10pay.pdf
2026-05-11,FWD,fwd_fortune_world_ii,盈聚‧天下 II 保險計劃,savings,10Y_ANNUAL,ANNUAL,10,61,91,156000,179572,222844,5162492,5564909,3567.249359,115.110256,20260511_FWD_SAVING_FortuneWorldII_USD15600_ANNUAL_10pay.pdf
2026-05-11,FWD,fwd_fortune_world_ii,盈聚‧天下 II 保險計劃,savings,10Y_ANNUAL,ANNUAL,10,62,92,156000,180049,227591,5518983,5926624,3799.117949,115.416026,20260511_FWD_SAVING_FortuneWorldII_USD15600_ANNUAL_10pay.pdf
2026-05-11,FWD,fwd_fortune_world_ii,盈聚‧天下 II 保險計劃,savings,10Y_ANNUAL,ANNUAL,10,63,93,156000,180679,232375,5898796,6311851,4046.058333,115.819872,20260511_FWD_SAVING_FortuneWorldII_USD15600_ANNUAL_10pay.pdf
2026-05-11,FWD,fwd_fortune_world_ii,盈聚‧天下 II 保險計劃,savings,10Y_ANNUAL,ANNUAL,10,64,94,156000,181309,237198,6303616,6722125,4309.054487,116.223718,20260511_FWD_SAVING_FortuneWorldII_USD15600_ANNUAL_10pay.pdf
2026-05-11,FWD,fwd_fortune_world_ii,盈聚‧天下 II 保險計劃,savings,10Y_ANNUAL,ANNUAL,10,65,95,156000,181939,242060,6735066,7159065,4589.144231,116.627564,20260511_FWD_SAVING_FortuneWorldII_USD15600_ANNUAL_10pay.pdf
2026-05-11,FWD,fwd_fortune_world_ii,盈聚‧天下 II 保險計劃,savings,10Y_ANNUAL,ANNUAL,10,66,96,156000,182570,246961,7194876,7624407,4887.440385,117.032051,20260511_FWD_SAVING_FortuneWorldII_USD15600_ANNUAL_10pay.pdf
2026-05-11,FWD,fwd_fortune_world_ii,盈聚‧天下 II 保險計劃,savings,10Y_ANNUAL,ANNUAL,10,67,97,156000,183200,251900,7684887,8119988,5205.120513,117.435897,20260511_FWD_SAVING_FortuneWorldII_USD15600_ANNUAL_10pay.pdf
2026-05-11,FWD,fwd_fortune_world_ii,盈聚‧天下 II 保險計劃,savings,10Y_ANNUAL,ANNUAL,10,68,98,156000,184138,256879,8206770,8647788,5543.453846,118.037179,20260511_FWD_SAVING_FortuneWorldII_USD15600_ANNUAL_10pay.pdf
2026-05-11,FWD,fwd_fortune_world_ii,盈聚‧天下 II 保險計劃,savings,10Y_ANNUAL,ANNUAL,10,69,99,156000,184647,261898,8763362,9209908,5903.787179,118.363462,20260511_FWD_SAVING_FortuneWorldII_USD15600_ANNUAL_10pay.pdf
2026-05-11,FWD,fwd_fortune_world_ii,盈聚‧天下 II 保險計劃,savings,10Y_ANNUAL,ANNUAL,10,70,100,156000,185401,266958,9356193,9808553,6287.533974,118.846795,20260511_FWD_SAVING_FortuneWorldII_USD15600_ANNUAL_10pay.pdf
2026-05-11,FWD,fwd_fortune_world_ii,盈聚‧天下 II 保險計劃,savings,10Y_ANNUAL,ANNUAL,10,71,101,156000,186340,272057,9987697,10446095,6696.214744,119.448718,20260511_FWD_SAVING_FortuneWorldII_USD15600_ANNUAL_10pay.pdf
2026-05-11,FWD,fwd_fortune_world_ii,盈聚‧天下 II 保險計劃,savings,10Y_ANNUAL,ANNUAL,10,72,102,156000,186972,277198,10660930,11125101,7131.475,119.853846,20260511_FWD_SAVING_FortuneWorldII_USD15600_ANNUAL_10pay.pdf
2026-05-11,FWD,fwd_fortune_world_ii,盈聚‧天下 II 保險計劃,savings,10Y_ANNUAL,ANNUAL,10,73,103,156000,187912,282379,11377938,11848230,7595.019231,120.45641,20260511_FWD_SAVING_FortuneWorldII_USD15600_ANNUAL_10pay.pdf
2026-05-11,FWD,fwd_fortune_world_ii,盈聚‧天下 II 保險計劃,savings,10Y_ANNUAL,ANNUAL,10,74,104,156000,188544,287602,12142213,12618360,8088.692308,120.861538,20260511_FWD_SAVING_FortuneWorldII_USD15600_ANNUAL_10pay.pdf
2026-05-11,FWD,fwd_fortune_world_ii,盈聚‧天下 II 保險計劃,savings,10Y_ANNUAL,ANNUAL,10,75,105,156000,189177,292867,12956517,13438562,8614.462821,121.267308,20260511_FWD_SAVING_FortuneWorldII_USD15600_ANNUAL_10pay.pdf
2026-05-11,FWD,fwd_fortune_world_ii,盈聚‧天下 II 保險計劃,savings,10Y_ANNUAL,ANNUAL,10,76,106,156000,189810,298174,13824080,14312065,9174.400641,121.673077,20260511_FWD_SAVING_FortuneWorldII_USD15600_ANNUAL_10pay.pdf
2026-05-11,FWD,fwd_fortune_world_ii,盈聚‧天下 II 保險計劃,savings,10Y_ANNUAL,ANNUAL,10,77,107,156000,190751,303524,14748084,15242359,9770.742949,122.276282,20260511_FWD_SAVING_FortuneWorldII_USD15600_ANNUAL_10pay.pdf
2026-05-11,FWD,fwd_fortune_world_ii,盈聚‧天下 II 保險計劃,savings,10Y_ANNUAL,ANNUAL,10,78,108,156000,191693,308916,15732490,16233100,10405.833333,122.880128,20260511_FWD_SAVING_FortuneWorldII_USD15600_ANNUAL_10pay.pdf
2026-05-11,FWD,fwd_fortune_world_ii,盈聚‧天下 II 保險計劃,savings,10Y_ANNUAL,ANNUAL,10,79,109,156000,192326,314351,16781575,17288253,11082.213462,123.285897,20260511_FWD_SAVING_FortuneWorldII_USD15600_ANNUAL_10pay.pdf
2026-05-11,FWD,fwd_fortune_world_ii,盈聚‧天下 II 保險計劃,savings,10Y_ANNUAL,ANNUAL,10,80,110,156000,193268,319830,17898894,18411992,11802.558974,123.889744,20260511_FWD_SAVING_FortuneWorldII_USD15600_ANNUAL_10pay.pdf
2026-05-11,FWD,fwd_fortune_world_ii,盈聚‧天下 II 保險計劃,savings,10Y_ANNUAL,ANNUAL,10,81,111,156000,194211,325353,19089205,19608769,12569.723718,124.494231,20260511_FWD_SAVING_FortuneWorldII_USD15600_ANNUAL_10pay.pdf
2026-05-11,FWD,fwd_fortune_world_ii,盈聚‧天下 II 保險計劃,savings,10Y_ANNUAL,ANNUAL,10,82,112,156000,194845,330919,20357578,20883344,13386.758974,124.900641,20260511_FWD_SAVING_FortuneWorldII_USD15600_ANNUAL_10pay.pdf
2026-05-11,FWD,fwd_fortune_world_ii,盈聚‧天下 II 保險計劃,savings,10Y_ANNUAL,ANNUAL,10,83,113,156000,195788,336531,21708445,22240764,14256.9,125.505128,20260511_FWD_SAVING_FortuneWorldII_USD15600_ANNUAL_10pay.pdf
2026-05-11,FWD,fwd_fortune_world_ii,盈聚‧天下 II 保險計劃,savings,10Y_ANNUAL,ANNUAL,10,84,114,156000,196731,342187,23147498,23686417,15183.600641,126.109615,20260511_FWD_SAVING_FortuneWorldII_USD15600_ANNUAL_10pay.pdf
2026-05-11,FWD,fwd_fortune_world_ii,盈聚‧天下 II 保險計劃,savings,10Y_ANNUAL,ANNUAL,10,85,115,156000,197366,347889,24680775,25226031,16170.532692,126.516667,20260511_FWD_SAVING_FortuneWorldII_USD15600_ANNUAL_10pay.pdf
2026-05-11,FWD,fwd_fortune_world_ii,盈聚‧天下 II 保險計劃,savings,10Y_ANNUAL,ANNUAL,10,86,116,156000,198310,353636,26313783,26865730,17221.621795,127.121795,20260511_FWD_SAVING_FortuneWorldII_USD15600_ANNUAL_10pay.pdf
2026-05-11,FWD,fwd_fortune_world_ii,盈聚‧天下 II 保險計劃,savings,10Y_ANNUAL,ANNUAL,10,87,117,156000,199254,359429,28053308,28611992,18341.020513,127.726923,20260511_FWD_SAVING_FortuneWorldII_USD15600_ANNUAL_10pay.pdf
2026-05-11,FWD,fwd_fortune_world_ii,盈聚‧天下 II 保險計劃,savings,10Y_ANNUAL,ANNUAL,10,88,118,156000,199889,365268,29906619,30471778,19533.191026,128.133974,20260511_FWD_SAVING_FortuneWorldII_USD15600_ANNUAL_10pay.pdf
2026-05-11,FWD,fwd_fortune_world_ii,盈聚‧天下 II 保險計劃,savings,10Y_ANNUAL,ANNUAL,10,89,119,156000,200834,371154,31880456,32452445,20802.849359,128.739744,20260511_FWD_SAVING_FortuneWorldII_USD15600_ANNUAL_10pay.pdf
2026-05-11,FWD,fwd_fortune_world_ii,盈聚‧天下 II 保險計劃,savings,10Y_ANNUAL,ANNUAL,10,90,120,156000,201470,377088,33983289,34561847,22155.030128,129.147436,20260511_FWD_SAVING_FortuneWorldII_USD15600_ANNUAL_10pay.pdf
2026-05-11,FWD,fwd_fortune_world_ii,盈聚‧天下 II 保險計劃,savings,10Y_ANNUAL,ANNUAL,10,91,121,156000,203033,383068,36222279,36808382,23595.116667,130.149359,20260511_FWD_SAVING_FortuneWorldII_USD15600_ANNUAL_10pay.pdf
2026-05-11,FWD,fwd_fortune_world_ii,盈聚‧天下 II 保險計劃,savings,10Y_ANNUAL,ANNUAL,10,92,122,156000,203979,389097,38607847,39200923,25128.796795,130.755769,20260511_FWD_SAVING_FortuneWorldII_USD15600_ANNUAL_10pay.pdf
2026-05-11,FWD,fwd_fortune_world_ii,盈聚‧天下 II 保險計劃,savings,10Y_ANNUAL,ANNUAL,10,93,123,156000,205234,395174,41148572,41748980,26762.166667,131.560256,20260511_FWD_SAVING_FortuneWorldII_USD15600_ANNUAL_10pay.pdf
2026-05-11,FWD,fwd_fortune_world_ii,盈聚‧天下 II 保險計劃,savings,10Y_ANNUAL,ANNUAL,10,94,124,156000,206180,401299,43855188,44462667,28501.709615,132.166667,20260511_FWD_SAVING_FortuneWorldII_USD15600_ANNUAL_10pay.pdf
2026-05-11,FWD,fwd_fortune_world_ii,盈聚‧天下 II 保險計劃,savings,10Y_ANNUAL,ANNUAL,10,95,125,156000,206971,407473,46738286,47352731,30354.314744,132.673718,20260511_FWD_SAVING_FortuneWorldII_USD15600_ANNUAL_10pay.pdf
2026-05-11,FWD,fwd_fortune_world_ii,盈聚‧天下 II 保險計劃,savings,10Y_ANNUAL,ANNUAL,10,96,126,156000,207763,413697,49809208,50430669,32327.351923,133.18141,20260511_FWD_SAVING_FortuneWorldII_USD15600_ANNUAL_10pay.pdf
2026-05-11,FWD,fwd_fortune_world_ii,盈聚‧天下 II 保險計劃,savings,10Y_ANNUAL,ANNUAL,10,97,127,156000,208709,419971,53079982,53708663,34428.630128,133.787821,20260511_FWD_SAVING_FortuneWorldII_USD15600_ANNUAL_10pay.pdf
2026-05-11,FWD,fwd_fortune_world_ii,盈聚‧天下 II 保險計劃,savings,10Y_ANNUAL,ANNUAL,10,98,128,156000,209656,426294,56563774,57199726,36666.491026,134.394872,20260511_FWD_SAVING_FortuneWorldII_USD15600_ANNUAL_10pay.pdf
2026-05-11,FWD,fwd_fortune_world_ii,盈聚‧天下 II 保險計劃,savings,10Y_ANNUAL,ANNUAL,10,99,129,156000,210603,432669,60274437,60917710,39049.814103,135.001923,20260511_FWD_SAVING_FortuneWorldII_USD15600_ANNUAL_10pay.pdf
2026-05-11,FWD,fwd_fortune_world_ii,盈聚‧天下 II 保險計劃,savings,10Y_ANNUAL,ANNUAL,10,100,130,156000,211861,439094,64226401,64877357,41588.049359,135.808333,20260511_FWD_SAVING_FortuneWorldII_USD15600_ANNUAL_10pay.pdf
2026-05-11,FWD,fwd_fortune_world_ii,盈聚‧天下 II 保險計劃,savings,10Y_ANNUAL,ANNUAL,10,101,131,156000,212541,445571,68436279,69094392,44291.276923,136.244231,20260511_FWD_SAVING_FortuneWorldII_USD15600_ANNUAL_10pay.pdf
2026-05-11,FWD,fwd_fortune_world_ii,盈聚‧天下 II 保險計劃,savings,10Y_ANNUAL,ANNUAL,10,102,132,156000,213223,452100,72920203,73585526,47170.208974,136.68141,20260511_FWD_SAVING_FortuneWorldII_USD15600_ANNUAL_10pay.pdf
2026-05-11,FWD,fwd_fortune_world_ii,盈聚‧天下 II 保險計劃,savings,10Y_ANNUAL,ANNUAL,10,103,133,156000,213907,458680,77695987,78368575,50236.266026,137.119872,20260511_FWD_SAVING_FortuneWorldII_USD15600_ANNUAL_10pay.pdf
2026-05-11,FWD,fwd_fortune_world_ii,盈聚‧天下 II 保險計劃,savings,10Y_ANNUAL,ANNUAL,10,104,134,156000,214594,465314,82782632,83462540,53501.628205,137.560256,20260511_FWD_SAVING_FortuneWorldII_USD15600_ANNUAL_10pay.pdf
2026-05-11,FWD,fwd_fortune_world_ii,盈聚‧天下 II 保險計劃,savings,10Y_ANNUAL,ANNUAL,10,105,135,156000,215283,472000,88200325,88887609,56979.236538,138.001923,20260511_FWD_SAVING_FortuneWorldII_USD15600_ANNUAL_10pay.pdf
2026-05-11,FWD,fwd_fortune_world_ii,盈聚‧天下 II 保險計劃,savings,10Y_ANNUAL,ANNUAL,10,106,136,156000,215974,478740,93970593,94665308,60682.889744,138.444872,20260511_FWD_SAVING_FortuneWorldII_USD15600_ANNUAL_10pay.pdf
2026-05-11,FWD,fwd_fortune_world_ii,盈聚‧天下 II 保險計劃,savings,10Y_ANNUAL,ANNUAL,10,107,137,156000,216667,485534,100116338,100818540,64627.269231,138.889103,20260511_FWD_SAVING_FortuneWorldII_USD15600_ANNUAL_10pay.pdf
2026-05-11,FWD,fwd_fortune_world_ii,盈聚‧天下 II 保險計劃,savings,10Y_ANNUAL,ANNUAL,10,108,138,156000,217362,492382,106662004,107371750,68828.044872,139.334615,20260511_FWD_SAVING_FortuneWorldII_USD15600_ANNUAL_10pay.pdf
2026-05-11,FWD,fwd_fortune_world_ii,盈聚‧天下 II 保險計劃,savings,10Y_MONTHLY,MONTHLY,10,1,31,15599,0,0,0,0,0.0,0.0,20260511_FWD_SAVING_FortuneWorldII_TARGET1300_ACTUAL1299.96_MONTHLY_10pay_STANDARD_ROUNDED.pdf
2026-05-11,FWD,fwd_fortune_world_ii,盈聚‧天下 II 保險計劃,savings,10Y_MONTHLY,MONTHLY,10,2,32,31199,0,274,0,274,0.878233,0.0,20260511_FWD_SAVING_FortuneWorldII_TARGET1300_ACTUAL1299.96_MONTHLY_10pay_STANDARD_ROUNDED.pdf
2026-05-11,FWD,fwd_fortune_world_ii,盈聚‧天下 II 保險計劃,savings,10Y_MONTHLY,MONTHLY,10,3,33,46798,3859,3020,6153,13033,27.849481,8.246079,20260511_FWD_SAVING_FortuneWorldII_TARGET1300_ACTUAL1299.96_MONTHLY_10pay_STANDARD_ROUNDED.pdf
2026-05-11,FWD,fwd_fortune_world_ii,盈聚‧天下 II 保險計劃,savings,10Y_MONTHLY,MONTHLY,10,4,34,62398,10836,5789,6788,23414,37.523639,17.365941,20260511_FWD_SAVING_FortuneWorldII_TARGET1300_ACTUAL1299.96_MONTHLY_10pay_STANDARD_ROUNDED.pdf
2026-05-11,FWD,fwd_fortune_world_ii,盈聚‧天下 II 保險計劃,savings,10Y_MONTHLY,MONTHLY,10,5,35,77997,20189,8580,7655,36425,46.700514,25.884329,20260511_FWD_SAVING_FortuneWorldII_TARGET1300_ACTUAL1299.96_MONTHLY_10pay_STANDARD_ROUNDED.pdf
2026-05-11,FWD,fwd_fortune_world_ii,盈聚‧天下 II 保險計劃,savings,10Y_MONTHLY,MONTHLY,10,6,36,93597,22762,11393,11641,45797,48.929987,24.319156,20260511_FWD_SAVING_FortuneWorldII_TARGET1300_ACTUAL1299.96_MONTHLY_10pay_STANDARD_ROUNDED.pdf
2026-05-11,FWD,fwd_fortune_world_ii,盈聚‧天下 II 保險計劃,savings,10Y_MONTHLY,MONTHLY,10,7,37,109196,32774,14228,15628,62631,57.356497,30.01392,20260511_FWD_SAVING_FortuneWorldII_TARGET1300_ACTUAL1299.96_MONTHLY_10pay_STANDARD_ROUNDED.pdf
2026-05-11,FWD,fwd_fortune_world_ii,盈聚‧天下 II 保險計劃,savings,10Y_MONTHLY,MONTHLY,10,8,38,124796,42731,17086,21044,80863,64.796147,34.240681,20260511_FWD_SAVING_FortuneWorldII_TARGET1300_ACTUAL1299.96_MONTHLY_10pay_STANDARD_ROUNDED.pdf
2026-05-11,FWD,fwd_fortune_world_ii,盈聚‧天下 II 保險計劃,savings,10Y_MONTHLY,MONTHLY,10,9,39,140395,65895,19967,44328,130191,92.731935,46.935432,20260511_FWD_SAVING_FortuneWorldII_TARGET1300_ACTUAL1299.96_MONTHLY_10pay_STANDARD_ROUNDED.pdf
2026-05-11,FWD,fwd_fortune_world_ii,盈聚‧天下 II 保險計劃,savings,10Y_MONTHLY,MONTHLY,10,10,40,155995,81839,22872,50135,154846,99.263438,52.462579,20260511_FWD_SAVING_FortuneWorldII_TARGET1300_ACTUAL1299.96_MONTHLY_10pay_STANDARD_ROUNDED.pdf
2026-05-11,FWD,fwd_fortune_world_ii,盈聚‧天下 II 保險計劃,savings,10Y_MONTHLY,MONTHLY,10,11,41,155995,82124,25799,56418,164342,105.350813,52.645277,20260511_FWD_SAVING_FortuneWorldII_TARGET1300_ACTUAL1299.96_MONTHLY_10pay_STANDARD_ROUNDED.pdf
2026-05-11,FWD,fwd_fortune_world_ii,盈聚‧天下 II 保險計劃,savings,10Y_MONTHLY,MONTHLY,10,12,42,155995,89553,28750,62499,180802,115.902433,57.407609,20260511_FWD_SAVING_FortuneWorldII_TARGET1300_ACTUAL1299.96_MONTHLY_10pay_STANDARD_ROUNDED.pdf
2026-05-11,FWD,fwd_fortune_world_ii,盈聚‧天下 II 保險計劃,savings,10Y_MONTHLY,MONTHLY,10,13,43,155995,94730,31724,71757,198212,127.063047,60.726305,20260511_FWD_SAVING_FortuneWorldII_TARGET1300_ACTUAL1299.96_MONTHLY_10pay_STANDARD_ROUNDED.pdf
2026-05-11,FWD,fwd_fortune_world_ii,盈聚‧天下 II 保險計劃,savings,10Y_MONTHLY,MONTHLY,10,14,44,155995,100080,34722,80207,215010,137.831341,64.155902,20260511_FWD_SAVING_FortuneWorldII_TARGET1300_ACTUAL1299.96_MONTHLY_10pay_STANDARD_ROUNDED.pdf
2026-05-11,FWD,fwd_fortune_world_ii,盈聚‧天下 II 保險計劃,savings,10Y_MONTHLY,MONTHLY,10,15,45,155995,104919,37744,82547,225211,144.370653,67.257925,20260511_FWD_SAVING_FortuneWorldII_TARGET1300_ACTUAL1299.96_MONTHLY_10pay_STANDARD_ROUNDED.pdf
2026-05-11,FWD,fwd_fortune_world_ii,盈聚‧天下 II 保險計劃,savings,10Y_MONTHLY,MONTHLY,10,16,46,155995,108816,40791,85970,235578,151.016379,69.756082,20260511_FWD_SAVING_FortuneWorldII_TARGET1300_ACTUAL1299.96_MONTHLY_10pay_STANDARD_ROUNDED.pdf
2026-05-11,FWD,fwd_fortune_world_ii,盈聚‧天下 II 保險計劃,savings,10Y_MONTHLY,MONTHLY,10,17,47,155995,112844,43861,98190,254896,163.400109,72.338216,20260511_FWD_SAVING_FortuneWorldII_TARGET1300_ACTUAL1299.96_MONTHLY_10pay_STANDARD_ROUNDED.pdf
2026-05-11,FWD,fwd_fortune_world_ii,盈聚‧天下 II 保險計劃,savings,10Y_MONTHLY,MONTHLY,10,18,48,155995,116787,46957,114410,278155,178.310202,74.865861,20260511_FWD_SAVING_FortuneWorldII_TARGET1300_ACTUAL1299.96_MONTHLY_10pay_STANDARD_ROUNDED.pdf
2026-05-11,FWD,fwd_fortune_world_ii,盈聚‧天下 II 保險計劃,savings,10Y_MONTHLY,MONTHLY,10,19,49,155995,120646,50077,135614,306338,196.376807,77.339658,20260511_FWD_SAVING_FortuneWorldII_TARGET1300_ACTUAL1299.96_MONTHLY_10pay_STANDARD_ROUNDED.pdf
2026-05-11,FWD,fwd_fortune_world_ii,盈聚‧天下 II 保險計劃,savings,10Y_MONTHLY,MONTHLY,10,20,50,155995,124635,53222,171219,349077,223.77448,79.896792,20260511_FWD_SAVING_FortuneWorldII_TARGET1300_ACTUAL1299.96_MONTHLY_10pay_STANDARD_ROUNDED.pdf
2026-05-11,FWD,fwd_fortune_world_ii,盈聚‧天下 II 保險計劃,savings,10Y_MONTHLY,MONTHLY,10,21,51,155995,128776,56392,184652,369820,237.071701,82.551364,20260511_FWD_SAVING_FortuneWorldII_TARGET1300_ACTUAL1299.96_MONTHLY_10pay_STANDARD_ROUNDED.pdf
2026-05-11,FWD,fwd_fortune_world_ii,盈聚‧天下 II 保險計劃,savings,10Y_MONTHLY,MONTHLY,10,22,52,155995,132854,59587,199413,391856,251.197795,85.16555,20260511_FWD_SAVING_FortuneWorldII_TARGET1300_ACTUAL1299.96_MONTHLY_10pay_STANDARD_ROUNDED.pdf
2026-05-11,FWD,fwd_fortune_world_ii,盈聚‧天下 II 保險計劃,savings,10Y_MONTHLY,MONTHLY,10,23,53,155995,136847,62808,215778,415435,266.313023,87.725248,20260511_FWD_SAVING_FortuneWorldII_TARGET1300_ACTUAL1299.96_MONTHLY_10pay_STANDARD_ROUNDED.pdf
2026-05-11,FWD,fwd_fortune_world_ii,盈聚‧天下 II 保險計劃,savings,10Y_MONTHLY,MONTHLY,10,24,54,155995,144721,66055,231927,442704,283.793711,92.772845,20260511_FWD_SAVING_FortuneWorldII_TARGET1300_ACTUAL1299.96_MONTHLY_10pay_STANDARD_ROUNDED.pdf
2026-05-11,FWD,fwd_fortune_world_ii,盈聚‧天下 II 保險計劃,savings,10Y_MONTHLY,MONTHLY,10,25,55,155995,145629,69328,257695,472652,302.991763,93.354915,20260511_FWD_SAVING_FortuneWorldII_TARGET1300_ACTUAL1299.96_MONTHLY_10pay_STANDARD_ROUNDED.pdf
2026-05-11,FWD,fwd_fortune_world_ii,盈聚‧天下 II 保險計劃,savings,10Y_MONTHLY,MONTHLY,10,26,56,155995,146629,72627,293184,512441,328.498349,93.995961,20260511_FWD_SAVING_FortuneWorldII_TARGET1300_ACTUAL1299.96_MONTHLY_10pay_STANDARD_ROUNDED.pdf
2026-05-11,FWD,fwd_fortune_world_ii,盈聚‧天下 II 保險計劃,savings,10Y_MONTHLY,MONTHLY,10,27,57,155995,147725,75952,322101,545779,349.869547,94.698548,20260511_FWD_SAVING_FortuneWorldII_TARGET1300_ACTUAL1299.96_MONTHLY_10pay_STANDARD_ROUNDED.pdf
2026-05-11,FWD,fwd_fortune_world_ii,盈聚‧天下 II 保險計劃,savings,10Y_MONTHLY,MONTHLY,10,28,58,155995,148594,79304,357315,585214,375.149204,95.255617,20260511_FWD_SAVING_FortuneWorldII_TARGET1300_ACTUAL1299.96_MONTHLY_10pay_STANDARD_ROUNDED.pdf
2026-05-11,FWD,fwd_fortune_world_ii,盈聚‧天下 II 保險計劃,savings,10Y_MONTHLY,MONTHLY,10,29,59,155995,148879,82683,396516,628079,402.627648,95.438315,20260511_FWD_SAVING_FortuneWorldII_TARGET1300_ACTUAL1299.96_MONTHLY_10pay_STANDARD_ROUNDED.pdf
2026-05-11,FWD,fwd_fortune_world_ii,盈聚‧天下 II 保險計劃,savings,10Y_MONTHLY,MONTHLY,10,30,60,155995,149165,86089,436179,671434,430.420206,95.621655,20260511_FWD_SAVING_FortuneWorldII_TARGET1300_ACTUAL1299.96_MONTHLY_10pay_STANDARD_ROUNDED.pdf
2026-05-11,FWD,fwd_fortune_world_ii,盈聚‧天下 II 保險計劃,savings,10Y_MONTHLY,MONTHLY,10,31,61,155995,149451,89522,481042,720017,461.564153,95.804994,20260511_FWD_SAVING_FortuneWorldII_TARGET1300_ACTUAL1299.96_MONTHLY_10pay_STANDARD_ROUNDED.pdf
2026-05-11,FWD,fwd_fortune_world_ii,盈聚‧天下 II 保險計劃,savings,10Y_MONTHLY,MONTHLY,10,32,62,155995,149739,92982,525906,768628,492.726049,95.989615,20260511_FWD_SAVING_FortuneWorldII_TARGET1300_ACTUAL1299.96_MONTHLY_10pay_STANDARD_ROUNDED.pdf
2026-05-11,FWD,fwd_fortune_world_ii,盈聚‧天下 II 保險計劃,savings,10Y_MONTHLY,MONTHLY,10,33,63,155995,150571,96471,573787,820830,526.189942,96.522965,20260511_FWD_SAVING_FortuneWorldII_TARGET1300_ACTUAL1299.96_MONTHLY_10pay_STANDARD_ROUNDED.pdf
2026-05-11,FWD,fwd_fortune_world_ii,盈聚‧天下 II 保險計劃,savings,10Y_MONTHLY,MONTHLY,10,34,64,155995,151406,99987,625511,876905,562.136607,97.058239,20260511_FWD_SAVING_FortuneWorldII_TARGET1300_ACTUAL1299.96_MONTHLY_10pay_STANDARD_ROUNDED.pdf
2026-05-11,FWD,fwd_fortune_world_ii,盈聚‧天下 II 保險計劃,savings,10Y_MONTHLY,MONTHLY,10,35,65,155995,152244,103531,681381,937157,600.760922,97.595436,20260511_FWD_SAVING_FortuneWorldII_TARGET1300_ACTUAL1299.96_MONTHLY_10pay_STANDARD_ROUNDED.pdf
2026-05-11,FWD,fwd_fortune_world_ii,盈聚‧天下 II 保險計劃,savings,10Y_MONTHLY,MONTHLY,10,36,66,155995,152812,107104,742017,1001933,642.28533,97.95955,20260511_FWD_SAVING_FortuneWorldII_TARGET1300_ACTUAL1299.96_MONTHLY_10pay_STANDARD_ROUNDED.pdf
2026-05-11,FWD,fwd_fortune_world_ii,盈聚‧天下 II 保險計劃,savings,10Y_MONTHLY,MONTHLY,10,37,67,155995,153929,110705,803635,1068270,684.810411,98.675599,20260511_FWD_SAVING_FortuneWorldII_TARGET1300_ACTUAL1299.96_MONTHLY_10pay_STANDARD_ROUNDED.pdf
2026-05-11,FWD,fwd_fortune_world_ii,盈聚‧天下 II 保險計劃,savings,10Y_MONTHLY,MONTHLY,10,38,68,155995,155050,114335,884492,1153878,739.689093,99.394211,20260511_FWD_SAVING_FortuneWorldII_TARGET1300_ACTUAL1299.96_MONTHLY_10pay_STANDARD_ROUNDED.pdf
2026-05-11,FWD,fwd_fortune_world_ii,盈聚‧天下 II 保險計劃,savings,10Y_MONTHLY,MONTHLY,10,39,69,155995,155623,117994,969784,1243402,797.078111,99.761531,20260511_FWD_SAVING_FortuneWorldII_TARGET1300_ACTUAL1299.96_MONTHLY_10pay_STANDARD_ROUNDED.pdf
2026-05-11,FWD,fwd_fortune_world_ii,盈聚‧天下 II 保險計劃,savings,10Y_MONTHLY,MONTHLY,10,40,70,155995,156970,121682,1057705,1336358,856.667201,100.62502,20260511_FWD_SAVING_FortuneWorldII_TARGET1300_ACTUAL1299.96_MONTHLY_10pay_STANDARD_ROUNDED.pdf
2026-05-11,FWD,fwd_fortune_world_ii,盈聚‧天下 II 保險計劃,savings,10Y_MONTHLY,MONTHLY,10,41,71,155995,157353,125400,1159318,1442072,924.434758,100.870541,20260511_FWD_SAVING_FortuneWorldII_TARGET1300_ACTUAL1299.96_MONTHLY_10pay_STANDARD_ROUNDED.pdf
2026-05-11,FWD,fwd_fortune_world_ii,盈聚‧天下 II 保險計劃,savings,10Y_MONTHLY,MONTHLY,10,42,72,155995,157735,129148,1253840,1540724,987.675246,101.11542,20260511_FWD_SAVING_FortuneWorldII_TARGET1300_ACTUAL1299.96_MONTHLY_10pay_STANDARD_ROUNDED.pdf
2026-05-11,FWD,fwd_fortune_world_ii,盈聚‧天下 II 保險計劃,savings,10Y_MONTHLY,MONTHLY,10,43,73,155995,158118,132925,1355396,1646440,1055.444085,101.360941,20260511_FWD_SAVING_FortuneWorldII_TARGET1300_ACTUAL1299.96_MONTHLY_10pay_STANDARD_ROUNDED.pdf
2026-05-11,FWD,fwd_fortune_world_ii,盈聚‧天下 II 保險計劃,savings,10Y_MONTHLY,MONTHLY,10,44,74,155995,158501,136733,1464491,1759726,1128.065643,101.606462,20260511_FWD_SAVING_FortuneWorldII_TARGET1300_ACTUAL1299.96_MONTHLY_10pay_STANDARD_ROUNDED.pdf
2026-05-11,FWD,fwd_fortune_world_ii,盈聚‧天下 II 保險計劃,savings,10Y_MONTHLY,MONTHLY,10,45,75,155995,158884,140571,1581704,1881161,1205.911087,101.851982,20260511_FWD_SAVING_FortuneWorldII_TARGET1300_ACTUAL1299.96_MONTHLY_10pay_STANDARD_ROUNDED.pdf
2026-05-11,FWD,fwd_fortune_world_ii,盈聚‧天下 II 保險計劃,savings,10Y_MONTHLY,MONTHLY,10,46,76,155995,159267,144440,1699726,2003435,1284.294368,102.097503,20260511_FWD_SAVING_FortuneWorldII_TARGET1300_ACTUAL1299.96_MONTHLY_10pay_STANDARD_ROUNDED.pdf
2026-05-11,FWD,fwd_fortune_world_ii,盈聚‧天下 II 保險計劃,savings,10Y_MONTHLY,MONTHLY,10,47,77,155995,159651,148340,1825663,2133655,1367.771403,102.343665,20260511_FWD_SAVING_FortuneWorldII_TARGET1300_ACTUAL1299.96_MONTHLY_10pay_STANDARD_ROUNDED.pdf
2026-05-11,FWD,fwd_fortune_world_ii,盈聚‧天下 II 保險計劃,savings,10Y_MONTHLY,MONTHLY,10,48,78,155995,160257,152271,1959819,2272349,1456.680663,102.732139,20260511_FWD_SAVING_FortuneWorldII_TARGET1300_ACTUAL1299.96_MONTHLY_10pay_STANDARD_ROUNDED.pdf
2026-05-11,FWD,fwd_fortune_world_ii,盈聚‧天下 II 保險計劃,savings,10Y_MONTHLY,MONTHLY,10,49,79,155995,160697,156234,2103118,2420050,1551.363826,103.014199,20260511_FWD_SAVING_FortuneWorldII_TARGET1300_ACTUAL1299.96_MONTHLY_10pay_STANDARD_ROUNDED.pdf
2026-05-11,FWD,fwd_fortune_world_ii,盈聚‧天下 II 保險計劃,savings,10Y_MONTHLY,MONTHLY,10,50,80,155995,161137,160228,2255993,2577359,1652.20616,103.296259,20260511_FWD_SAVING_FortuneWorldII_TARGET1300_ACTUAL1299.96_MONTHLY_10pay_STANDARD_ROUNDED.pdf
2026-05-11,FWD,fwd_fortune_world_ii,盈聚‧天下 II 保險計劃,savings,10Y_MONTHLY,MONTHLY,10,51,81,155995,161577,164254,2419052,2744883,1759.596782,103.57832,20260511_FWD_SAVING_FortuneWorldII_TARGET1300_ACTUAL1299.96_MONTHLY_10pay_STANDARD_ROUNDED.pdf
2026-05-11,FWD,fwd_fortune_world_ii,盈聚‧天下 II 保險計劃,savings,10Y_MONTHLY,MONTHLY,10,52,82,155995,162017,168312,2592972,2923302,1873.971602,103.86038,20260511_FWD_SAVING_FortuneWorldII_TARGET1300_ACTUAL1299.96_MONTHLY_10pay_STANDARD_ROUNDED.pdf
2026-05-11,FWD,fwd_fortune_world_ii,盈聚‧天下 II 保險計劃,savings,10Y_MONTHLY,MONTHLY,10,53,83,155995,162457,172403,2778462,3113323,1995.783839,104.14244,20260511_FWD_SAVING_FortuneWorldII_TARGET1300_ACTUAL1299.96_MONTHLY_10pay_STANDARD_ROUNDED.pdf
2026-05-11,FWD,fwd_fortune_world_ii,盈聚‧天下 II 保險計劃,savings,10Y_MONTHLY,MONTHLY,10,54,84,155995,163178,176527,2975983,3315690,2125.510433,104.604635,20260511_FWD_SAVING_FortuneWorldII_TARGET1300_ACTUAL1299.96_MONTHLY_10pay_STANDARD_ROUNDED.pdf
2026-05-11,FWD,fwd_fortune_world_ii,盈聚‧天下 II 保險計劃,savings,10Y_MONTHLY,MONTHLY,10,55,85,155995,163619,180683,3186895,3531198,2263.661015,104.887336,20260511_FWD_SAVING_FortuneWorldII_TARGET1300_ACTUAL1299.96_MONTHLY_10pay_STANDARD_ROUNDED.pdf
2026-05-11,FWD,fwd_fortune_world_ii,盈聚‧天下 II 保險計劃,savings,10Y_MONTHLY,MONTHLY,10,56,86,155995,164060,184873,3411802,3760736,2410.805475,105.170038,20260511_FWD_SAVING_FortuneWorldII_TARGET1300_ACTUAL1299.96_MONTHLY_10pay_STANDARD_ROUNDED.pdf
2026-05-11,FWD,fwd_fortune_world_ii,盈聚‧天下 II 保險計劃,savings,10Y_MONTHLY,MONTHLY,10,57,87,155995,164501,189097,3651587,4005186,2567.509215,105.452739,20260511_FWD_SAVING_FortuneWorldII_TARGET1300_ACTUAL1299.96_MONTHLY_10pay_STANDARD_ROUNDED.pdf
2026-05-11,FWD,fwd_fortune_world_ii,盈聚‧天下 II 保險計劃,savings,10Y_MONTHLY,MONTHLY,10,58,88,155995,164942,193354,3907217,4265514,2734.391487,105.73544,20260511_FWD_SAVING_FortuneWorldII_TARGET1300_ACTUAL1299.96_MONTHLY_10pay_STANDARD_ROUNDED.pdf
2026-05-11,FWD,fwd_fortune_world_ii,盈聚‧天下 II 保險計劃,savings,10Y_MONTHLY,MONTHLY,10,59,89,155995,165383,197645,4179746,4542775,2912.128594,106.018142,20260511_FWD_SAVING_FortuneWorldII_TARGET1300_ACTUAL1299.96_MONTHLY_10pay_STANDARD_ROUNDED.pdf
2026-05-11,FWD,fwd_fortune_world_ii,盈聚‧天下 II 保險計劃,savings,10Y_MONTHLY,MONTHLY,10,60,90,155995,165824,201971,4470259,4838054,3101.416071,106.300843,20260511_FWD_SAVING_FortuneWorldII_TARGET1300_ACTUAL1299.96_MONTHLY_10pay_STANDARD_ROUNDED.pdf
2026-05-11,FWD,fwd_fortune_world_ii,盈聚‧天下 II 保險計劃,savings,10Y_MONTHLY,MONTHLY,10,61,91,155995,166266,206331,4779938,5152535,3303.012917,106.584185,20260511_FWD_SAVING_FortuneWorldII_TARGET1300_ACTUAL1299.96_MONTHLY_10pay_STANDARD_ROUNDED.pdf
2026-05-11,FWD,fwd_fortune_world_ii,盈聚‧天下 II 保險計劃,savings,10Y_MONTHLY,MONTHLY,10,62,92,155995,166707,210726,5110012,5487446,3517.706337,106.866887,20260511_FWD_SAVING_FortuneWorldII_TARGET1300_ACTUAL1299.96_MONTHLY_10pay_STANDARD_ROUNDED.pdf
2026-05-11,FWD,fwd_fortune_world_ii,盈聚‧天下 II 保險計劃,savings,10Y_MONTHLY,MONTHLY,10,63,93,155995,167290,215156,5461680,5844127,3746.355332,107.240617,20260511_FWD_SAVING_FortuneWorldII_TARGET1300_ACTUAL1299.96_MONTHLY_10pay_STANDARD_ROUNDED.pdf
2026-05-11,FWD,fwd_fortune_world_ii,盈聚‧天下 II 保險計劃,savings,10Y_MONTHLY,MONTHLY,10,64,94,155995,167873,219621,5836502,6223998,3989.870188,107.614347,20260511_FWD_SAVING_FortuneWorldII_TARGET1300_ACTUAL1299.96_MONTHLY_10pay_STANDARD_ROUNDED.pdf
2026-05-11,FWD,fwd_fortune_world_ii,盈聚‧天下 II 保險計劃,savings,10Y_MONTHLY,MONTHLY,10,65,95,155995,168457,224123,6235980,6628560,4249.213116,107.988718,20260511_FWD_SAVING_FortuneWorldII_TARGET1300_ACTUAL1299.96_MONTHLY_10pay_STANDARD_ROUNDED.pdf
2026-05-11,FWD,fwd_fortune_world_ii,盈聚‧天下 II 保險計劃,savings,10Y_MONTHLY,MONTHLY,10,66,96,155995,169041,228660,6661717,7059419,4525.413635,108.363089,20260511_FWD_SAVING_FortuneWorldII_TARGET1300_ACTUAL1299.96_MONTHLY_10pay_STANDARD_ROUNDED.pdf
2026-05-11,FWD,fwd_fortune_world_ii,盈聚‧天下 II 保險計劃,savings,10Y_MONTHLY,MONTHLY,10,67,97,155995,169624,233234,7115417,7518276,4819.562165,108.736818,20260511_FWD_SAVING_FortuneWorldII_TARGET1300_ACTUAL1299.96_MONTHLY_10pay_STANDARD_ROUNDED.pdf
2026-05-11,FWD,fwd_fortune_world_ii,盈聚‧天下 II 保險計劃,savings,10Y_MONTHLY,MONTHLY,10,68,98,155995,170493,237844,7598627,8006965,5132.834386,109.293888,20260511_FWD_SAVING_FortuneWorldII_TARGET1300_ACTUAL1299.96_MONTHLY_10pay_STANDARD_ROUNDED.pdf
2026-05-11,FWD,fwd_fortune_world_ii,盈聚‧天下 II 保險計劃,savings,10Y_MONTHLY,MONTHLY,10,69,99,155995,170964,242491,8113974,8527430,5466.47649,109.59582,20260511_FWD_SAVING_FortuneWorldII_TARGET1300_ACTUAL1299.96_MONTHLY_10pay_STANDARD_ROUNDED.pdf
2026-05-11,FWD,fwd_fortune_world_ii,盈聚‧天下 II 保險計劃,savings,10Y_MONTHLY,MONTHLY,10,70,100,155995,171662,247175,8662875,9081714,5821.798135,110.043271,20260511_FWD_SAVING_FortuneWorldII_TARGET1300_ACTUAL1299.96_MONTHLY_10pay_STANDARD_ROUNDED.pdf
2026-05-11,FWD,fwd_fortune_world_ii,盈聚‧天下 II 保險計劃,savings,10Y_MONTHLY,MONTHLY,10,71,101,155995,172531,251897,9247583,9672012,6200.206417,110.60034,20260511_FWD_SAVING_FortuneWorldII_TARGET1300_ACTUAL1299.96_MONTHLY_10pay_STANDARD_ROUNDED.pdf
2026-05-11,FWD,fwd_fortune_world_ii,盈聚‧天下 II 保險計劃,savings,10Y_MONTHLY,MONTHLY,10,72,102,155995,173117,256657,9870928,10300702,6603.225744,110.975993,20260511_FWD_SAVING_FortuneWorldII_TARGET1300_ACTUAL1299.96_MONTHLY_10pay_STANDARD_ROUNDED.pdf
2026-05-11,FWD,fwd_fortune_world_ii,盈聚‧天下 II 保險計劃,savings,10Y_MONTHLY,MONTHLY,10,73,103,155995,173987,261454,10534803,10970245,7032.433732,111.533703,20260511_FWD_SAVING_FortuneWorldII_TARGET1300_ACTUAL1299.96_MONTHLY_10pay_STANDARD_ROUNDED.pdf
2026-05-11,FWD,fwd_fortune_world_ii,盈聚‧天下 II 保險計劃,savings,10Y_MONTHLY,MONTHLY,10,74,104,155995,174573,266290,11242444,11683307,7489.539408,111.909356,20260511_FWD_SAVING_FortuneWorldII_TARGET1300_ACTUAL1299.96_MONTHLY_10pay_STANDARD_ROUNDED.pdf
2026-05-11,FWD,fwd_fortune_world_ii,盈聚‧天下 II 保險計劃,savings,10Y_MONTHLY,MONTHLY,10,75,105,155995,175159,271165,11996406,12442730,7976.364627,112.285009,20260511_FWD_SAVING_FortuneWorldII_TARGET1300_ACTUAL1299.96_MONTHLY_10pay_STANDARD_ROUNDED.pdf
2026-05-11,FWD,fwd_fortune_world_ii,盈聚‧天下 II 保險計劃,savings,10Y_MONTHLY,MONTHLY,10,76,106,155995,175745,276079,12799680,13251504,8494.826116,112.660662,20260511_FWD_SAVING_FortuneWorldII_TARGET1300_ACTUAL1299.96_MONTHLY_10pay_STANDARD_ROUNDED.pdf
2026-05-11,FWD,fwd_fortune_world_ii,盈聚‧天下 II 保險計劃,savings,10Y_MONTHLY,MONTHLY,10,77,107,155995,176616,281032,13655213,14112861,9046.995737,113.219013,20260511_FWD_SAVING_FortuneWorldII_TARGET1300_ACTUAL1299.96_MONTHLY_10pay_STANDARD_ROUNDED.pdf
2026-05-11,FWD,fwd_fortune_world_ii,盈聚‧天下 II 保險計劃,savings,10Y_MONTHLY,MONTHLY,10,78,108,155995,177488,286024,14566672,15030185,9635.04279,113.778006,20260511_FWD_SAVING_FortuneWorldII_TARGET1300_ACTUAL1299.96_MONTHLY_10pay_STANDARD_ROUNDED.pdf
2026-05-11,FWD,fwd_fortune_world_ii,盈聚‧天下 II 保險計劃,savings,10Y_MONTHLY,MONTHLY,10,79,109,155995,178074,291057,15538017,16007149,10261.321837,114.153659,20260511_FWD_SAVING_FortuneWorldII_TARGET1300_ACTUAL1299.96_MONTHLY_10pay_STANDARD_ROUNDED.pdf
2026-05-11,FWD,fwd_fortune_world_ii,盈聚‧天下 II 保險計劃,savings,10Y_MONTHLY,MONTHLY,10,80,110,155995,178946,296130,16572540,17047617,10928.309882,114.712651,20260511_FWD_SAVING_FortuneWorldII_TARGET1300_ACTUAL1299.96_MONTHLY_10pay_STANDARD_ROUNDED.pdf
2026-05-11,FWD,fwd_fortune_world_ii,盈聚‧天下 II 保險計劃,savings,10Y_MONTHLY,MONTHLY,10,81,111,155995,179819,301243,17674646,18155709,11638.648034,115.272284,20260511_FWD_SAVING_FortuneWorldII_TARGET1300_ACTUAL1299.96_MONTHLY_10pay_STANDARD_ROUNDED.pdf
2026-05-11,FWD,fwd_fortune_world_ii,盈聚‧天下 II 保險計劃,savings,10Y_MONTHLY,MONTHLY,10,82,112,155995,180406,306397,18849030,19335834,12395.162665,115.648578,20260511_FWD_SAVING_FortuneWorldII_TARGET1300_ACTUAL1299.96_MONTHLY_10pay_STANDARD_ROUNDED.pdf
2026-05-11,FWD,fwd_fortune_world_ii,盈聚‧天下 II 保險計劃,savings,10Y_MONTHLY,MONTHLY,10,83,113,155995,181279,311593,20099793,20592667,13200.850668,116.208212,20260511_FWD_SAVING_FortuneWorldII_TARGET1300_ACTUAL1299.96_MONTHLY_10pay_STANDARD_ROUNDED.pdf
2026-05-11,FWD,fwd_fortune_world_ii,盈聚‧天下 II 保險計劃,savings,10Y_MONTHLY,MONTHLY,10,84,114,155995,182153,316830,21432209,21931193,14058.907657,116.768486,20260511_FWD_SAVING_FortuneWorldII_TARGET1300_ACTUAL1299.96_MONTHLY_10pay_STANDARD_ROUNDED.pdf
2026-05-11,FWD,fwd_fortune_world_ii,盈聚‧天下 II 保險計劃,savings,10Y_MONTHLY,MONTHLY,10,85,115,155995,182741,322109,22851866,23356717,14972.734383,117.145421,20260511_FWD_SAVING_FortuneWorldII_TARGET1300_ACTUAL1299.96_MONTHLY_10pay_STANDARD_ROUNDED.pdf
2026-05-11,FWD,fwd_fortune_world_ii,盈聚‧天下 II 保險計劃,savings,10Y_MONTHLY,MONTHLY,10,86,116,155995,183615,327430,24363864,24874910,15945.966217,117.705696,20260511_FWD_SAVING_FortuneWorldII_TARGET1300_ACTUAL1299.96_MONTHLY_10pay_STANDARD_ROUNDED.pdf
2026-05-11,FWD,fwd_fortune_world_ii,盈聚‧天下 II 保險計劃,savings,10Y_MONTHLY,MONTHLY,10,87,117,155995,184489,332794,25974486,26491770,16982.448155,118.26597,20260511_FWD_SAVING_FortuneWorldII_TARGET1300_ACTUAL1299.96_MONTHLY_10pay_STANDARD_ROUNDED.pdf
2026-05-11,FWD,fwd_fortune_world_ii,盈聚‧天下 II 保險計劃,savings,10Y_MONTHLY,MONTHLY,10,88,118,155995,185077,338201,27690462,28213741,18086.3111,118.642905,20260511_FWD_SAVING_FortuneWorldII_TARGET1300_ACTUAL1299.96_MONTHLY_10pay_STANDARD_ROUNDED.pdf
2026-05-11,FWD,fwd_fortune_world_ii,盈聚‧天下 II 保險計劃,savings,10Y_MONTHLY,MONTHLY,10,89,119,155995,185951,343651,29518032,30047636,19261.922498,119.20318,20260511_FWD_SAVING_FortuneWorldII_TARGET1300_ACTUAL1299.96_MONTHLY_10pay_STANDARD_ROUNDED.pdf
2026-05-11,FWD,fwd_fortune_world_ii,盈聚‧天下 II 保險計劃,savings,10Y_MONTHLY,MONTHLY,10,90,120,155995,186540,349144,31465040,32000726,20513.943396,119.580756,20260511_FWD_SAVING_FortuneWorldII_TARGET1300_ACTUAL1299.96_MONTHLY_10pay_STANDARD_ROUNDED.pdf
2026-05-11,FWD,fwd_fortune_world_ii,盈聚‧天下 II 保險計劃,savings,10Y_MONTHLY,MONTHLY,10,91,121,155995,187988,354682,33538115,34080786,21847.357928,120.508991,20260511_FWD_SAVING_FortuneWorldII_TARGET1300_ACTUAL1299.96_MONTHLY_10pay_STANDARD_ROUNDED.pdf
2026-05-11,FWD,fwd_fortune_world_ii,盈聚‧天下 II 保險計劃,savings,10Y_MONTHLY,MONTHLY,10,92,122,155995,188863,360264,35746906,36296034,23267.434213,121.069906,20260511_FWD_SAVING_FortuneWorldII_TARGET1300_ACTUAL1299.96_MONTHLY_10pay_STANDARD_ROUNDED.pdf
2026-05-11,FWD,fwd_fortune_world_ii,盈聚‧天下 II 保險計劃,savings,10Y_MONTHLY,MONTHLY,10,93,123,155995,190026,365890,38099357,38655274,24779.81602,121.815443,20260511_FWD_SAVING_FortuneWorldII_TARGET1300_ACTUAL1299.96_MONTHLY_10pay_STANDARD_ROUNDED.pdf
2026-05-11,FWD,fwd_fortune_world_ii,盈聚‧天下 II 保險計劃,savings,10Y_MONTHLY,MONTHLY,10,94,124,155995,190901,371562,40605406,41167870,26390.506106,122.376358,20260511_FWD_SAVING_FortuneWorldII_TARGET1300_ACTUAL1299.96_MONTHLY_10pay_STANDARD_ROUNDED.pdf
2026-05-11,FWD,fwd_fortune_world_ii,盈聚‧天下 II 保險計劃,savings,10Y_MONTHLY,MONTHLY,10,95,125,155995,191634,377278,43274859,43843773,28105.883522,122.846245,20260511_FWD_SAVING_FortuneWorldII_TARGET1300_ACTUAL1299.96_MONTHLY_10pay_STANDARD_ROUNDED.pdf
2026-05-11,FWD,fwd_fortune_world_ii,盈聚‧天下 II 保險計劃,savings,10Y_MONTHLY,MONTHLY,10,96,126,155995,192367,383041,46118218,46693627,29932.771563,123.316132,20260511_FWD_SAVING_FortuneWorldII_TARGET1300_ACTUAL1299.96_MONTHLY_10pay_STANDARD_ROUNDED.pdf
2026-05-11,FWD,fwd_fortune_world_ii,盈聚‧天下 II 保險計劃,savings,10Y_MONTHLY,MONTHLY,10,97,127,155995,193243,388850,49146619,49728714,31878.402513,123.877688,20260511_FWD_SAVING_FortuneWorldII_TARGET1300_ACTUAL1299.96_MONTHLY_10pay_STANDARD_ROUNDED.pdf
2026-05-11,FWD,fwd_fortune_world_ii,盈聚‧天下 II 保險計劃,savings,10Y_MONTHLY,MONTHLY,10,98,128,155995,194120,394705,52372254,52961080,33950.498413,124.439886,20260511_FWD_SAVING_FortuneWorldII_TARGET1300_ACTUAL1299.96_MONTHLY_10pay_STANDARD_ROUNDED.pdf
2026-05-11,FWD,fwd_fortune_world_ii,盈聚‧天下 II 保險計劃,savings,10Y_MONTHLY,MONTHLY,10,99,129,155995,194997,400607,55807947,56403552,36157.281964,125.002083,20260511_FWD_SAVING_FortuneWorldII_TARGET1300_ACTUAL1299.96_MONTHLY_10pay_STANDARD_ROUNDED.pdf
2026-05-11,FWD,fwd_fortune_world_ii,盈聚‧天下 II 保險計劃,savings,10Y_MONTHLY,MONTHLY,10,100,130,155995,196161,406556,59467060,60069778,38507.502164,125.748261,20260511_FWD_SAVING_FortuneWorldII_TARGET1300_ACTUAL1299.96_MONTHLY_10pay_STANDARD_ROUNDED.pdf
2026-05-11,FWD,fwd_fortune_world_ii,盈聚‧天下 II 保險計劃,savings,10Y_MONTHLY,MONTHLY,10,101,131,155995,196791,412553,63364975,63974320,41010.493926,126.15212,20260511_FWD_SAVING_FortuneWorldII_TARGET1300_ACTUAL1299.96_MONTHLY_10pay_STANDARD_ROUNDED.pdf
2026-05-11,FWD,fwd_fortune_world_ii,盈聚‧天下 II 保險計劃,savings,10Y_MONTHLY,MONTHLY,10,102,132,155995,197422,418598,67516629,68132650,43676.175518,126.55662,20260511_FWD_SAVING_FortuneWorldII_TARGET1300_ACTUAL1299.96_MONTHLY_10pay_STANDARD_ROUNDED.pdf
2026-05-11,FWD,fwd_fortune_world_ii,盈聚‧天下 II 保險計劃,savings,10Y_MONTHLY,MONTHLY,10,103,133,155995,198056,424691,71938515,72561263,46515.120997,126.963044,20260511_FWD_SAVING_FortuneWorldII_TARGET1300_ACTUAL1299.96_MONTHLY_10pay_STANDARD_ROUNDED.pdf
2026-05-11,FWD,fwd_fortune_world_ii,盈聚‧天下 II 保險計劃,savings,10Y_MONTHLY,MONTHLY,10,104,134,155995,198692,430833,76648227,77277752,49538.608289,127.370749,20260511_FWD_SAVING_FortuneWorldII_TARGET1300_ACTUAL1299.96_MONTHLY_10pay_STANDARD_ROUNDED.pdf
2026-05-11,FWD,fwd_fortune_world_ii,盈聚‧天下 II 保險計劃,savings,10Y_MONTHLY,MONTHLY,10,105,135,155995,199330,437024,81664454,82300809,52758.619828,127.779737,20260511_FWD_SAVING_FortuneWorldII_TARGET1300_ACTUAL1299.96_MONTHLY_10pay_STANDARD_ROUNDED.pdf
2026-05-11,FWD,fwd_fortune_world_ii,盈聚‧天下 II 保險計劃,savings,10Y_MONTHLY,MONTHLY,10,106,136,155995,199969,443264,87007131,87650366,56187.932947,128.189365,20260511_FWD_SAVING_FortuneWorldII_TARGET1300_ACTUAL1299.96_MONTHLY_10pay_STANDARD_ROUNDED.pdf
2026-05-11,FWD,fwd_fortune_world_ii,盈聚‧天下 II 保險計劃,savings,10Y_MONTHLY,MONTHLY,10,107,137,155995,200611,449555,92697461,93347628,59840.14103,128.600917,20260511_FWD_SAVING_FortuneWorldII_TARGET1300_ACTUAL1299.96_MONTHLY_10pay_STANDARD_ROUNDED.pdf
2026-05-11,FWD,fwd_fortune_world_ii,盈聚‧天下 II 保險計劃,savings,10Y_MONTHLY,MONTHLY,10,108,138,155995,201255,455896,98758076,99415228,63729.752877,129.01375,20260511_FWD_SAVING_FortuneWorldII_TARGET1300_ACTUAL1299.96_MONTHLY_10pay_STANDARD_ROUNDED.pdf
