capture_date,insurer,product_family_id,product_name_zh,category,comparison_bucket,payment_mode,payment_term_years,policy_year,age,total_paid,guaranteed_cash_value,reversionary_bonus_cash_value,terminal_bonus_cash_value,total_surrender_value,surrender_to_paid_pct,guaranteed_to_paid_pct,pdf_file
2026-05-11,FWD,fwd_creative_fortune_plus_ii,創逸致富(豐裕版) II 保險計劃,life-savings,OUT_OF_SCOPE,SINGLE,1,1,31,33870,27775,50,0,27825,82.152347,82.004724,20260511_FWD_LIFESAVING_CreativeFortunePlusII_FORCEDMIN500000_SINGLE.pdf
2026-05-11,FWD,fwd_creative_fortune_plus_ii,創逸致富(豐裕版) II 保險計劃,life-savings,OUT_OF_SCOPE,SINGLE,1,2,32,33870,27775,101,0,27876,82.302923,82.004724,20260511_FWD_LIFESAVING_CreativeFortunePlusII_FORCEDMIN500000_SINGLE.pdf
2026-05-11,FWD,fwd_creative_fortune_plus_ii,創逸致富(豐裕版) II 保險計劃,life-savings,OUT_OF_SCOPE,SINGLE,1,3,33,33870,27775,155,500,28430,83.938589,82.004724,20260511_FWD_LIFESAVING_CreativeFortunePlusII_FORCEDMIN500000_SINGLE.pdf
2026-05-11,FWD,fwd_creative_fortune_plus_ii,創逸致富(豐裕版) II 保險計劃,life-savings,OUT_OF_SCOPE,SINGLE,1,4,34,33870,27775,211,3500,31486,92.961323,82.004724,20260511_FWD_LIFESAVING_CreativeFortunePlusII_FORCEDMIN500000_SINGLE.pdf
2026-05-11,FWD,fwd_creative_fortune_plus_ii,創逸致富(豐裕版) II 保險計劃,life-savings,OUT_OF_SCOPE,SINGLE,1,5,35,33870,27775,269,4500,32544,96.085031,82.004724,20260511_FWD_LIFESAVING_CreativeFortunePlusII_FORCEDMIN500000_SINGLE.pdf
2026-05-11,FWD,fwd_creative_fortune_plus_ii,創逸致富(豐裕版) II 保險計劃,life-savings,OUT_OF_SCOPE,SINGLE,1,6,36,33870,27775,329,6500,34604,102.16711,82.004724,20260511_FWD_LIFESAVING_CreativeFortunePlusII_FORCEDMIN500000_SINGLE.pdf
2026-05-11,FWD,fwd_creative_fortune_plus_ii,創逸致富(豐裕版) II 保險計劃,life-savings,OUT_OF_SCOPE,SINGLE,1,7,37,33870,27775,391,7000,35166,103.826395,82.004724,20260511_FWD_LIFESAVING_CreativeFortunePlusII_FORCEDMIN500000_SINGLE.pdf
2026-05-11,FWD,fwd_creative_fortune_plus_ii,創逸致富(豐裕版) II 保險計劃,life-savings,OUT_OF_SCOPE,SINGLE,1,8,38,33870,27775,456,7500,35731,105.494538,82.004724,20260511_FWD_LIFESAVING_CreativeFortunePlusII_FORCEDMIN500000_SINGLE.pdf
2026-05-11,FWD,fwd_creative_fortune_plus_ii,創逸致富(豐裕版) II 保險計劃,life-savings,OUT_OF_SCOPE,SINGLE,1,9,39,33870,27775,523,8500,36798,108.644818,82.004724,20260511_FWD_LIFESAVING_CreativeFortunePlusII_FORCEDMIN500000_SINGLE.pdf
2026-05-11,FWD,fwd_creative_fortune_plus_ii,創逸致富(豐裕版) II 保險計劃,life-savings,OUT_OF_SCOPE,SINGLE,1,10,40,33870,27775,593,9500,37868,111.803956,82.004724,20260511_FWD_LIFESAVING_CreativeFortunePlusII_FORCEDMIN500000_SINGLE.pdf
2026-05-11,FWD,fwd_creative_fortune_plus_ii,創逸致富(豐裕版) II 保險計劃,life-savings,OUT_OF_SCOPE,SINGLE,1,11,41,33870,27775,665,10000,38440,113.492766,82.004724,20260511_FWD_LIFESAVING_CreativeFortunePlusII_FORCEDMIN500000_SINGLE.pdf
2026-05-11,FWD,fwd_creative_fortune_plus_ii,創逸致富(豐裕版) II 保險計劃,life-savings,OUT_OF_SCOPE,SINGLE,1,12,42,33870,27775,740,10500,39015,115.190434,82.004724,20260511_FWD_LIFESAVING_CreativeFortunePlusII_FORCEDMIN500000_SINGLE.pdf
2026-05-11,FWD,fwd_creative_fortune_plus_ii,創逸致富(豐裕版) II 保險計劃,life-savings,OUT_OF_SCOPE,SINGLE,1,13,43,33870,27775,818,11500,40093,118.373192,82.004724,20260511_FWD_LIFESAVING_CreativeFortunePlusII_FORCEDMIN500000_SINGLE.pdf
2026-05-11,FWD,fwd_creative_fortune_plus_ii,創逸致富(豐裕版) II 保險計劃,life-savings,OUT_OF_SCOPE,SINGLE,1,14,44,33870,27775,899,12000,40674,120.088574,82.004724,20260511_FWD_LIFESAVING_CreativeFortunePlusII_FORCEDMIN500000_SINGLE.pdf
2026-05-11,FWD,fwd_creative_fortune_plus_ii,創逸致富(豐裕版) II 保險計劃,life-savings,OUT_OF_SCOPE,SINGLE,1,15,45,33870,27775,982,12500,41257,121.809861,82.004724,20260511_FWD_LIFESAVING_CreativeFortunePlusII_FORCEDMIN500000_SINGLE.pdf
2026-05-11,FWD,fwd_creative_fortune_plus_ii,創逸致富(豐裕版) II 保險計劃,life-savings,OUT_OF_SCOPE,SINGLE,1,16,46,33870,27775,1069,13000,41844,123.542958,82.004724,20260511_FWD_LIFESAVING_CreativeFortunePlusII_FORCEDMIN500000_SINGLE.pdf
2026-05-11,FWD,fwd_creative_fortune_plus_ii,創逸致富(豐裕版) II 保險計劃,life-savings,OUT_OF_SCOPE,SINGLE,1,17,47,33870,27775,1159,13500,42434,125.284913,82.004724,20260511_FWD_LIFESAVING_CreativeFortunePlusII_FORCEDMIN500000_SINGLE.pdf
2026-05-11,FWD,fwd_creative_fortune_plus_ii,創逸致富(豐裕版) II 保險計劃,life-savings,OUT_OF_SCOPE,SINGLE,1,18,48,33870,33870,1253,13500,48623,143.557721,100.0,20260511_FWD_LIFESAVING_CreativeFortunePlusII_FORCEDMIN500000_SINGLE.pdf
2026-05-11,FWD,fwd_creative_fortune_plus_ii,創逸致富(豐裕版) II 保險計劃,life-savings,OUT_OF_SCOPE,SINGLE,1,19,49,33870,33870,1350,14500,49720,146.796575,100.0,20260511_FWD_LIFESAVING_CreativeFortunePlusII_FORCEDMIN500000_SINGLE.pdf
2026-05-11,FWD,fwd_creative_fortune_plus_ii,創逸致富(豐裕版) II 保險計劃,life-savings,OUT_OF_SCOPE,SINGLE,1,20,50,33870,33870,1500,15500,50870,150.19191,100.0,20260511_FWD_LIFESAVING_CreativeFortunePlusII_FORCEDMIN500000_SINGLE.pdf
2026-05-11,FWD,fwd_creative_fortune_plus_ii,創逸致富(豐裕版) II 保險計劃,life-savings,OUT_OF_SCOPE,SINGLE,1,21,51,33870,33870,1657,17500,53027,156.560378,100.0,20260511_FWD_LIFESAVING_CreativeFortunePlusII_FORCEDMIN500000_SINGLE.pdf
2026-05-11,FWD,fwd_creative_fortune_plus_ii,創逸致富(豐裕版) II 保險計劃,life-savings,OUT_OF_SCOPE,SINGLE,1,22,52,33870,33870,1819,20000,55689,164.419841,100.0,20260511_FWD_LIFESAVING_CreativeFortunePlusII_FORCEDMIN500000_SINGLE.pdf
2026-05-11,FWD,fwd_creative_fortune_plus_ii,創逸致富(豐裕版) II 保險計劃,life-savings,OUT_OF_SCOPE,SINGLE,1,23,53,33870,33870,1987,22500,58357,172.297018,100.0,20260511_FWD_LIFESAVING_CreativeFortunePlusII_FORCEDMIN500000_SINGLE.pdf
2026-05-11,FWD,fwd_creative_fortune_plus_ii,創逸致富(豐裕版) II 保險計劃,life-savings,OUT_OF_SCOPE,SINGLE,1,24,54,33870,33870,2162,25000,61032,180.194863,100.0,20260511_FWD_LIFESAVING_CreativeFortunePlusII_FORCEDMIN500000_SINGLE.pdf
2026-05-11,FWD,fwd_creative_fortune_plus_ii,創逸致富(豐裕版) II 保險計劃,life-savings,OUT_OF_SCOPE,SINGLE,1,25,55,33870,33870,2343,25000,61213,180.729259,100.0,20260511_FWD_LIFESAVING_CreativeFortunePlusII_FORCEDMIN500000_SINGLE.pdf
2026-05-11,FWD,fwd_creative_fortune_plus_ii,創逸致富(豐裕版) II 保險計劃,life-savings,OUT_OF_SCOPE,SINGLE,1,26,56,33870,33870,2530,26000,62400,184.233835,100.0,20260511_FWD_LIFESAVING_CreativeFortunePlusII_FORCEDMIN500000_SINGLE.pdf
2026-05-11,FWD,fwd_creative_fortune_plus_ii,創逸致富(豐裕版) II 保險計劃,life-savings,OUT_OF_SCOPE,SINGLE,1,27,57,33870,33870,2725,28000,64595,190.714497,100.0,20260511_FWD_LIFESAVING_CreativeFortunePlusII_FORCEDMIN500000_SINGLE.pdf
2026-05-11,FWD,fwd_creative_fortune_plus_ii,創逸致富(豐裕版) II 保險計劃,life-savings,OUT_OF_SCOPE,SINGLE,1,28,58,33870,33870,2928,30500,67298,198.69501,100.0,20260511_FWD_LIFESAVING_CreativeFortunePlusII_FORCEDMIN500000_SINGLE.pdf
2026-05-11,FWD,fwd_creative_fortune_plus_ii,創逸致富(豐裕版) II 保險計劃,life-savings,OUT_OF_SCOPE,SINGLE,1,29,59,33870,33870,3137,33500,70507,208.169472,100.0,20260511_FWD_LIFESAVING_CreativeFortunePlusII_FORCEDMIN500000_SINGLE.pdf
2026-05-11,FWD,fwd_creative_fortune_plus_ii,創逸致富(豐裕版) II 保險計劃,life-savings,OUT_OF_SCOPE,SINGLE,1,30,60,33870,33870,3405,36000,73275,216.341895,100.0,20260511_FWD_LIFESAVING_CreativeFortunePlusII_FORCEDMIN500000_SINGLE.pdf
2026-05-11,FWD,fwd_creative_fortune_plus_ii,創逸致富(豐裕版) II 保險計劃,life-savings,OUT_OF_SCOPE,SINGLE,1,31,61,33870,33870,3783,38500,76153,224.839091,100.0,20260511_FWD_LIFESAVING_CreativeFortunePlusII_FORCEDMIN500000_SINGLE.pdf
2026-05-11,FWD,fwd_creative_fortune_plus_ii,創逸致富(豐裕版) II 保險計劃,life-savings,OUT_OF_SCOPE,SINGLE,1,32,62,33870,33870,4225,40500,78595,232.049011,100.0,20260511_FWD_LIFESAVING_CreativeFortunePlusII_FORCEDMIN500000_SINGLE.pdf
2026-05-11,FWD,fwd_creative_fortune_plus_ii,創逸致富(豐裕版) II 保險計劃,life-savings,OUT_OF_SCOPE,SINGLE,1,33,63,33870,33870,4683,43000,81553,240.782403,100.0,20260511_FWD_LIFESAVING_CreativeFortunePlusII_FORCEDMIN500000_SINGLE.pdf
2026-05-11,FWD,fwd_creative_fortune_plus_ii,創逸致富(豐裕版) II 保險計劃,life-savings,OUT_OF_SCOPE,SINGLE,1,34,64,33870,33870,5209,45500,84579,249.716563,100.0,20260511_FWD_LIFESAVING_CreativeFortunePlusII_FORCEDMIN500000_SINGLE.pdf
2026-05-11,FWD,fwd_creative_fortune_plus_ii,創逸致富(豐裕版) II 保險計劃,life-savings,OUT_OF_SCOPE,SINGLE,1,35,65,33870,33870,5804,48000,87674,258.854443,100.0,20260511_FWD_LIFESAVING_CreativeFortunePlusII_FORCEDMIN500000_SINGLE.pdf
2026-05-11,FWD,fwd_creative_fortune_plus_ii,創逸致富(豐裕版) II 保險計劃,life-savings,OUT_OF_SCOPE,SINGLE,1,36,66,33870,33870,6422,50500,90792,268.06023,100.0,20260511_FWD_LIFESAVING_CreativeFortunePlusII_FORCEDMIN500000_SINGLE.pdf
2026-05-11,FWD,fwd_creative_fortune_plus_ii,創逸致富(豐裕版) II 保險計劃,life-savings,OUT_OF_SCOPE,SINGLE,1,37,67,33870,33870,7113,53500,94483,278.95778,100.0,20260511_FWD_LIFESAVING_CreativeFortunePlusII_FORCEDMIN500000_SINGLE.pdf
2026-05-11,FWD,fwd_creative_fortune_plus_ii,創逸致富(豐裕版) II 保險計劃,life-savings,OUT_OF_SCOPE,SINGLE,1,38,68,33870,33870,7879,56000,97749,288.600531,100.0,20260511_FWD_LIFESAVING_CreativeFortunePlusII_FORCEDMIN500000_SINGLE.pdf
2026-05-11,FWD,fwd_creative_fortune_plus_ii,創逸致富(豐裕版) II 保險計劃,life-savings,OUT_OF_SCOPE,SINGLE,1,39,69,33870,33870,8725,59000,101595,299.955713,100.0,20260511_FWD_LIFESAVING_CreativeFortunePlusII_FORCEDMIN500000_SINGLE.pdf
2026-05-11,FWD,fwd_creative_fortune_plus_ii,創逸致富(豐裕版) II 保險計劃,life-savings,OUT_OF_SCOPE,SINGLE,1,40,70,33870,33870,9652,62500,106022,313.026277,100.0,20260511_FWD_LIFESAVING_CreativeFortunePlusII_FORCEDMIN500000_SINGLE.pdf
2026-05-11,FWD,fwd_creative_fortune_plus_ii,創逸致富(豐裕版) II 保險計劃,life-savings,OUT_OF_SCOPE,SINGLE,1,41,71,33870,33870,10614,65500,109984,324.723944,100.0,20260511_FWD_LIFESAVING_CreativeFortunePlusII_FORCEDMIN500000_SINGLE.pdf
2026-05-11,FWD,fwd_creative_fortune_plus_ii,創逸致富(豐裕版) II 保險計劃,life-savings,OUT_OF_SCOPE,SINGLE,1,42,72,33870,33870,11612,69000,114482,338.004133,100.0,20260511_FWD_LIFESAVING_CreativeFortunePlusII_FORCEDMIN500000_SINGLE.pdf
2026-05-11,FWD,fwd_creative_fortune_plus_ii,創逸致富(豐裕版) II 保險計劃,life-savings,OUT_OF_SCOPE,SINGLE,1,43,73,33870,33870,12648,73000,119518,352.872749,100.0,20260511_FWD_LIFESAVING_CreativeFortunePlusII_FORCEDMIN500000_SINGLE.pdf
2026-05-11,FWD,fwd_creative_fortune_plus_ii,創逸致富(豐裕版) II 保險計劃,life-savings,OUT_OF_SCOPE,SINGLE,1,44,74,33870,33870,13772,77000,124642,368.001181,100.0,20260511_FWD_LIFESAVING_CreativeFortunePlusII_FORCEDMIN500000_SINGLE.pdf
2026-05-11,FWD,fwd_creative_fortune_plus_ii,創逸致富(豐裕版) II 保險計劃,life-savings,OUT_OF_SCOPE,SINGLE,1,45,75,33870,33870,15088,81000,129958,383.696487,100.0,20260511_FWD_LIFESAVING_CreativeFortunePlusII_FORCEDMIN500000_SINGLE.pdf
2026-05-11,FWD,fwd_creative_fortune_plus_ii,創逸致富(豐裕版) II 保險計劃,life-savings,OUT_OF_SCOPE,SINGLE,1,46,76,33870,33870,16504,85000,135374,399.687039,100.0,20260511_FWD_LIFESAVING_CreativeFortunePlusII_FORCEDMIN500000_SINGLE.pdf
2026-05-11,FWD,fwd_creative_fortune_plus_ii,創逸致富(豐裕版) II 保險計劃,life-savings,OUT_OF_SCOPE,SINGLE,1,47,77,33870,33870,18023,87500,139393,411.552997,100.0,20260511_FWD_LIFESAVING_CreativeFortunePlusII_FORCEDMIN500000_SINGLE.pdf
2026-05-11,FWD,fwd_creative_fortune_plus_ii,創逸致富(豐裕版) II 保險計劃,life-savings,OUT_OF_SCOPE,SINGLE,1,48,78,33870,33870,19699,90500,144069,425.358725,100.0,20260511_FWD_LIFESAVING_CreativeFortunePlusII_FORCEDMIN500000_SINGLE.pdf
2026-05-11,FWD,fwd_creative_fortune_plus_ii,創逸致富(豐裕版) II 保險計劃,life-savings,OUT_OF_SCOPE,SINGLE,1,49,79,33870,33870,21538,93000,148408,438.169472,100.0,20260511_FWD_LIFESAVING_CreativeFortunePlusII_FORCEDMIN500000_SINGLE.pdf
2026-05-11,FWD,fwd_creative_fortune_plus_ii,創逸致富(豐裕版) II 保險計劃,life-savings,OUT_OF_SCOPE,SINGLE,1,50,80,33870,33870,23495,95500,152865,451.328609,100.0,20260511_FWD_LIFESAVING_CreativeFortunePlusII_FORCEDMIN500000_SINGLE.pdf
2026-05-11,FWD,fwd_creative_fortune_plus_ii,創逸致富(豐裕版) II 保險計劃,life-savings,OUT_OF_SCOPE,SINGLE,1,51,81,33870,33870,25576,98000,157446,464.853853,100.0,20260511_FWD_LIFESAVING_CreativeFortunePlusII_FORCEDMIN500000_SINGLE.pdf
2026-05-11,FWD,fwd_creative_fortune_plus_ii,創逸致富(豐裕版) II 保險計劃,life-savings,OUT_OF_SCOPE,SINGLE,1,52,82,33870,33870,27736,100500,162106,478.612341,100.0,20260511_FWD_LIFESAVING_CreativeFortunePlusII_FORCEDMIN500000_SINGLE.pdf
2026-05-11,FWD,fwd_creative_fortune_plus_ii,創逸致富(豐裕版) II 保險計劃,life-savings,OUT_OF_SCOPE,SINGLE,1,53,83,33870,33870,29976,103500,167346,494.08326,100.0,20260511_FWD_LIFESAVING_CreativeFortunePlusII_FORCEDMIN500000_SINGLE.pdf
2026-05-11,FWD,fwd_creative_fortune_plus_ii,創逸致富(豐裕版) II 保險計劃,life-savings,OUT_OF_SCOPE,SINGLE,1,54,84,33870,33870,32300,106000,172170,508.325952,100.0,20260511_FWD_LIFESAVING_CreativeFortunePlusII_FORCEDMIN500000_SINGLE.pdf
2026-05-11,FWD,fwd_creative_fortune_plus_ii,創逸致富(豐裕版) II 保險計劃,life-savings,OUT_OF_SCOPE,SINGLE,1,55,85,33870,33870,34711,109000,177581,524.301742,100.0,20260511_FWD_LIFESAVING_CreativeFortunePlusII_FORCEDMIN500000_SINGLE.pdf
2026-05-11,FWD,fwd_creative_fortune_plus_ii,創逸致富(豐裕版) II 保險計劃,life-savings,OUT_OF_SCOPE,SINGLE,1,56,86,33870,33870,37213,112000,183083,540.546206,100.0,20260511_FWD_LIFESAVING_CreativeFortunePlusII_FORCEDMIN500000_SINGLE.pdf
2026-05-11,FWD,fwd_creative_fortune_plus_ii,創逸致富(豐裕版) II 保險計劃,life-savings,OUT_OF_SCOPE,SINGLE,1,57,87,33870,33870,39808,115000,188678,557.065249,100.0,20260511_FWD_LIFESAVING_CreativeFortunePlusII_FORCEDMIN500000_SINGLE.pdf
2026-05-11,FWD,fwd_creative_fortune_plus_ii,創逸致富(豐裕版) II 保險計劃,life-savings,OUT_OF_SCOPE,SINGLE,1,58,88,33870,33870,42501,118000,194371,573.873634,100.0,20260511_FWD_LIFESAVING_CreativeFortunePlusII_FORCEDMIN500000_SINGLE.pdf
2026-05-11,FWD,fwd_creative_fortune_plus_ii,創逸致富(豐裕版) II 保險計劃,life-savings,OUT_OF_SCOPE,SINGLE,1,59,89,33870,33870,45295,121000,200165,590.980218,100.0,20260511_FWD_LIFESAVING_CreativeFortunePlusII_FORCEDMIN500000_SINGLE.pdf
2026-05-11,FWD,fwd_creative_fortune_plus_ii,創逸致富(豐裕版) II 保險計劃,life-savings,OUT_OF_SCOPE,SINGLE,1,60,90,33870,33870,48193,124000,206063,608.393859,100.0,20260511_FWD_LIFESAVING_CreativeFortunePlusII_FORCEDMIN500000_SINGLE.pdf
2026-05-11,FWD,fwd_creative_fortune_plus_ii,創逸致富(豐裕版) II 保險計劃,life-savings,OUT_OF_SCOPE,SINGLE,1,61,91,33870,33870,51201,127500,212571,627.608503,100.0,20260511_FWD_LIFESAVING_CreativeFortunePlusII_FORCEDMIN500000_SINGLE.pdf
2026-05-11,FWD,fwd_creative_fortune_plus_ii,創逸致富(豐裕版) II 保險計劃,life-savings,OUT_OF_SCOPE,SINGLE,1,62,92,33870,33870,54321,131000,219191,647.153823,100.0,20260511_FWD_LIFESAVING_CreativeFortunePlusII_FORCEDMIN500000_SINGLE.pdf
2026-05-11,FWD,fwd_creative_fortune_plus_ii,創逸致富(豐裕版) II 保險計劃,life-savings,OUT_OF_SCOPE,SINGLE,1,63,93,33870,33870,57558,134500,225928,667.044582,100.0,20260511_FWD_LIFESAVING_CreativeFortunePlusII_FORCEDMIN500000_SINGLE.pdf
2026-05-11,FWD,fwd_creative_fortune_plus_ii,創逸致富(豐裕版) II 保險計劃,life-savings,OUT_OF_SCOPE,SINGLE,1,64,94,33870,33870,60916,138000,232786,687.292589,100.0,20260511_FWD_LIFESAVING_CreativeFortunePlusII_FORCEDMIN500000_SINGLE.pdf
2026-05-11,FWD,fwd_creative_fortune_plus_ii,創逸致富(豐裕版) II 保險計劃,life-savings,OUT_OF_SCOPE,SINGLE,1,65,95,33870,33870,64401,141500,239771,707.915559,100.0,20260511_FWD_LIFESAVING_CreativeFortunePlusII_FORCEDMIN500000_SINGLE.pdf
2026-05-11,FWD,fwd_creative_fortune_plus_ii,創逸致富(豐裕版) II 保險計劃,life-savings,OUT_OF_SCOPE,SINGLE,1,66,96,33870,33870,68016,145000,246886,728.92235,100.0,20260511_FWD_LIFESAVING_CreativeFortunePlusII_FORCEDMIN500000_SINGLE.pdf
2026-05-11,FWD,fwd_creative_fortune_plus_ii,創逸致富(豐裕版) II 保險計劃,life-savings,OUT_OF_SCOPE,SINGLE,1,67,97,33870,33870,71766,149000,254636,751.803956,100.0,20260511_FWD_LIFESAVING_CreativeFortunePlusII_FORCEDMIN500000_SINGLE.pdf
2026-05-11,FWD,fwd_creative_fortune_plus_ii,創逸致富(豐裕版) II 保險計劃,life-savings,OUT_OF_SCOPE,SINGLE,1,68,98,33870,33870,75658,153000,262528,775.104813,100.0,20260511_FWD_LIFESAVING_CreativeFortunePlusII_FORCEDMIN500000_SINGLE.pdf
2026-05-11,FWD,fwd_creative_fortune_plus_ii,創逸致富(豐裕版) II 保險計劃,life-savings,OUT_OF_SCOPE,SINGLE,1,69,99,33870,33870,79695,157000,270565,798.833776,100.0,20260511_FWD_LIFESAVING_CreativeFortunePlusII_FORCEDMIN500000_SINGLE.pdf
2026-05-11,FWD,fwd_creative_fortune_plus_ii,創逸致富(豐裕版) II 保險計劃,life-savings,OUT_OF_SCOPE,SINGLE,1,70,100,33870,33870,83933,161000,278803,823.156185,100.0,20260511_FWD_LIFESAVING_CreativeFortunePlusII_FORCEDMIN500000_SINGLE.pdf
2026-05-11,FWD,fwd_creative_fortune_plus_ii,創逸致富(豐裕版) II 保險計劃,life-savings,OUT_OF_SCOPE,SINGLE,1,71,101,33870,33870,88531,164500,286901,847.065249,100.0,20260511_FWD_LIFESAVING_CreativeFortunePlusII_FORCEDMIN500000_SINGLE.pdf
2026-05-11,FWD,fwd_creative_fortune_plus_ii,創逸致富(豐裕版) II 保險計劃,life-savings,OUT_OF_SCOPE,SINGLE,1,72,102,33870,33870,93301,168500,295671,872.95837,100.0,20260511_FWD_LIFESAVING_CreativeFortunePlusII_FORCEDMIN500000_SINGLE.pdf
2026-05-11,FWD,fwd_creative_fortune_plus_ii,創逸致富(豐裕版) II 保險計劃,life-savings,OUT_OF_SCOPE,SINGLE,1,73,103,33870,33870,98250,173000,305120,900.856215,100.0,20260511_FWD_LIFESAVING_CreativeFortunePlusII_FORCEDMIN500000_SINGLE.pdf
2026-05-11,FWD,fwd_creative_fortune_plus_ii,創逸致富(豐裕版) II 保險計劃,life-savings,OUT_OF_SCOPE,SINGLE,1,74,104,33870,33870,103384,177000,314254,927.824033,100.0,20260511_FWD_LIFESAVING_CreativeFortunePlusII_FORCEDMIN500000_SINGLE.pdf
2026-05-11,FWD,fwd_creative_fortune_plus_ii,創逸致富(豐裕版) II 保險計劃,life-savings,OUT_OF_SCOPE,SINGLE,1,75,105,33870,33870,108711,181500,324081,956.83791,100.0,20260511_FWD_LIFESAVING_CreativeFortunePlusII_FORCEDMIN500000_SINGLE.pdf
2026-05-11,FWD,fwd_creative_fortune_plus_ii,創逸致富(豐裕版) II 保險計劃,life-savings,OUT_OF_SCOPE,SINGLE,1,76,106,33870,33870,114238,185500,333608,984.966047,100.0,20260511_FWD_LIFESAVING_CreativeFortunePlusII_FORCEDMIN500000_SINGLE.pdf
2026-05-11,FWD,fwd_creative_fortune_plus_ii,創逸致富(豐裕版) II 保險計劃,life-savings,OUT_OF_SCOPE,SINGLE,1,77,107,33870,33870,119971,190000,343841,1015.178624,100.0,20260511_FWD_LIFESAVING_CreativeFortunePlusII_FORCEDMIN500000_SINGLE.pdf
2026-05-11,FWD,fwd_creative_fortune_plus_ii,創逸致富(豐裕版) II 保險計劃,life-savings,OUT_OF_SCOPE,SINGLE,1,78,108,33870,33870,125920,194500,354290,1046.028934,100.0,20260511_FWD_LIFESAVING_CreativeFortunePlusII_FORCEDMIN500000_SINGLE.pdf
2026-05-11,FWD,fwd_creative_fortune_plus_ii,創逸致富(豐裕版) II 保險計劃,life-savings,OUT_OF_SCOPE,SINGLE,1,79,109,33870,33870,132092,199500,365462,1079.013877,100.0,20260511_FWD_LIFESAVING_CreativeFortunePlusII_FORCEDMIN500000_SINGLE.pdf
2026-05-11,FWD,fwd_creative_fortune_plus_ii,創逸致富(豐裕版) II 保險計劃,life-savings,OUT_OF_SCOPE,SINGLE,1,80,110,33870,33870,138496,204000,376366,1111.207558,100.0,20260511_FWD_LIFESAVING_CreativeFortunePlusII_FORCEDMIN500000_SINGLE.pdf
2026-05-11,FWD,fwd_creative_fortune_plus_ii,創逸致富(豐裕版) II 保險計劃,life-savings,OUT_OF_SCOPE,SINGLE,1,81,111,33870,33870,145140,209000,388010,1145.586064,100.0,20260511_FWD_LIFESAVING_CreativeFortunePlusII_FORCEDMIN500000_SINGLE.pdf
2026-05-11,FWD,fwd_creative_fortune_plus_ii,創逸致富(豐裕版) II 保險計劃,life-savings,OUT_OF_SCOPE,SINGLE,1,82,112,33870,33870,152032,214000,399902,1180.696782,100.0,20260511_FWD_LIFESAVING_CreativeFortunePlusII_FORCEDMIN500000_SINGLE.pdf
2026-05-11,FWD,fwd_creative_fortune_plus_ii,創逸致富(豐裕版) II 保險計劃,life-savings,OUT_OF_SCOPE,SINGLE,1,83,113,33870,33870,159184,219000,412054,1216.57514,100.0,20260511_FWD_LIFESAVING_CreativeFortunePlusII_FORCEDMIN500000_SINGLE.pdf
2026-05-11,FWD,fwd_creative_fortune_plus_ii,創逸致富(豐裕版) II 保險計劃,life-savings,OUT_OF_SCOPE,SINGLE,1,84,114,33870,33870,166603,224000,424473,1253.241807,100.0,20260511_FWD_LIFESAVING_CreativeFortunePlusII_FORCEDMIN500000_SINGLE.pdf
2026-05-11,FWD,fwd_creative_fortune_plus_ii,創逸致富(豐裕版) II 保險計劃,life-savings,OUT_OF_SCOPE,SINGLE,1,85,115,33870,33870,174301,229500,437671,1292.208444,100.0,20260511_FWD_LIFESAVING_CreativeFortunePlusII_FORCEDMIN500000_SINGLE.pdf
2026-05-11,FWD,fwd_creative_fortune_plus_ii,創逸致富(豐裕版) II 保險計劃,life-savings,OUT_OF_SCOPE,SINGLE,1,86,116,33870,33870,182287,234500,450657,1330.549159,100.0,20260511_FWD_LIFESAVING_CreativeFortunePlusII_FORCEDMIN500000_SINGLE.pdf
2026-05-11,FWD,fwd_creative_fortune_plus_ii,創逸致富(豐裕版) II 保險計劃,life-savings,OUT_OF_SCOPE,SINGLE,1,87,117,33870,33870,190573,240000,464443,1371.251845,100.0,20260511_FWD_LIFESAVING_CreativeFortunePlusII_FORCEDMIN500000_SINGLE.pdf
2026-05-11,FWD,fwd_creative_fortune_plus_ii,創逸致富(豐裕版) II 保險計劃,life-savings,OUT_OF_SCOPE,SINGLE,1,88,118,33870,33870,199169,245500,478539,1412.869796,100.0,20260511_FWD_LIFESAVING_CreativeFortunePlusII_FORCEDMIN500000_SINGLE.pdf
2026-05-11,FWD,fwd_creative_fortune_plus_ii,創逸致富(豐裕版) II 保險計劃,life-savings,OUT_OF_SCOPE,SINGLE,1,89,119,33870,33870,208088,251500,493458,1456.917626,100.0,20260511_FWD_LIFESAVING_CreativeFortunePlusII_FORCEDMIN500000_SINGLE.pdf
2026-05-11,FWD,fwd_creative_fortune_plus_ii,創逸致富(豐裕版) II 保險計劃,life-savings,OUT_OF_SCOPE,SINGLE,1,90,120,33870,33870,217391,257000,508261,1500.62297,100.0,20260511_FWD_LIFESAVING_CreativeFortunePlusII_FORCEDMIN500000_SINGLE.pdf
2026-05-11,FWD,fwd_creative_fortune_plus_ii,創逸致富(豐裕版) II 保險計劃,life-savings,5Y_MONTHLY,MONTHLY,5,1,31,15600,0,73,0,73,0.467949,0.0,20260511_FWD_LIFESAVING_CreativeFortunePlusII_PREMIUM1300_MONTHLY_5pay.pdf
2026-05-11,FWD,fwd_creative_fortune_plus_ii,創逸致富(豐裕版) II 保險計劃,life-savings,5Y_MONTHLY,MONTHLY,5,2,32,31200,11557,150,0,11707,37.522436,37.041667,20260511_FWD_LIFESAVING_CreativeFortunePlusII_PREMIUM1300_MONTHLY_5pay.pdf
2026-05-11,FWD,fwd_creative_fortune_plus_ii,創逸致富(豐裕版) II 保險計劃,life-savings,5Y_MONTHLY,MONTHLY,5,3,33,46800,23835,229,5892,29957,64.010684,50.929487,20260511_FWD_LIFESAVING_CreativeFortunePlusII_PREMIUM1300_MONTHLY_5pay.pdf
2026-05-11,FWD,fwd_creative_fortune_plus_ii,創逸致富(豐裕版) II 保險計劃,life-savings,5Y_MONTHLY,MONTHLY,5,4,34,62400,40445,311,5892,46650,74.759615,64.815705,20260511_FWD_LIFESAVING_CreativeFortunePlusII_PREMIUM1300_MONTHLY_5pay.pdf
2026-05-11,FWD,fwd_creative_fortune_plus_ii,創逸致富(豐裕版) II 保險計劃,life-savings,5Y_MONTHLY,MONTHLY,5,5,35,78000,59228,396,5892,65518,83.997436,75.933333,20260511_FWD_LIFESAVING_CreativeFortunePlusII_PREMIUM1300_MONTHLY_5pay.pdf
2026-05-11,FWD,fwd_creative_fortune_plus_ii,創逸致富(豐裕版) II 保險計劃,life-savings,5Y_MONTHLY,MONTHLY,5,6,36,78000,59228,485,5892,65607,84.111538,75.933333,20260511_FWD_LIFESAVING_CreativeFortunePlusII_PREMIUM1300_MONTHLY_5pay.pdf
2026-05-11,FWD,fwd_creative_fortune_plus_ii,創逸致富(豐裕版) II 保險計劃,life-savings,5Y_MONTHLY,MONTHLY,5,7,37,78000,59228,577,5892,65698,84.228205,75.933333,20260511_FWD_LIFESAVING_CreativeFortunePlusII_PREMIUM1300_MONTHLY_5pay.pdf
2026-05-11,FWD,fwd_creative_fortune_plus_ii,創逸致富(豐裕版) II 保險計劃,life-savings,5Y_MONTHLY,MONTHLY,5,8,38,78000,59228,672,16204,76106,97.571795,75.933333,20260511_FWD_LIFESAVING_CreativeFortunePlusII_PREMIUM1300_MONTHLY_5pay.pdf
2026-05-11,FWD,fwd_creative_fortune_plus_ii,創逸致富(豐裕版) II 保險計劃,life-savings,5Y_MONTHLY,MONTHLY,5,9,39,78000,59228,771,16941,76941,98.642308,75.933333,20260511_FWD_LIFESAVING_CreativeFortunePlusII_PREMIUM1300_MONTHLY_5pay.pdf
2026-05-11,FWD,fwd_creative_fortune_plus_ii,創逸致富(豐裕版) II 保險計劃,life-savings,5Y_MONTHLY,MONTHLY,5,10,40,78000,59228,874,17678,77781,99.719231,75.933333,20260511_FWD_LIFESAVING_CreativeFortunePlusII_PREMIUM1300_MONTHLY_5pay.pdf
2026-05-11,FWD,fwd_creative_fortune_plus_ii,創逸致富(豐裕版) II 保險計劃,life-savings,5Y_MONTHLY,MONTHLY,5,11,41,78000,59228,980,18414,78624,100.8,75.933333,20260511_FWD_LIFESAVING_CreativeFortunePlusII_PREMIUM1300_MONTHLY_5pay.pdf
2026-05-11,FWD,fwd_creative_fortune_plus_ii,創逸致富(豐裕版) II 保險計劃,life-savings,5Y_MONTHLY,MONTHLY,5,12,42,78000,59228,1091,19151,79471,101.885897,75.933333,20260511_FWD_LIFESAVING_CreativeFortunePlusII_PREMIUM1300_MONTHLY_5pay.pdf
2026-05-11,FWD,fwd_creative_fortune_plus_ii,創逸致富(豐裕版) II 保險計劃,life-savings,5Y_MONTHLY,MONTHLY,5,13,43,78000,59228,1205,19887,80322,102.976923,75.933333,20260511_FWD_LIFESAVING_CreativeFortunePlusII_PREMIUM1300_MONTHLY_5pay.pdf
2026-05-11,FWD,fwd_creative_fortune_plus_ii,創逸致富(豐裕版) II 保險計劃,life-savings,5Y_MONTHLY,MONTHLY,5,14,44,78000,59228,1324,20624,81177,104.073077,75.933333,20260511_FWD_LIFESAVING_CreativeFortunePlusII_PREMIUM1300_MONTHLY_5pay.pdf
2026-05-11,FWD,fwd_creative_fortune_plus_ii,創逸致富(豐裕版) II 保險計劃,life-savings,5Y_MONTHLY,MONTHLY,5,15,45,78000,59228,1447,22097,82774,106.120513,75.933333,20260511_FWD_LIFESAVING_CreativeFortunePlusII_PREMIUM1300_MONTHLY_5pay.pdf
2026-05-11,FWD,fwd_creative_fortune_plus_ii,創逸致富(豐裕版) II 保險計劃,life-savings,5Y_MONTHLY,MONTHLY,5,16,46,78000,59228,1575,24307,85111,109.116667,75.933333,20260511_FWD_LIFESAVING_CreativeFortunePlusII_PREMIUM1300_MONTHLY_5pay.pdf
2026-05-11,FWD,fwd_creative_fortune_plus_ii,創逸致富(豐裕版) II 保險計劃,life-savings,5Y_MONTHLY,MONTHLY,5,17,47,78000,59228,1708,26517,87454,112.120513,75.933333,20260511_FWD_LIFESAVING_CreativeFortunePlusII_PREMIUM1300_MONTHLY_5pay.pdf
2026-05-11,FWD,fwd_creative_fortune_plus_ii,創逸致富(豐裕版) II 保險計劃,life-savings,5Y_MONTHLY,MONTHLY,5,18,48,78000,59228,1846,29463,90538,116.074359,75.933333,20260511_FWD_LIFESAVING_CreativeFortunePlusII_PREMIUM1300_MONTHLY_5pay.pdf
2026-05-11,FWD,fwd_creative_fortune_plus_ii,創逸致富(豐裕版) II 保險計劃,life-savings,5Y_MONTHLY,MONTHLY,5,19,49,78000,59228,1989,32409,93627,120.034615,75.933333,20260511_FWD_LIFESAVING_CreativeFortunePlusII_PREMIUM1300_MONTHLY_5pay.pdf
2026-05-11,FWD,fwd_creative_fortune_plus_ii,創逸致富(豐裕版) II 保險計劃,life-savings,5Y_MONTHLY,MONTHLY,5,20,50,78000,59228,2211,36092,97532,125.041026,75.933333,20260511_FWD_LIFESAVING_CreativeFortunePlusII_PREMIUM1300_MONTHLY_5pay.pdf
2026-05-11,FWD,fwd_creative_fortune_plus_ii,創逸致富(豐裕版) II 保險計劃,life-savings,5Y_MONTHLY,MONTHLY,5,21,51,78000,59228,2441,38302,99972,128.169231,75.933333,20260511_FWD_LIFESAVING_CreativeFortunePlusII_PREMIUM1300_MONTHLY_5pay.pdf
2026-05-11,FWD,fwd_creative_fortune_plus_ii,創逸致富(豐裕版) II 保險計劃,life-savings,5Y_MONTHLY,MONTHLY,5,22,52,78000,59228,2680,41248,103157,132.252564,75.933333,20260511_FWD_LIFESAVING_CreativeFortunePlusII_PREMIUM1300_MONTHLY_5pay.pdf
2026-05-11,FWD,fwd_creative_fortune_plus_ii,創逸致富(豐裕版) II 保險計劃,life-savings,5Y_MONTHLY,MONTHLY,5,23,53,78000,59228,2927,44195,106351,136.347436,75.933333,20260511_FWD_LIFESAVING_CreativeFortunePlusII_PREMIUM1300_MONTHLY_5pay.pdf
2026-05-11,FWD,fwd_creative_fortune_plus_ii,創逸致富(豐裕版) II 保險計劃,life-savings,5Y_MONTHLY,MONTHLY,5,24,54,78000,59228,3185,47141,109555,140.455128,75.933333,20260511_FWD_LIFESAVING_CreativeFortunePlusII_PREMIUM1300_MONTHLY_5pay.pdf
2026-05-11,FWD,fwd_creative_fortune_plus_ii,創逸致富(豐裕版) II 保險計劃,life-savings,5Y_MONTHLY,MONTHLY,5,25,55,78000,72222,3451,47141,122815,157.455128,92.592308,20260511_FWD_LIFESAVING_CreativeFortunePlusII_PREMIUM1300_MONTHLY_5pay.pdf
2026-05-11,FWD,fwd_creative_fortune_plus_ii,創逸致富(豐裕版) II 保險計劃,life-savings,5Y_MONTHLY,MONTHLY,5,26,56,78000,72222,3728,47141,123092,157.810256,92.592308,20260511_FWD_LIFESAVING_CreativeFortunePlusII_PREMIUM1300_MONTHLY_5pay.pdf
2026-05-11,FWD,fwd_creative_fortune_plus_ii,創逸致富(豐裕版) II 保險計劃,life-savings,5Y_MONTHLY,MONTHLY,5,27,57,78000,72222,4015,47141,123379,158.178205,92.592308,20260511_FWD_LIFESAVING_CreativeFortunePlusII_PREMIUM1300_MONTHLY_5pay.pdf
2026-05-11,FWD,fwd_creative_fortune_plus_ii,創逸致富(豐裕版) II 保險計劃,life-savings,5Y_MONTHLY,MONTHLY,5,28,58,78000,72222,4313,49351,125887,161.39359,92.592308,20260511_FWD_LIFESAVING_CreativeFortunePlusII_PREMIUM1300_MONTHLY_5pay.pdf
2026-05-11,FWD,fwd_creative_fortune_plus_ii,創逸致富(豐裕版) II 保險計劃,life-savings,5Y_MONTHLY,MONTHLY,5,29,59,78000,72222,4622,53770,130615,167.455128,92.592308,20260511_FWD_LIFESAVING_CreativeFortunePlusII_PREMIUM1300_MONTHLY_5pay.pdf
2026-05-11,FWD,fwd_creative_fortune_plus_ii,創逸致富(豐裕版) II 保險計劃,life-savings,5Y_MONTHLY,MONTHLY,5,30,60,78000,72222,5017,58190,135429,173.626923,92.592308,20260511_FWD_LIFESAVING_CreativeFortunePlusII_PREMIUM1300_MONTHLY_5pay.pdf
2026-05-11,FWD,fwd_creative_fortune_plus_ii,創逸致富(豐裕版) II 保險計劃,life-savings,5Y_MONTHLY,MONTHLY,5,31,61,78000,72222,5573,61873,139668,179.061538,92.592308,20260511_FWD_LIFESAVING_CreativeFortunePlusII_PREMIUM1300_MONTHLY_5pay.pdf
2026-05-11,FWD,fwd_creative_fortune_plus_ii,創逸致富(豐裕版) II 保險計劃,life-savings,5Y_MONTHLY,MONTHLY,5,32,62,78000,72222,6224,65556,144002,184.617949,92.592308,20260511_FWD_LIFESAVING_CreativeFortunePlusII_PREMIUM1300_MONTHLY_5pay.pdf
2026-05-11,FWD,fwd_creative_fortune_plus_ii,創逸致富(豐裕版) II 保險計劃,life-savings,5Y_MONTHLY,MONTHLY,5,33,63,78000,72222,6899,69239,148361,190.20641,92.592308,20260511_FWD_LIFESAVING_CreativeFortunePlusII_PREMIUM1300_MONTHLY_5pay.pdf
2026-05-11,FWD,fwd_creative_fortune_plus_ii,創逸致富(豐裕版) II 保險計劃,life-savings,5Y_MONTHLY,MONTHLY,5,34,64,78000,72222,7674,73658,153555,196.865385,92.592308,20260511_FWD_LIFESAVING_CreativeFortunePlusII_PREMIUM1300_MONTHLY_5pay.pdf
2026-05-11,FWD,fwd_creative_fortune_plus_ii,創逸致富(豐裕版) II 保險計劃,life-savings,5Y_MONTHLY,MONTHLY,5,35,65,78000,72222,8551,78078,158851,203.655128,92.592308,20260511_FWD_LIFESAVING_CreativeFortunePlusII_PREMIUM1300_MONTHLY_5pay.pdf
2026-05-11,FWD,fwd_creative_fortune_plus_ii,創逸致富(豐裕版) II 保險計劃,life-savings,5Y_MONTHLY,MONTHLY,5,36,66,78000,72222,9461,83234,164917,211.432051,92.592308,20260511_FWD_LIFESAVING_CreativeFortunePlusII_PREMIUM1300_MONTHLY_5pay.pdf
2026-05-11,FWD,fwd_creative_fortune_plus_ii,創逸致富(豐裕版) II 保險計劃,life-savings,5Y_MONTHLY,MONTHLY,5,37,67,78000,72222,10478,87653,170354,218.402564,92.592308,20260511_FWD_LIFESAVING_CreativeFortunePlusII_PREMIUM1300_MONTHLY_5pay.pdf
2026-05-11,FWD,fwd_creative_fortune_plus_ii,創逸致富(豐裕版) II 保險計劃,life-savings,5Y_MONTHLY,MONTHLY,5,38,68,78000,72222,11608,92809,176640,226.461538,92.592308,20260511_FWD_LIFESAVING_CreativeFortunePlusII_PREMIUM1300_MONTHLY_5pay.pdf
2026-05-11,FWD,fwd_creative_fortune_plus_ii,創逸致富(豐裕版) II 保險計劃,life-savings,5Y_MONTHLY,MONTHLY,5,39,69,78000,72222,12853,97965,183042,234.669231,92.592308,20260511_FWD_LIFESAVING_CreativeFortunePlusII_PREMIUM1300_MONTHLY_5pay.pdf
2026-05-11,FWD,fwd_creative_fortune_plus_ii,創逸致富(豐裕版) II 保險計劃,life-savings,5Y_MONTHLY,MONTHLY,5,40,70,78000,72222,14219,103122,189564,243.030769,92.592308,20260511_FWD_LIFESAVING_CreativeFortunePlusII_PREMIUM1300_MONTHLY_5pay.pdf
2026-05-11,FWD,fwd_creative_fortune_plus_ii,創逸致富(豐裕版) II 保險計劃,life-savings,5Y_MONTHLY,MONTHLY,5,41,71,78000,72222,15637,108278,196137,251.457692,92.592308,20260511_FWD_LIFESAVING_CreativeFortunePlusII_PREMIUM1300_MONTHLY_5pay.pdf
2026-05-11,FWD,fwd_creative_fortune_plus_ii,創逸致富(豐裕版) II 保險計劃,life-savings,5Y_MONTHLY,MONTHLY,5,42,72,78000,72222,17107,114170,203500,260.897436,92.592308,20260511_FWD_LIFESAVING_CreativeFortunePlusII_PREMIUM1300_MONTHLY_5pay.pdf
2026-05-11,FWD,fwd_creative_fortune_plus_ii,創逸致富(豐裕版) II 保險計劃,life-savings,5Y_MONTHLY,MONTHLY,5,43,73,78000,72222,18632,120800,211655,271.352564,92.592308,20260511_FWD_LIFESAVING_CreativeFortunePlusII_PREMIUM1300_MONTHLY_5pay.pdf
2026-05-11,FWD,fwd_creative_fortune_plus_ii,創逸致富(豐裕版) II 保險計劃,life-savings,5Y_MONTHLY,MONTHLY,5,44,74,78000,72222,20289,127429,219940,281.974359,92.592308,20260511_FWD_LIFESAVING_CreativeFortunePlusII_PREMIUM1300_MONTHLY_5pay.pdf
2026-05-11,FWD,fwd_creative_fortune_plus_ii,創逸致富(豐裕版) II 保險計劃,life-savings,5Y_MONTHLY,MONTHLY,5,45,75,78000,72222,22228,134058,228509,292.960256,92.592308,20260511_FWD_LIFESAVING_CreativeFortunePlusII_PREMIUM1300_MONTHLY_5pay.pdf
2026-05-11,FWD,fwd_creative_fortune_plus_ii,創逸致富(豐裕版) II 保險計劃,life-savings,5Y_MONTHLY,MONTHLY,5,46,76,78000,72222,24314,140687,237224,304.133333,92.592308,20260511_FWD_LIFESAVING_CreativeFortunePlusII_PREMIUM1300_MONTHLY_5pay.pdf
2026-05-11,FWD,fwd_creative_fortune_plus_ii,創逸致富(豐裕版) II 保險計劃,life-savings,5Y_MONTHLY,MONTHLY,5,47,77,78000,72222,26551,145107,243881,312.667949,92.592308,20260511_FWD_LIFESAVING_CreativeFortunePlusII_PREMIUM1300_MONTHLY_5pay.pdf
2026-05-11,FWD,fwd_creative_fortune_plus_ii,創逸致富(豐裕版) II 保險計劃,life-savings,5Y_MONTHLY,MONTHLY,5,48,78,78000,72222,29020,149526,250769,321.498718,92.592308,20260511_FWD_LIFESAVING_CreativeFortunePlusII_PREMIUM1300_MONTHLY_5pay.pdf
2026-05-11,FWD,fwd_creative_fortune_plus_ii,創逸致富(豐裕版) II 保險計劃,life-savings,5Y_MONTHLY,MONTHLY,5,49,79,78000,72222,31729,153209,257161,329.69359,92.592308,20260511_FWD_LIFESAVING_CreativeFortunePlusII_PREMIUM1300_MONTHLY_5pay.pdf
2026-05-11,FWD,fwd_creative_fortune_plus_ii,創逸致富(豐裕版) II 保險計劃,life-savings,5Y_MONTHLY,MONTHLY,5,50,80,78000,72222,34613,157629,264465,339.057692,92.592308,20260511_FWD_LIFESAVING_CreativeFortunePlusII_PREMIUM1300_MONTHLY_5pay.pdf
2026-05-11,FWD,fwd_creative_fortune_plus_ii,創逸致富(豐裕版) II 保險計劃,life-savings,5Y_MONTHLY,MONTHLY,5,51,81,78000,72222,37679,161312,271213,347.708974,92.592308,20260511_FWD_LIFESAVING_CreativeFortunePlusII_PREMIUM1300_MONTHLY_5pay.pdf
2026-05-11,FWD,fwd_creative_fortune_plus_ii,創逸致富(豐裕版) II 保險計劃,life-savings,5Y_MONTHLY,MONTHLY,5,52,82,78000,72222,40860,165731,278814,357.453846,92.592308,20260511_FWD_LIFESAVING_CreativeFortunePlusII_PREMIUM1300_MONTHLY_5pay.pdf
2026-05-11,FWD,fwd_creative_fortune_plus_ii,創逸致富(豐裕版) II 保險計劃,life-savings,5Y_MONTHLY,MONTHLY,5,53,83,78000,72222,44160,170151,286533,367.35,92.592308,20260511_FWD_LIFESAVING_CreativeFortunePlusII_PREMIUM1300_MONTHLY_5pay.pdf
2026-05-11,FWD,fwd_creative_fortune_plus_ii,創逸致富(豐裕版) II 保險計劃,life-savings,5Y_MONTHLY,MONTHLY,5,54,84,78000,72222,47583,174570,294377,377.40641,92.592308,20260511_FWD_LIFESAVING_CreativeFortunePlusII_PREMIUM1300_MONTHLY_5pay.pdf
2026-05-11,FWD,fwd_creative_fortune_plus_ii,創逸致富(豐裕版) II 保險計劃,life-savings,5Y_MONTHLY,MONTHLY,5,55,85,78000,72222,51136,178990,302348,387.625641,92.592308,20260511_FWD_LIFESAVING_CreativeFortunePlusII_PREMIUM1300_MONTHLY_5pay.pdf
2026-05-11,FWD,fwd_creative_fortune_plus_ii,創逸致富(豐裕版) II 保險計劃,life-savings,5Y_MONTHLY,MONTHLY,5,56,86,78000,72222,54821,183409,310453,398.016667,92.592308,20260511_FWD_LIFESAVING_CreativeFortunePlusII_PREMIUM1300_MONTHLY_5pay.pdf
2026-05-11,FWD,fwd_creative_fortune_plus_ii,創逸致富(豐裕版) II 保險計劃,life-savings,5Y_MONTHLY,MONTHLY,5,57,87,78000,72222,58645,188566,319433,409.529487,92.592308,20260511_FWD_LIFESAVING_CreativeFortunePlusII_PREMIUM1300_MONTHLY_5pay.pdf
2026-05-11,FWD,fwd_creative_fortune_plus_ii,創逸致富(豐裕版) II 保險計劃,life-savings,5Y_MONTHLY,MONTHLY,5,58,88,78000,72222,62612,192985,327819,420.280769,92.592308,20260511_FWD_LIFESAVING_CreativeFortunePlusII_PREMIUM1300_MONTHLY_5pay.pdf
2026-05-11,FWD,fwd_creative_fortune_plus_ii,創逸致富(豐裕版) II 保險計劃,life-savings,5Y_MONTHLY,MONTHLY,5,59,89,78000,72222,66727,198141,337091,432.167949,92.592308,20260511_FWD_LIFESAVING_CreativeFortunePlusII_PREMIUM1300_MONTHLY_5pay.pdf
2026-05-11,FWD,fwd_creative_fortune_plus_ii,創逸致富(豐裕版) II 保險計劃,life-savings,5Y_MONTHLY,MONTHLY,5,60,90,78000,72222,70998,202561,345781,443.308974,92.592308,20260511_FWD_LIFESAVING_CreativeFortunePlusII_PREMIUM1300_MONTHLY_5pay.pdf
2026-05-11,FWD,fwd_creative_fortune_plus_ii,創逸致富(豐裕版) II 保險計劃,life-savings,5Y_MONTHLY,MONTHLY,5,61,91,78000,72222,75428,207717,355367,455.598718,92.592308,20260511_FWD_LIFESAVING_CreativeFortunePlusII_PREMIUM1300_MONTHLY_5pay.pdf
2026-05-11,FWD,fwd_creative_fortune_plus_ii,創逸致富(豐裕版) II 保險計劃,life-savings,5Y_MONTHLY,MONTHLY,5,62,92,78000,72222,80024,212873,365120,468.102564,92.592308,20260511_FWD_LIFESAVING_CreativeFortunePlusII_PREMIUM1300_MONTHLY_5pay.pdf
2026-05-11,FWD,fwd_creative_fortune_plus_ii,創逸致富(豐裕版) II 保險計劃,life-savings,5Y_MONTHLY,MONTHLY,5,63,93,78000,72222,84793,218029,375045,480.826923,92.592308,20260511_FWD_LIFESAVING_CreativeFortunePlusII_PREMIUM1300_MONTHLY_5pay.pdf
2026-05-11,FWD,fwd_creative_fortune_plus_ii,創逸致富(豐裕版) II 保險計劃,life-savings,5Y_MONTHLY,MONTHLY,5,64,94,78000,72222,89740,223185,385148,493.779487,92.592308,20260511_FWD_LIFESAVING_CreativeFortunePlusII_PREMIUM1300_MONTHLY_5pay.pdf
2026-05-11,FWD,fwd_creative_fortune_plus_ii,創逸致富(豐裕版) II 保險計劃,life-savings,5Y_MONTHLY,MONTHLY,5,65,95,78000,72222,94873,229078,396174,507.915385,92.592308,20260511_FWD_LIFESAVING_CreativeFortunePlusII_PREMIUM1300_MONTHLY_5pay.pdf
2026-05-11,FWD,fwd_creative_fortune_plus_ii,創逸致富(豐裕版) II 保險計劃,life-savings,5Y_MONTHLY,MONTHLY,5,66,96,78000,72222,100199,234234,406656,521.353846,92.592308,20260511_FWD_LIFESAVING_CreativeFortunePlusII_PREMIUM1300_MONTHLY_5pay.pdf
2026-05-11,FWD,fwd_creative_fortune_plus_ii,創逸致富(豐裕版) II 保險計劃,life-savings,5Y_MONTHLY,MONTHLY,5,67,97,78000,72222,105724,240127,418074,535.992308,92.592308,20260511_FWD_LIFESAVING_CreativeFortunePlusII_PREMIUM1300_MONTHLY_5pay.pdf
2026-05-11,FWD,fwd_creative_fortune_plus_ii,創逸致富(豐裕版) II 保險計劃,life-savings,5Y_MONTHLY,MONTHLY,5,68,98,78000,72222,111457,245283,428962,549.951282,92.592308,20260511_FWD_LIFESAVING_CreativeFortunePlusII_PREMIUM1300_MONTHLY_5pay.pdf
2026-05-11,FWD,fwd_creative_fortune_plus_ii,創逸致富(豐裕版) II 保險計劃,life-savings,5Y_MONTHLY,MONTHLY,5,69,99,78000,72222,117404,251175,440802,565.130769,92.592308,20260511_FWD_LIFESAVING_CreativeFortunePlusII_PREMIUM1300_MONTHLY_5pay.pdf
2026-05-11,FWD,fwd_creative_fortune_plus_ii,創逸致富(豐裕版) II 保險計劃,life-savings,5Y_MONTHLY,MONTHLY,5,70,100,78000,72222,123648,257068,452939,580.691026,92.592308,20260511_FWD_LIFESAVING_CreativeFortunePlusII_PREMIUM1300_MONTHLY_5pay.pdf
2026-05-11,FWD,fwd_creative_fortune_plus_ii,創逸致富(豐裕版) II 保險計劃,life-savings,5Y_MONTHLY,MONTHLY,5,71,101,78000,72222,130421,262961,465605,596.929487,92.592308,20260511_FWD_LIFESAVING_CreativeFortunePlusII_PREMIUM1300_MONTHLY_5pay.pdf
2026-05-11,FWD,fwd_creative_fortune_plus_ii,創逸致富(豐裕版) II 保險計劃,life-savings,5Y_MONTHLY,MONTHLY,5,72,102,78000,72222,137448,268853,478524,613.492308,92.592308,20260511_FWD_LIFESAVING_CreativeFortunePlusII_PREMIUM1300_MONTHLY_5pay.pdf
2026-05-11,FWD,fwd_creative_fortune_plus_ii,創逸致富(豐裕版) II 保險計劃,life-savings,5Y_MONTHLY,MONTHLY,5,73,103,78000,72222,144739,274009,490971,629.45,92.592308,20260511_FWD_LIFESAVING_CreativeFortunePlusII_PREMIUM1300_MONTHLY_5pay.pdf
2026-05-11,FWD,fwd_creative_fortune_plus_ii,創逸致富(豐裕版) II 保險計劃,life-savings,5Y_MONTHLY,MONTHLY,5,74,104,78000,72222,152303,279902,504427,646.701282,92.592308,20260511_FWD_LIFESAVING_CreativeFortunePlusII_PREMIUM1300_MONTHLY_5pay.pdf
2026-05-11,FWD,fwd_creative_fortune_plus_ii,創逸致富(豐裕版) II 保險計劃,life-savings,5Y_MONTHLY,MONTHLY,5,75,105,78000,72222,160150,285795,518168,664.317949,92.592308,20260511_FWD_LIFESAVING_CreativeFortunePlusII_PREMIUM1300_MONTHLY_5pay.pdf
2026-05-11,FWD,fwd_creative_fortune_plus_ii,創逸致富(豐裕版) II 保險計劃,life-savings,5Y_MONTHLY,MONTHLY,5,76,106,78000,72222,168292,292424,532939,683.255128,92.592308,20260511_FWD_LIFESAVING_CreativeFortunePlusII_PREMIUM1300_MONTHLY_5pay.pdf
2026-05-11,FWD,fwd_creative_fortune_plus_ii,創逸致富(豐裕版) II 保險計劃,life-savings,5Y_MONTHLY,MONTHLY,5,77,107,78000,72222,176739,298317,547278,701.638462,92.592308,20260511_FWD_LIFESAVING_CreativeFortunePlusII_PREMIUM1300_MONTHLY_5pay.pdf
2026-05-11,FWD,fwd_creative_fortune_plus_ii,創逸致富(豐裕版) II 保險計劃,life-savings,5Y_MONTHLY,MONTHLY,5,78,108,78000,72222,185503,304210,561935,720.429487,92.592308,20260511_FWD_LIFESAVING_CreativeFortunePlusII_PREMIUM1300_MONTHLY_5pay.pdf
2026-05-11,FWD,fwd_creative_fortune_plus_ii,創逸致富(豐裕版) II 保險計劃,life-savings,5Y_MONTHLY,MONTHLY,5,79,109,78000,72222,194595,310839,577657,740.585897,92.592308,20260511_FWD_LIFESAVING_CreativeFortunePlusII_PREMIUM1300_MONTHLY_5pay.pdf
2026-05-11,FWD,fwd_creative_fortune_plus_ii,創逸致富(豐裕版) II 保險計劃,life-savings,5Y_MONTHLY,MONTHLY,5,80,110,78000,72222,204029,316731,592983,760.234615,92.592308,20260511_FWD_LIFESAVING_CreativeFortunePlusII_PREMIUM1300_MONTHLY_5pay.pdf
2026-05-11,FWD,fwd_creative_fortune_plus_ii,創逸致富(豐裕版) II 保險計劃,life-savings,5Y_MONTHLY,MONTHLY,5,81,111,78000,72222,213816,323361,609399,781.280769,92.592308,20260511_FWD_LIFESAVING_CreativeFortunePlusII_PREMIUM1300_MONTHLY_5pay.pdf
2026-05-11,FWD,fwd_creative_fortune_plus_ii,創逸致富(豐裕版) II 保險計劃,life-savings,5Y_MONTHLY,MONTHLY,5,82,112,78000,72222,223970,329990,626183,802.798718,92.592308,20260511_FWD_LIFESAVING_CreativeFortunePlusII_PREMIUM1300_MONTHLY_5pay.pdf
2026-05-11,FWD,fwd_creative_fortune_plus_ii,創逸致富(豐裕版) II 保險計劃,life-savings,5Y_MONTHLY,MONTHLY,5,83,113,78000,72222,234505,336619,643347,824.803846,92.592308,20260511_FWD_LIFESAVING_CreativeFortunePlusII_PREMIUM1300_MONTHLY_5pay.pdf
2026-05-11,FWD,fwd_creative_fortune_plus_ii,創逸致富(豐裕版) II 保險計劃,life-savings,5Y_MONTHLY,MONTHLY,5,84,114,78000,72222,245435,343249,660906,847.315385,92.592308,20260511_FWD_LIFESAVING_CreativeFortunePlusII_PREMIUM1300_MONTHLY_5pay.pdf
2026-05-11,FWD,fwd_creative_fortune_plus_ii,創逸致富(豐裕版) II 保險計劃,life-savings,5Y_MONTHLY,MONTHLY,5,85,115,78000,72222,256775,349878,678876,870.353846,92.592308,20260511_FWD_LIFESAVING_CreativeFortunePlusII_PREMIUM1300_MONTHLY_5pay.pdf
2026-05-11,FWD,fwd_creative_fortune_plus_ii,創逸致富(豐裕版) II 保險計劃,life-savings,5Y_MONTHLY,MONTHLY,5,86,116,78000,72222,268540,356507,697270,893.935897,92.592308,20260511_FWD_LIFESAVING_CreativeFortunePlusII_PREMIUM1300_MONTHLY_5pay.pdf
2026-05-11,FWD,fwd_creative_fortune_plus_ii,創逸致富(豐裕版) II 保險計劃,life-savings,5Y_MONTHLY,MONTHLY,5,87,117,78000,72222,280746,363873,716842,919.028205,92.592308,20260511_FWD_LIFESAVING_CreativeFortunePlusII_PREMIUM1300_MONTHLY_5pay.pdf
2026-05-11,FWD,fwd_creative_fortune_plus_ii,創逸致富(豐裕版) II 保險計劃,life-savings,5Y_MONTHLY,MONTHLY,5,88,118,78000,72222,293411,370502,736136,943.764103,92.592308,20260511_FWD_LIFESAVING_CreativeFortunePlusII_PREMIUM1300_MONTHLY_5pay.pdf
2026-05-11,FWD,fwd_creative_fortune_plus_ii,創逸致富(豐裕版) II 保險計劃,life-savings,5Y_MONTHLY,MONTHLY,5,89,119,78000,72222,306550,377868,756640,970.051282,92.592308,20260511_FWD_LIFESAVING_CreativeFortunePlusII_PREMIUM1300_MONTHLY_5pay.pdf
2026-05-11,FWD,fwd_creative_fortune_plus_ii,創逸致富(豐裕版) II 保險計劃,life-savings,5Y_MONTHLY,MONTHLY,5,90,120,78000,72222,320255,384497,776975,996.121795,92.592308,20260511_FWD_LIFESAVING_CreativeFortunePlusII_PREMIUM1300_MONTHLY_5pay.pdf
2026-05-11,FWD,fwd_creative_fortune_plus_ii,創逸致富(豐裕版) II 保險計劃,life-savings,5Y_ANNUAL,ANNUAL,5,1,31,15599,0,79,0,79,0.506443,0.0,20260511_FWD_LIFESAVING_CreativeFortunePlusII_PREMIUM15600_ANNUAL_5pay.pdf
2026-05-11,FWD,fwd_creative_fortune_plus_ii,創逸致富(豐裕版) II 保險計劃,life-savings,5Y_ANNUAL,ANNUAL,5,2,32,31199,12481,162,0,12643,40.523735,40.004487,20260511_FWD_LIFESAVING_CreativeFortunePlusII_PREMIUM15600_ANNUAL_5pay.pdf
2026-05-11,FWD,fwd_creative_fortune_plus_ii,創逸致富(豐裕版) II 保險計劃,life-savings,5Y_ANNUAL,ANNUAL,5,3,33,46799,25742,247,6364,32354,69.133956,55.005449,20260511_FWD_LIFESAVING_CreativeFortunePlusII_PREMIUM15600_ANNUAL_5pay.pdf
2026-05-11,FWD,fwd_creative_fortune_plus_ii,創逸致富(豐裕版) II 保險計劃,life-savings,5Y_ANNUAL,ANNUAL,5,4,34,62399,43681,336,6364,50382,80.741679,70.002724,20260511_FWD_LIFESAVING_CreativeFortunePlusII_PREMIUM15600_ANNUAL_5pay.pdf
2026-05-11,FWD,fwd_creative_fortune_plus_ii,創逸致富(豐裕版) II 保險計劃,life-savings,5Y_ANNUAL,ANNUAL,5,5,35,77999,63967,428,6364,70759,90.71783,82.010026,20260511_FWD_LIFESAVING_CreativeFortunePlusII_PREMIUM15600_ANNUAL_5pay.pdf
2026-05-11,FWD,fwd_creative_fortune_plus_ii,創逸致富(豐裕版) II 保險計劃,life-savings,5Y_ANNUAL,ANNUAL,5,6,36,77999,63967,524,6364,70855,90.840908,82.010026,20260511_FWD_LIFESAVING_CreativeFortunePlusII_PREMIUM15600_ANNUAL_5pay.pdf
2026-05-11,FWD,fwd_creative_fortune_plus_ii,創逸致富(豐裕版) II 保險計劃,life-savings,5Y_ANNUAL,ANNUAL,5,7,37,77999,63967,623,6364,70954,90.967833,82.010026,20260511_FWD_LIFESAVING_CreativeFortunePlusII_PREMIUM15600_ANNUAL_5pay.pdf
2026-05-11,FWD,fwd_creative_fortune_plus_ii,創逸致富(豐裕版) II 保險計劃,life-savings,5Y_ANNUAL,ANNUAL,5,8,38,77999,63967,726,17501,82194,105.378274,82.010026,20260511_FWD_LIFESAVING_CreativeFortunePlusII_PREMIUM15600_ANNUAL_5pay.pdf
2026-05-11,FWD,fwd_creative_fortune_plus_ii,創逸致富(豐裕版) II 保險計劃,life-savings,5Y_ANNUAL,ANNUAL,5,9,39,77999,63967,833,18296,83097,106.535981,82.010026,20260511_FWD_LIFESAVING_CreativeFortunePlusII_PREMIUM15600_ANNUAL_5pay.pdf
2026-05-11,FWD,fwd_creative_fortune_plus_ii,創逸致富(豐裕版) II 保險計劃,life-savings,5Y_ANNUAL,ANNUAL,5,10,40,77999,63967,944,19092,84003,107.697535,82.010026,20260511_FWD_LIFESAVING_CreativeFortunePlusII_PREMIUM15600_ANNUAL_5pay.pdf
2026-05-11,FWD,fwd_creative_fortune_plus_ii,創逸致富(豐裕版) II 保險計劃,life-savings,5Y_ANNUAL,ANNUAL,5,11,41,77999,63967,1059,19887,84913,108.864216,82.010026,20260511_FWD_LIFESAVING_CreativeFortunePlusII_PREMIUM15600_ANNUAL_5pay.pdf
2026-05-11,FWD,fwd_creative_fortune_plus_ii,創逸致富(豐裕版) II 保險計劃,life-savings,5Y_ANNUAL,ANNUAL,5,12,42,77999,63967,1178,20683,85828,110.037308,82.010026,20260511_FWD_LIFESAVING_CreativeFortunePlusII_PREMIUM15600_ANNUAL_5pay.pdf
2026-05-11,FWD,fwd_creative_fortune_plus_ii,創逸致富(豐裕版) II 保險計劃,life-savings,5Y_ANNUAL,ANNUAL,5,13,43,77999,63967,1302,21478,86748,111.21681,82.010026,20260511_FWD_LIFESAVING_CreativeFortunePlusII_PREMIUM15600_ANNUAL_5pay.pdf
2026-05-11,FWD,fwd_creative_fortune_plus_ii,創逸致富(豐裕版) II 保險計劃,life-savings,5Y_ANNUAL,ANNUAL,5,14,44,77999,63967,1430,22274,87671,112.400159,82.010026,20260511_FWD_LIFESAVING_CreativeFortunePlusII_PREMIUM15600_ANNUAL_5pay.pdf
2026-05-11,FWD,fwd_creative_fortune_plus_ii,創逸致富(豐裕版) II 保險計劃,life-savings,5Y_ANNUAL,ANNUAL,5,15,45,77999,63967,1563,23865,89396,114.611726,82.010026,20260511_FWD_LIFESAVING_CreativeFortunePlusII_PREMIUM15600_ANNUAL_5pay.pdf
2026-05-11,FWD,fwd_creative_fortune_plus_ii,創逸致富(豐裕版) II 保險計劃,life-savings,5Y_ANNUAL,ANNUAL,5,16,46,77999,63967,1701,26251,91920,117.847665,82.010026,20260511_FWD_LIFESAVING_CreativeFortunePlusII_PREMIUM15600_ANNUAL_5pay.pdf
2026-05-11,FWD,fwd_creative_fortune_plus_ii,創逸致富(豐裕版) II 保險計劃,life-savings,5Y_ANNUAL,ANNUAL,5,17,47,77999,63967,1845,28638,94450,121.091296,82.010026,20260511_FWD_LIFESAVING_CreativeFortunePlusII_PREMIUM15600_ANNUAL_5pay.pdf
2026-05-11,FWD,fwd_creative_fortune_plus_ii,創逸致富(豐裕版) II 保險計劃,life-savings,5Y_ANNUAL,ANNUAL,5,18,48,77999,63967,1993,31820,97781,125.361864,82.010026,20260511_FWD_LIFESAVING_CreativeFortunePlusII_PREMIUM15600_ANNUAL_5pay.pdf
2026-05-11,FWD,fwd_creative_fortune_plus_ii,創逸致富(豐裕版) II 保險計劃,life-savings,5Y_ANNUAL,ANNUAL,5,19,49,77999,63967,2148,35002,101117,129.638842,82.010026,20260511_FWD_LIFESAVING_CreativeFortunePlusII_PREMIUM15600_ANNUAL_5pay.pdf
2026-05-11,FWD,fwd_creative_fortune_plus_ii,創逸致富(豐裕版) II 保險計劃,life-savings,5Y_ANNUAL,ANNUAL,5,20,50,77999,63967,2387,38980,105335,135.046603,82.010026,20260511_FWD_LIFESAVING_CreativeFortunePlusII_PREMIUM15600_ANNUAL_5pay.pdf
2026-05-11,FWD,fwd_creative_fortune_plus_ii,創逸致富(豐裕版) II 保險計劃,life-savings,5Y_ANNUAL,ANNUAL,5,21,51,77999,63967,2636,41366,107970,138.424852,82.010026,20260511_FWD_LIFESAVING_CreativeFortunePlusII_PREMIUM15600_ANNUAL_5pay.pdf
2026-05-11,FWD,fwd_creative_fortune_plus_ii,創逸致富(豐裕版) II 保險計劃,life-savings,5Y_ANNUAL,ANNUAL,5,22,52,77999,63967,2894,44548,111410,142.835165,82.010026,20260511_FWD_LIFESAVING_CreativeFortunePlusII_PREMIUM15600_ANNUAL_5pay.pdf
2026-05-11,FWD,fwd_creative_fortune_plus_ii,創逸致富(豐裕版) II 保險計劃,life-savings,5Y_ANNUAL,ANNUAL,5,23,53,77999,63967,3162,47730,114860,147.258298,82.010026,20260511_FWD_LIFESAVING_CreativeFortunePlusII_PREMIUM15600_ANNUAL_5pay.pdf
2026-05-11,FWD,fwd_creative_fortune_plus_ii,創逸致富(豐裕版) II 保險計劃,life-savings,5Y_ANNUAL,ANNUAL,5,24,54,77999,63967,3439,50912,118319,151.69297,82.010026,20260511_FWD_LIFESAVING_CreativeFortunePlusII_PREMIUM15600_ANNUAL_5pay.pdf
2026-05-11,FWD,fwd_creative_fortune_plus_ii,創逸致富(豐裕版) II 保險計劃,life-savings,5Y_ANNUAL,ANNUAL,5,25,55,77999,77999,3727,50912,132640,170.053462,100.0,20260511_FWD_LIFESAVING_CreativeFortunePlusII_PREMIUM15600_ANNUAL_5pay.pdf
2026-05-11,FWD,fwd_creative_fortune_plus_ii,創逸致富(豐裕版) II 保險計劃,life-savings,5Y_ANNUAL,ANNUAL,5,26,56,77999,77999,4026,50912,132939,170.4368,100.0,20260511_FWD_LIFESAVING_CreativeFortunePlusII_PREMIUM15600_ANNUAL_5pay.pdf
2026-05-11,FWD,fwd_creative_fortune_plus_ii,創逸致富(豐裕版) II 保險計劃,life-savings,5Y_ANNUAL,ANNUAL,5,27,57,77999,77999,4336,50912,133249,170.834241,100.0,20260511_FWD_LIFESAVING_CreativeFortunePlusII_PREMIUM15600_ANNUAL_5pay.pdf
2026-05-11,FWD,fwd_creative_fortune_plus_ii,創逸致富(豐裕版) II 保險計劃,life-savings,5Y_ANNUAL,ANNUAL,5,28,58,77999,77999,4658,53299,135957,174.306081,100.0,20260511_FWD_LIFESAVING_CreativeFortunePlusII_PREMIUM15600_ANNUAL_5pay.pdf
2026-05-11,FWD,fwd_creative_fortune_plus_ii,創逸致富(豐裕版) II 保險計劃,life-savings,5Y_ANNUAL,ANNUAL,5,29,59,77999,77999,4992,58072,141064,180.853601,100.0,20260511_FWD_LIFESAVING_CreativeFortunePlusII_PREMIUM15600_ANNUAL_5pay.pdf
2026-05-11,FWD,fwd_creative_fortune_plus_ii,創逸致富(豐裕版) II 保險計劃,life-savings,5Y_ANNUAL,ANNUAL,5,30,60,77999,77999,5418,62845,146263,187.519071,100.0,20260511_FWD_LIFESAVING_CreativeFortunePlusII_PREMIUM15600_ANNUAL_5pay.pdf
2026-05-11,FWD,fwd_creative_fortune_plus_ii,創逸致富(豐裕版) II 保險計劃,life-savings,5Y_ANNUAL,ANNUAL,5,31,61,77999,77999,6019,66823,150842,193.389659,100.0,20260511_FWD_LIFESAVING_CreativeFortunePlusII_PREMIUM15600_ANNUAL_5pay.pdf
2026-05-11,FWD,fwd_creative_fortune_plus_ii,創逸致富(豐裕版) II 保險計劃,life-savings,5Y_ANNUAL,ANNUAL,5,32,62,77999,77999,6722,70800,155522,199.389736,100.0,20260511_FWD_LIFESAVING_CreativeFortunePlusII_PREMIUM15600_ANNUAL_5pay.pdf
2026-05-11,FWD,fwd_creative_fortune_plus_ii,創逸致富(豐裕版) II 保險計劃,life-savings,5Y_ANNUAL,ANNUAL,5,33,63,77999,77999,7451,74778,160229,205.424429,100.0,20260511_FWD_LIFESAVING_CreativeFortunePlusII_PREMIUM15600_ANNUAL_5pay.pdf
2026-05-11,FWD,fwd_creative_fortune_plus_ii,創逸致富(豐裕版) II 保險計劃,life-savings,5Y_ANNUAL,ANNUAL,5,34,64,77999,77999,8288,79551,165839,212.616828,100.0,20260511_FWD_LIFESAVING_CreativeFortunePlusII_PREMIUM15600_ANNUAL_5pay.pdf
2026-05-11,FWD,fwd_creative_fortune_plus_ii,創逸致富(豐裕版) II 保險計劃,life-savings,5Y_ANNUAL,ANNUAL,5,35,65,77999,77999,9235,84324,171559,219.950256,100.0,20260511_FWD_LIFESAVING_CreativeFortunePlusII_PREMIUM15600_ANNUAL_5pay.pdf
2026-05-11,FWD,fwd_creative_fortune_plus_ii,創逸致富(豐裕版) II 保險計劃,life-savings,5Y_ANNUAL,ANNUAL,5,36,66,77999,77999,10218,89892,178110,228.349081,100.0,20260511_FWD_LIFESAVING_CreativeFortunePlusII_PREMIUM15600_ANNUAL_5pay.pdf
2026-05-11,FWD,fwd_creative_fortune_plus_ii,創逸致富(豐裕版) II 保險計劃,life-savings,5Y_ANNUAL,ANNUAL,5,37,67,77999,77999,11317,94665,183983,235.878665,100.0,20260511_FWD_LIFESAVING_CreativeFortunePlusII_PREMIUM15600_ANNUAL_5pay.pdf
2026-05-11,FWD,fwd_creative_fortune_plus_ii,創逸致富(豐裕版) II 保險計劃,life-savings,5Y_ANNUAL,ANNUAL,5,38,68,77999,77999,12537,100234,190771,244.581341,100.0,20260511_FWD_LIFESAVING_CreativeFortunePlusII_PREMIUM15600_ANNUAL_5pay.pdf
2026-05-11,FWD,fwd_creative_fortune_plus_ii,創逸致富(豐裕版) II 保險計劃,life-savings,5Y_ANNUAL,ANNUAL,5,39,69,77999,77999,13882,105803,197685,253.445557,100.0,20260511_FWD_LIFESAVING_CreativeFortunePlusII_PREMIUM15600_ANNUAL_5pay.pdf
2026-05-11,FWD,fwd_creative_fortune_plus_ii,創逸致富(豐裕版) II 保險計劃,life-savings,5Y_ANNUAL,ANNUAL,5,40,70,77999,77999,15357,111371,204729,262.476442,100.0,20260511_FWD_LIFESAVING_CreativeFortunePlusII_PREMIUM15600_ANNUAL_5pay.pdf
2026-05-11,FWD,fwd_creative_fortune_plus_ii,創逸致富(豐裕版) II 保險計劃,life-savings,5Y_ANNUAL,ANNUAL,5,41,71,77999,77999,16887,116940,211828,271.577841,100.0,20260511_FWD_LIFESAVING_CreativeFortunePlusII_PREMIUM15600_ANNUAL_5pay.pdf
2026-05-11,FWD,fwd_creative_fortune_plus_ii,創逸致富(豐裕版) II 保險計劃,life-savings,5Y_ANNUAL,ANNUAL,5,42,72,77999,77999,18475,123304,219780,281.772843,100.0,20260511_FWD_LIFESAVING_CreativeFortunePlusII_PREMIUM15600_ANNUAL_5pay.pdf
2026-05-11,FWD,fwd_creative_fortune_plus_ii,創逸致富(豐裕版) II 保險計劃,life-savings,5Y_ANNUAL,ANNUAL,5,43,73,77999,77999,20123,130463,228587,293.064014,100.0,20260511_FWD_LIFESAVING_CreativeFortunePlusII_PREMIUM15600_ANNUAL_5pay.pdf
2026-05-11,FWD,fwd_creative_fortune_plus_ii,創逸致富(豐裕版) II 保險計劃,life-savings,5Y_ANNUAL,ANNUAL,5,44,74,77999,77999,21912,137623,237535,304.535956,100.0,20260511_FWD_LIFESAVING_CreativeFortunePlusII_PREMIUM15600_ANNUAL_5pay.pdf
2026-05-11,FWD,fwd_creative_fortune_plus_ii,創逸致富(豐裕版) II 保險計劃,life-savings,5Y_ANNUAL,ANNUAL,5,45,75,77999,77999,24006,144783,246789,316.40021,100.0,20260511_FWD_LIFESAVING_CreativeFortunePlusII_PREMIUM15600_ANNUAL_5pay.pdf
2026-05-11,FWD,fwd_creative_fortune_plus_ii,創逸致富(豐裕版) II 保險計劃,life-savings,5Y_ANNUAL,ANNUAL,5,46,76,77999,77999,26259,151942,256202,328.468314,100.0,20260511_FWD_LIFESAVING_CreativeFortunePlusII_PREMIUM15600_ANNUAL_5pay.pdf
2026-05-11,FWD,fwd_creative_fortune_plus_ii,創逸致富(豐裕版) II 保險計劃,life-savings,5Y_ANNUAL,ANNUAL,5,47,77,77999,77999,28675,156715,263391,337.685099,100.0,20260511_FWD_LIFESAVING_CreativeFortunePlusII_PREMIUM15600_ANNUAL_5pay.pdf
2026-05-11,FWD,fwd_creative_fortune_plus_ii,創逸致富(豐裕版) II 保險計劃,life-savings,5Y_ANNUAL,ANNUAL,5,48,78,77999,77999,31342,161488,270831,347.223682,100.0,20260511_FWD_LIFESAVING_CreativeFortunePlusII_PREMIUM15600_ANNUAL_5pay.pdf
2026-05-11,FWD,fwd_creative_fortune_plus_ii,創逸致富(豐裕版) II 保險計劃,life-savings,5Y_ANNUAL,ANNUAL,5,49,79,77999,77999,34267,165466,277734,356.073796,100.0,20260511_FWD_LIFESAVING_CreativeFortunePlusII_PREMIUM15600_ANNUAL_5pay.pdf
2026-05-11,FWD,fwd_creative_fortune_plus_ii,創逸致富(豐裕版) II 保險計劃,life-savings,5Y_ANNUAL,ANNUAL,5,50,80,77999,77999,37382,170239,285622,366.186746,100.0,20260511_FWD_LIFESAVING_CreativeFortunePlusII_PREMIUM15600_ANNUAL_5pay.pdf
2026-05-11,FWD,fwd_creative_fortune_plus_ii,創逸致富(豐裕版) II 保險計劃,life-savings,5Y_ANNUAL,ANNUAL,5,51,81,77999,77999,40693,174217,292910,375.530456,100.0,20260511_FWD_LIFESAVING_CreativeFortunePlusII_PREMIUM15600_ANNUAL_5pay.pdf
2026-05-11,FWD,fwd_creative_fortune_plus_ii,創逸致富(豐裕版) II 保險計劃,life-savings,5Y_ANNUAL,ANNUAL,5,52,82,77999,77999,44128,178990,301118,386.053667,100.0,20260511_FWD_LIFESAVING_CreativeFortunePlusII_PREMIUM15600_ANNUAL_5pay.pdf
2026-05-11,FWD,fwd_creative_fortune_plus_ii,創逸致富(豐裕版) II 保險計劃,life-savings,5Y_ANNUAL,ANNUAL,5,53,83,77999,77999,47692,183763,309456,396.743548,100.0,20260511_FWD_LIFESAVING_CreativeFortunePlusII_PREMIUM15600_ANNUAL_5pay.pdf
2026-05-11,FWD,fwd_creative_fortune_plus_ii,創逸致富(豐裕版) II 保險計劃,life-savings,5Y_ANNUAL,ANNUAL,5,54,84,77999,77999,51390,188536,317926,407.602662,100.0,20260511_FWD_LIFESAVING_CreativeFortunePlusII_PREMIUM15600_ANNUAL_5pay.pdf
2026-05-11,FWD,fwd_creative_fortune_plus_ii,創逸致富(豐裕版) II 保險計劃,life-savings,5Y_ANNUAL,ANNUAL,5,55,85,77999,77999,55226,193309,326536,418.641265,100.0,20260511_FWD_LIFESAVING_CreativeFortunePlusII_PREMIUM15600_ANNUAL_5pay.pdf
2026-05-11,FWD,fwd_creative_fortune_plus_ii,創逸致富(豐裕版) II 保險計劃,life-savings,5Y_ANNUAL,ANNUAL,5,56,86,77999,77999,59207,198082,335289,429.863203,100.0,20260511_FWD_LIFESAVING_CreativeFortunePlusII_PREMIUM15600_ANNUAL_5pay.pdf
2026-05-11,FWD,fwd_creative_fortune_plus_ii,創逸致富(豐裕版) II 保險計劃,life-savings,5Y_ANNUAL,ANNUAL,5,57,87,77999,77999,63336,203651,344987,442.296696,100.0,20260511_FWD_LIFESAVING_CreativeFortunePlusII_PREMIUM15600_ANNUAL_5pay.pdf
2026-05-11,FWD,fwd_creative_fortune_plus_ii,創逸致富(豐裕版) II 保險計劃,life-savings,5Y_ANNUAL,ANNUAL,5,58,88,77999,77999,67621,208424,354045,453.909666,100.0,20260511_FWD_LIFESAVING_CreativeFortunePlusII_PREMIUM15600_ANNUAL_5pay.pdf
2026-05-11,FWD,fwd_creative_fortune_plus_ii,創逸致富(豐裕版) II 保險計劃,life-savings,5Y_ANNUAL,ANNUAL,5,59,89,77999,77999,72066,213992,364058,466.74701,100.0,20260511_FWD_LIFESAVING_CreativeFortunePlusII_PREMIUM15600_ANNUAL_5pay.pdf
2026-05-11,FWD,fwd_creative_fortune_plus_ii,創逸致富(豐裕版) II 保險計劃,life-savings,5Y_ANNUAL,ANNUAL,5,60,90,77999,77999,76677,218765,373443,478.779215,100.0,20260511_FWD_LIFESAVING_CreativeFortunePlusII_PREMIUM15600_ANNUAL_5pay.pdf
2026-05-11,FWD,fwd_creative_fortune_plus_ii,創逸致富(豐裕版) II 保險計劃,life-savings,5Y_ANNUAL,ANNUAL,5,61,91,77999,77999,81462,224334,383796,492.052462,100.0,20260511_FWD_LIFESAVING_CreativeFortunePlusII_PREMIUM15600_ANNUAL_5pay.pdf
2026-05-11,FWD,fwd_creative_fortune_plus_ii,創逸致富(豐裕版) II 保險計劃,life-savings,5Y_ANNUAL,ANNUAL,5,62,92,77999,77999,86426,229902,394329,505.556481,100.0,20260511_FWD_LIFESAVING_CreativeFortunePlusII_PREMIUM15600_ANNUAL_5pay.pdf
2026-05-11,FWD,fwd_creative_fortune_plus_ii,創逸致富(豐裕版) II 保險計劃,life-savings,5Y_ANNUAL,ANNUAL,5,63,93,77999,77999,91576,235471,405048,519.298965,100.0,20260511_FWD_LIFESAVING_CreativeFortunePlusII_PREMIUM15600_ANNUAL_5pay.pdf
2026-05-11,FWD,fwd_creative_fortune_plus_ii,創逸致富(豐裕版) II 保險計劃,life-savings,5Y_ANNUAL,ANNUAL,5,64,94,77999,77999,96920,241040,415960,533.288888,100.0,20260511_FWD_LIFESAVING_CreativeFortunePlusII_PREMIUM15600_ANNUAL_5pay.pdf
2026-05-11,FWD,fwd_creative_fortune_plus_ii,創逸致富(豐裕版) II 保險計劃,life-savings,5Y_ANNUAL,ANNUAL,5,65,95,77999,77999,102463,247404,427867,548.554469,100.0,20260511_FWD_LIFESAVING_CreativeFortunePlusII_PREMIUM15600_ANNUAL_5pay.pdf
2026-05-11,FWD,fwd_creative_fortune_plus_ii,創逸致富(豐裕版) II 保險計劃,life-savings,5Y_ANNUAL,ANNUAL,5,66,96,77999,77999,108215,252972,439188,563.068757,100.0,20260511_FWD_LIFESAVING_CreativeFortunePlusII_PREMIUM15600_ANNUAL_5pay.pdf
2026-05-11,FWD,fwd_creative_fortune_plus_ii,創逸致富(豐裕版) II 保險計劃,life-savings,5Y_ANNUAL,ANNUAL,5,67,97,77999,77999,114182,259336,451519,578.877934,100.0,20260511_FWD_LIFESAVING_CreativeFortunePlusII_PREMIUM15600_ANNUAL_5pay.pdf
2026-05-11,FWD,fwd_creative_fortune_plus_ii,創逸致富(豐裕版) II 保險計劃,life-savings,5Y_ANNUAL,ANNUAL,5,68,98,77999,77999,120373,264905,463279,593.955051,100.0,20260511_FWD_LIFESAVING_CreativeFortunePlusII_PREMIUM15600_ANNUAL_5pay.pdf
2026-05-11,FWD,fwd_creative_fortune_plus_ii,創逸致富(豐裕版) II 保險計劃,life-savings,5Y_ANNUAL,ANNUAL,5,69,99,77999,77999,126797,271269,476066,610.348851,100.0,20260511_FWD_LIFESAVING_CreativeFortunePlusII_PREMIUM15600_ANNUAL_5pay.pdf
2026-05-11,FWD,fwd_creative_fortune_plus_ii,創逸致富(豐裕版) II 保險計劃,life-savings,5Y_ANNUAL,ANNUAL,5,70,100,77999,77999,133540,277633,489174,627.154194,100.0,20260511_FWD_LIFESAVING_CreativeFortunePlusII_PREMIUM15600_ANNUAL_5pay.pdf
2026-05-11,FWD,fwd_creative_fortune_plus_ii,創逸致富(豐裕版) II 保險計劃,life-savings,5Y_ANNUAL,ANNUAL,5,71,101,77999,77999,140855,283997,502853,644.691599,100.0,20260511_FWD_LIFESAVING_CreativeFortunePlusII_PREMIUM15600_ANNUAL_5pay.pdf
2026-05-11,FWD,fwd_creative_fortune_plus_ii,創逸致富(豐裕版) II 保險計劃,life-savings,5Y_ANNUAL,ANNUAL,5,72,102,77999,77999,148444,290361,516806,662.580289,100.0,20260511_FWD_LIFESAVING_CreativeFortunePlusII_PREMIUM15600_ANNUAL_5pay.pdf
2026-05-11,FWD,fwd_creative_fortune_plus_ii,創逸致富(豐裕版) II 保險計劃,life-savings,5Y_ANNUAL,ANNUAL,5,73,103,77999,77999,156318,295930,530248,679.813844,100.0,20260511_FWD_LIFESAVING_CreativeFortunePlusII_PREMIUM15600_ANNUAL_5pay.pdf
2026-05-11,FWD,fwd_creative_fortune_plus_ii,創逸致富(豐裕版) II 保險計劃,life-savings,5Y_ANNUAL,ANNUAL,5,74,104,77999,77999,164487,302294,544781,698.446134,100.0,20260511_FWD_LIFESAVING_CreativeFortunePlusII_PREMIUM15600_ANNUAL_5pay.pdf
2026-05-11,FWD,fwd_creative_fortune_plus_ii,創逸致富(豐裕版) II 保險計劃,life-savings,5Y_ANNUAL,ANNUAL,5,75,105,77999,77999,172962,308658,559620,717.470737,100.0,20260511_FWD_LIFESAVING_CreativeFortunePlusII_PREMIUM15600_ANNUAL_5pay.pdf
2026-05-11,FWD,fwd_creative_fortune_plus_ii,創逸致富(豐裕版) II 保險計劃,life-savings,5Y_ANNUAL,ANNUAL,5,76,106,77999,77999,181755,315818,575573,737.923563,100.0,20260511_FWD_LIFESAVING_CreativeFortunePlusII_PREMIUM15600_ANNUAL_5pay.pdf
2026-05-11,FWD,fwd_creative_fortune_plus_ii,創逸致富(豐裕版) II 保險計劃,life-savings,5Y_ANNUAL,ANNUAL,5,77,107,77999,77999,190878,322182,591060,757.778946,100.0,20260511_FWD_LIFESAVING_CreativeFortunePlusII_PREMIUM15600_ANNUAL_5pay.pdf
2026-05-11,FWD,fwd_creative_fortune_plus_ii,創逸致富(豐裕版) II 保險計劃,life-savings,5Y_ANNUAL,ANNUAL,5,78,108,77999,77999,200343,328546,606889,778.072796,100.0,20260511_FWD_LIFESAVING_CreativeFortunePlusII_PREMIUM15600_ANNUAL_5pay.pdf
2026-05-11,FWD,fwd_creative_fortune_plus_ii,創逸致富(豐裕版) II 保險計劃,life-savings,5Y_ANNUAL,ANNUAL,5,79,109,77999,77999,210163,335706,623869,799.842306,100.0,20260511_FWD_LIFESAVING_CreativeFortunePlusII_PREMIUM15600_ANNUAL_5pay.pdf
2026-05-11,FWD,fwd_creative_fortune_plus_ii,創逸致富(豐裕版) II 保險計劃,life-savings,5Y_ANNUAL,ANNUAL,5,80,110,77999,77999,220351,342070,640421,821.063091,100.0,20260511_FWD_LIFESAVING_CreativeFortunePlusII_PREMIUM15600_ANNUAL_5pay.pdf
2026-05-11,FWD,fwd_creative_fortune_plus_ii,創逸致富(豐裕版) II 保險計劃,life-savings,5Y_ANNUAL,ANNUAL,5,81,111,77999,77999,230921,349229,658150,843.792869,100.0,20260511_FWD_LIFESAVING_CreativeFortunePlusII_PREMIUM15600_ANNUAL_5pay.pdf
2026-05-11,FWD,fwd_creative_fortune_plus_ii,創逸致富(豐裕版) II 保險計劃,life-savings,5Y_ANNUAL,ANNUAL,5,82,112,77999,77999,241887,356389,676277,867.032911,100.0,20260511_FWD_LIFESAVING_CreativeFortunePlusII_PREMIUM15600_ANNUAL_5pay.pdf
2026-05-11,FWD,fwd_creative_fortune_plus_ii,創逸致富(豐裕版) II 保險計劃,life-savings,5Y_ANNUAL,ANNUAL,5,83,113,77999,77999,253265,363548,694814,890.7986,100.0,20260511_FWD_LIFESAVING_CreativeFortunePlusII_PREMIUM15600_ANNUAL_5pay.pdf
2026-05-11,FWD,fwd_creative_fortune_plus_ii,創逸致富(豐裕版) II 保險計劃,life-savings,5Y_ANNUAL,ANNUAL,5,84,114,77999,77999,265070,370708,713778,915.111732,100.0,20260511_FWD_LIFESAVING_CreativeFortunePlusII_PREMIUM15600_ANNUAL_5pay.pdf
2026-05-11,FWD,fwd_creative_fortune_plus_ii,創逸致富(豐裕版) II 保險計劃,life-savings,5Y_ANNUAL,ANNUAL,5,85,115,77999,77999,277317,377868,733185,939.99282,100.0,20260511_FWD_LIFESAVING_CreativeFortunePlusII_PREMIUM15600_ANNUAL_5pay.pdf
2026-05-11,FWD,fwd_creative_fortune_plus_ii,創逸致富(豐裕版) II 保險計劃,life-savings,5Y_ANNUAL,ANNUAL,5,86,116,77999,77999,290023,385027,753051,965.462378,100.0,20260511_FWD_LIFESAVING_CreativeFortunePlusII_PREMIUM15600_ANNUAL_5pay.pdf
2026-05-11,FWD,fwd_creative_fortune_plus_ii,創逸致富(豐裕版) II 保險計劃,life-savings,5Y_ANNUAL,ANNUAL,5,87,117,77999,77999,303206,392982,774189,992.562725,100.0,20260511_FWD_LIFESAVING_CreativeFortunePlusII_PREMIUM15600_ANNUAL_5pay.pdf
2026-05-11,FWD,fwd_creative_fortune_plus_ii,創逸致富(豐裕版) II 保險計劃,life-savings,5Y_ANNUAL,ANNUAL,5,88,118,77999,77999,316883,400142,795026,1019.27717,100.0,20260511_FWD_LIFESAVING_CreativeFortunePlusII_PREMIUM15600_ANNUAL_5pay.pdf
2026-05-11,FWD,fwd_creative_fortune_plus_ii,創逸致富(豐裕版) II 保險計劃,life-savings,5Y_ANNUAL,ANNUAL,5,89,119,77999,77999,331073,408097,817171,1047.66856,100.0,20260511_FWD_LIFESAVING_CreativeFortunePlusII_PREMIUM15600_ANNUAL_5pay.pdf
2026-05-11,FWD,fwd_creative_fortune_plus_ii,創逸致富(豐裕版) II 保險計劃,life-savings,5Y_ANNUAL,ANNUAL,5,90,120,77999,77999,345875,415257,839132,1075.824049,100.0,20260511_FWD_LIFESAVING_CreativeFortunePlusII_PREMIUM15600_ANNUAL_5pay.pdf
2026-05-11,FWD,fwd_creative_fortune_plus_ii,創逸致富(豐裕版) II 保險計劃,life-savings,10Y_MONTHLY,MONTHLY,10,1,31,15600,0,128,0,128,0.820513,0.0,20260511_FWD_LIFESAVING_CreativeFortunePlusII_PREMIUM1300_MONTHLY_10pay.pdf
2026-05-11,FWD,fwd_creative_fortune_plus_ii,創逸致富(豐裕版) II 保險計劃,life-savings,10Y_MONTHLY,MONTHLY,10,2,32,31200,2605,262,0,2867,9.189103,8.349359,20260511_FWD_LIFESAVING_CreativeFortunePlusII_PREMIUM1300_MONTHLY_10pay.pdf
2026-05-11,FWD,fwd_creative_fortune_plus_ii,創逸致富(豐裕版) II 保險計劃,life-savings,10Y_MONTHLY,MONTHLY,10,3,33,46800,7802,401,9027,17231,36.818376,16.67094,20260511_FWD_LIFESAVING_CreativeFortunePlusII_PREMIUM1300_MONTHLY_10pay.pdf
2026-05-11,FWD,fwd_creative_fortune_plus_ii,創逸致富(豐裕版) II 保險計劃,life-savings,10Y_MONTHLY,MONTHLY,10,4,34,62400,15605,545,9027,25178,40.349359,25.008013,20260511_FWD_LIFESAVING_CreativeFortunePlusII_PREMIUM1300_MONTHLY_10pay.pdf
2026-05-11,FWD,fwd_creative_fortune_plus_ii,創逸致富(豐裕版) II 保險計劃,life-savings,10Y_MONTHLY,MONTHLY,10,5,35,78000,26000,695,9027,35722,45.797436,33.333333,20260511_FWD_LIFESAVING_CreativeFortunePlusII_PREMIUM1300_MONTHLY_10pay.pdf
2026-05-11,FWD,fwd_creative_fortune_plus_ii,創逸致富(豐裕版) II 保險計劃,life-savings,10Y_MONTHLY,MONTHLY,10,6,36,93600,39000,850,9027,48877,52.219017,41.666667,20260511_FWD_LIFESAVING_CreativeFortunePlusII_PREMIUM1300_MONTHLY_10pay.pdf
2026-05-11,FWD,fwd_creative_fortune_plus_ii,創逸致富(豐裕版) II 保險計劃,life-savings,10Y_MONTHLY,MONTHLY,10,7,37,109200,54605,1010,9027,64643,59.196886,50.004579,20260511_FWD_LIFESAVING_CreativeFortunePlusII_PREMIUM1300_MONTHLY_10pay.pdf
2026-05-11,FWD,fwd_creative_fortune_plus_ii,創逸致富(豐裕版) II 保險計劃,life-savings,10Y_MONTHLY,MONTHLY,10,8,38,124800,72802,1177,9027,83008,66.512821,58.334936,20260511_FWD_LIFESAVING_CreativeFortunePlusII_PREMIUM1300_MONTHLY_10pay.pdf
2026-05-11,FWD,fwd_creative_fortune_plus_ii,創逸致富(豐裕版) II 保險計劃,life-savings,10Y_MONTHLY,MONTHLY,10,9,39,140400,93605,1350,9027,103983,74.061966,66.670228,20260511_FWD_LIFESAVING_CreativeFortunePlusII_PREMIUM1300_MONTHLY_10pay.pdf
2026-05-11,FWD,fwd_creative_fortune_plus_ii,創逸致富(豐裕版) II 保險計劃,life-savings,10Y_MONTHLY,MONTHLY,10,10,40,156000,118444,1530,9027,129002,82.69359,75.925641,20260511_FWD_LIFESAVING_CreativeFortunePlusII_PREMIUM1300_MONTHLY_10pay.pdf
2026-05-11,FWD,fwd_creative_fortune_plus_ii,創逸致富(豐裕版) II 保險計劃,life-savings,10Y_MONTHLY,MONTHLY,10,11,41,156000,118444,1716,9027,129189,82.813462,75.925641,20260511_FWD_LIFESAVING_CreativeFortunePlusII_PREMIUM1300_MONTHLY_10pay.pdf
2026-05-11,FWD,fwd_creative_fortune_plus_ii,創逸致富(豐裕版) II 保險計劃,life-savings,10Y_MONTHLY,MONTHLY,10,12,42,156000,118444,1910,9027,129382,82.937179,75.925641,20260511_FWD_LIFESAVING_CreativeFortunePlusII_PREMIUM1300_MONTHLY_10pay.pdf
2026-05-11,FWD,fwd_creative_fortune_plus_ii,創逸致富(豐裕版) II 保險計劃,life-savings,10Y_MONTHLY,MONTHLY,10,13,43,156000,118444,2110,30952,151507,97.119872,75.925641,20260511_FWD_LIFESAVING_CreativeFortunePlusII_PREMIUM1300_MONTHLY_10pay.pdf
2026-05-11,FWD,fwd_creative_fortune_plus_ii,創逸致富(豐裕版) II 保險計劃,life-savings,10Y_MONTHLY,MONTHLY,10,14,44,156000,118444,2319,32242,153005,98.080128,75.925641,20260511_FWD_LIFESAVING_CreativeFortunePlusII_PREMIUM1300_MONTHLY_10pay.pdf
2026-05-11,FWD,fwd_creative_fortune_plus_ii,創逸致富(豐裕版) II 保險計劃,life-savings,10Y_MONTHLY,MONTHLY,10,15,45,156000,118444,2534,34821,155800,99.871795,75.925641,20260511_FWD_LIFESAVING_CreativeFortunePlusII_PREMIUM1300_MONTHLY_10pay.pdf
2026-05-11,FWD,fwd_creative_fortune_plus_ii,創逸致富(豐裕版) II 保險計劃,life-savings,10Y_MONTHLY,MONTHLY,10,16,46,156000,118444,2758,38690,159893,102.495513,75.925641,20260511_FWD_LIFESAVING_CreativeFortunePlusII_PREMIUM1300_MONTHLY_10pay.pdf
2026-05-11,FWD,fwd_creative_fortune_plus_ii,創逸致富(豐裕版) II 保險計劃,life-savings,10Y_MONTHLY,MONTHLY,10,17,47,156000,118444,2991,42559,163995,105.125,75.925641,20260511_FWD_LIFESAVING_CreativeFortunePlusII_PREMIUM1300_MONTHLY_10pay.pdf
2026-05-11,FWD,fwd_creative_fortune_plus_ii,創逸致富(豐裕版) II 保險計劃,life-savings,10Y_MONTHLY,MONTHLY,10,18,48,156000,118444,3232,46428,168105,107.759615,75.925641,20260511_FWD_LIFESAVING_CreativeFortunePlusII_PREMIUM1300_MONTHLY_10pay.pdf
2026-05-11,FWD,fwd_creative_fortune_plus_ii,創逸致富(豐裕版) II 保險計劃,life-savings,10Y_MONTHLY,MONTHLY,10,19,49,156000,118444,3482,51587,173514,111.226923,75.925641,20260511_FWD_LIFESAVING_CreativeFortunePlusII_PREMIUM1300_MONTHLY_10pay.pdf
2026-05-11,FWD,fwd_creative_fortune_plus_ii,創逸致富(豐裕版) II 保險計劃,life-savings,10Y_MONTHLY,MONTHLY,10,20,50,156000,118444,3871,56746,179061,114.782692,75.925641,20260511_FWD_LIFESAVING_CreativeFortunePlusII_PREMIUM1300_MONTHLY_10pay.pdf
2026-05-11,FWD,fwd_creative_fortune_plus_ii,創逸致富(豐裕版) II 保險計劃,life-savings,10Y_MONTHLY,MONTHLY,10,21,51,156000,118444,4274,60615,183333,117.521154,75.925641,20260511_FWD_LIFESAVING_CreativeFortunePlusII_PREMIUM1300_MONTHLY_10pay.pdf
2026-05-11,FWD,fwd_creative_fortune_plus_ii,創逸致富(豐裕版) II 保險計劃,life-savings,10Y_MONTHLY,MONTHLY,10,22,52,156000,118444,4692,65773,188910,121.096154,75.925641,20260511_FWD_LIFESAVING_CreativeFortunePlusII_PREMIUM1300_MONTHLY_10pay.pdf
2026-05-11,FWD,fwd_creative_fortune_plus_ii,創逸致富(豐裕版) II 保險計劃,life-savings,10Y_MONTHLY,MONTHLY,10,23,53,156000,118444,5126,69642,193213,123.854487,75.925641,20260511_FWD_LIFESAVING_CreativeFortunePlusII_PREMIUM1300_MONTHLY_10pay.pdf
2026-05-11,FWD,fwd_creative_fortune_plus_ii,創逸致富(豐裕版) II 保險計劃,life-savings,10Y_MONTHLY,MONTHLY,10,24,54,156000,118444,5576,74801,198822,127.45,75.925641,20260511_FWD_LIFESAVING_CreativeFortunePlusII_PREMIUM1300_MONTHLY_10pay.pdf
2026-05-11,FWD,fwd_creative_fortune_plus_ii,創逸致富(豐裕版) II 保險計劃,life-savings,10Y_MONTHLY,MONTHLY,10,25,55,156000,144444,6043,74801,225289,144.416026,92.592308,20260511_FWD_LIFESAVING_CreativeFortunePlusII_PREMIUM1300_MONTHLY_10pay.pdf
2026-05-11,FWD,fwd_creative_fortune_plus_ii,創逸致富(豐裕版) II 保險計劃,life-savings,10Y_MONTHLY,MONTHLY,10,26,56,156000,144444,6528,74801,225774,144.726923,92.592308,20260511_FWD_LIFESAVING_CreativeFortunePlusII_PREMIUM1300_MONTHLY_10pay.pdf
2026-05-11,FWD,fwd_creative_fortune_plus_ii,創逸致富(豐裕版) II 保險計劃,life-savings,10Y_MONTHLY,MONTHLY,10,27,57,156000,144444,7031,74801,226277,145.049359,92.592308,20260511_FWD_LIFESAVING_CreativeFortunePlusII_PREMIUM1300_MONTHLY_10pay.pdf
2026-05-11,FWD,fwd_creative_fortune_plus_ii,創逸致富(豐裕版) II 保險計劃,life-savings,10Y_MONTHLY,MONTHLY,10,28,58,156000,144444,7552,74801,226798,145.383333,92.592308,20260511_FWD_LIFESAVING_CreativeFortunePlusII_PREMIUM1300_MONTHLY_10pay.pdf
2026-05-11,FWD,fwd_creative_fortune_plus_ii,創逸致富(豐裕版) II 保險計劃,life-savings,10Y_MONTHLY,MONTHLY,10,29,59,156000,144444,8093,82539,235078,150.691026,92.592308,20260511_FWD_LIFESAVING_CreativeFortunePlusII_PREMIUM1300_MONTHLY_10pay.pdf
2026-05-11,FWD,fwd_creative_fortune_plus_ii,創逸致富(豐裕版) II 保險計劃,life-savings,10Y_MONTHLY,MONTHLY,10,30,60,156000,144444,8784,90277,243506,156.09359,92.592308,20260511_FWD_LIFESAVING_CreativeFortunePlusII_PREMIUM1300_MONTHLY_10pay.pdf
2026-05-11,FWD,fwd_creative_fortune_plus_ii,創逸致富(豐裕版) II 保險計劃,life-savings,10Y_MONTHLY,MONTHLY,10,31,61,156000,144444,9758,95436,249639,160.025,92.592308,20260511_FWD_LIFESAVING_CreativeFortunePlusII_PREMIUM1300_MONTHLY_10pay.pdf
2026-05-11,FWD,fwd_creative_fortune_plus_ii,創逸致富(豐裕版) II 保險計劃,life-savings,10Y_MONTHLY,MONTHLY,10,32,62,156000,144444,10898,101884,257227,164.889103,92.592308,20260511_FWD_LIFESAVING_CreativeFortunePlusII_PREMIUM1300_MONTHLY_10pay.pdf
2026-05-11,FWD,fwd_creative_fortune_plus_ii,創逸致富(豐裕版) II 保險計劃,life-savings,10Y_MONTHLY,MONTHLY,10,33,63,156000,144444,12080,108333,264858,169.780769,92.592308,20260511_FWD_LIFESAVING_CreativeFortunePlusII_PREMIUM1300_MONTHLY_10pay.pdf
2026-05-11,FWD,fwd_creative_fortune_plus_ii,創逸致富(豐裕版) II 保險計劃,life-savings,10Y_MONTHLY,MONTHLY,10,34,64,156000,144444,13436,114781,272662,174.783333,92.592308,20260511_FWD_LIFESAVING_CreativeFortunePlusII_PREMIUM1300_MONTHLY_10pay.pdf
2026-05-11,FWD,fwd_creative_fortune_plus_ii,創逸致富(豐裕版) II 保險計劃,life-savings,10Y_MONTHLY,MONTHLY,10,35,65,156000,144444,14972,121230,280646,179.901282,92.592308,20260511_FWD_LIFESAVING_CreativeFortunePlusII_PREMIUM1300_MONTHLY_10pay.pdf
2026-05-11,FWD,fwd_creative_fortune_plus_ii,創逸致富(豐裕版) II 保險計劃,life-savings,10Y_MONTHLY,MONTHLY,10,36,66,156000,144444,16565,132837,293847,188.363462,92.592308,20260511_FWD_LIFESAVING_CreativeFortunePlusII_PREMIUM1300_MONTHLY_10pay.pdf
2026-05-11,FWD,fwd_creative_fortune_plus_ii,創逸致富(豐裕版) II 保險計劃,life-savings,10Y_MONTHLY,MONTHLY,10,37,67,156000,144444,18347,140575,303367,194.466026,92.592308,20260511_FWD_LIFESAVING_CreativeFortunePlusII_PREMIUM1300_MONTHLY_10pay.pdf
2026-05-11,FWD,fwd_creative_fortune_plus_ii,創逸致富(豐裕版) II 保險計劃,life-savings,10Y_MONTHLY,MONTHLY,10,38,68,156000,144444,20325,148313,313083,200.694231,92.592308,20260511_FWD_LIFESAVING_CreativeFortunePlusII_PREMIUM1300_MONTHLY_10pay.pdf
2026-05-11,FWD,fwd_creative_fortune_plus_ii,創逸致富(豐裕版) II 保險計劃,life-savings,10Y_MONTHLY,MONTHLY,10,39,69,156000,144444,22505,157341,324291,207.878846,92.592308,20260511_FWD_LIFESAVING_CreativeFortunePlusII_PREMIUM1300_MONTHLY_10pay.pdf
2026-05-11,FWD,fwd_creative_fortune_plus_ii,創逸致富(豐裕版) II 保險計劃,life-savings,10Y_MONTHLY,MONTHLY,10,40,70,156000,144444,24897,165079,334421,214.372436,92.592308,20260511_FWD_LIFESAVING_CreativeFortunePlusII_PREMIUM1300_MONTHLY_10pay.pdf
2026-05-11,FWD,fwd_creative_fortune_plus_ii,創逸致富(豐裕版) II 保險計劃,life-savings,10Y_MONTHLY,MONTHLY,10,41,71,156000,144444,27378,174107,345930,221.75,92.592308,20260511_FWD_LIFESAVING_CreativeFortunePlusII_PREMIUM1300_MONTHLY_10pay.pdf
2026-05-11,FWD,fwd_creative_fortune_plus_ii,創逸致富(豐裕版) II 保險計劃,life-savings,10Y_MONTHLY,MONTHLY,10,42,72,156000,144444,29953,184424,358822,230.014103,92.592308,20260511_FWD_LIFESAVING_CreativeFortunePlusII_PREMIUM1300_MONTHLY_10pay.pdf
2026-05-11,FWD,fwd_creative_fortune_plus_ii,創逸致富(豐裕版) II 保險計劃,life-savings,10Y_MONTHLY,MONTHLY,10,43,73,156000,144444,32623,193452,370520,237.512821,92.592308,20260511_FWD_LIFESAVING_CreativeFortunePlusII_PREMIUM1300_MONTHLY_10pay.pdf
2026-05-11,FWD,fwd_creative_fortune_plus_ii,創逸致富(豐裕版) II 保險計劃,life-savings,10Y_MONTHLY,MONTHLY,10,44,74,156000,144444,35523,205059,385028,246.812821,92.592308,20260511_FWD_LIFESAVING_CreativeFortunePlusII_PREMIUM1300_MONTHLY_10pay.pdf
2026-05-11,FWD,fwd_creative_fortune_plus_ii,創逸致富(豐裕版) II 保險計劃,life-savings,10Y_MONTHLY,MONTHLY,10,45,75,156000,144444,38919,215377,398741,255.603205,92.592308,20260511_FWD_LIFESAVING_CreativeFortunePlusII_PREMIUM1300_MONTHLY_10pay.pdf
2026-05-11,FWD,fwd_creative_fortune_plus_ii,創逸致富(豐裕版) II 保險計劃,life-savings,10Y_MONTHLY,MONTHLY,10,46,76,156000,144444,42571,225694,412710,264.557692,92.592308,20260511_FWD_LIFESAVING_CreativeFortunePlusII_PREMIUM1300_MONTHLY_10pay.pdf
2026-05-11,FWD,fwd_creative_fortune_plus_ii,創逸致富(豐裕版) II 保險計劃,life-savings,10Y_MONTHLY,MONTHLY,10,47,77,156000,144444,46489,233432,424366,272.029487,92.592308,20260511_FWD_LIFESAVING_CreativeFortunePlusII_PREMIUM1300_MONTHLY_10pay.pdf
2026-05-11,FWD,fwd_creative_fortune_plus_ii,創逸致富(豐裕版) II 保險計劃,life-savings,10Y_MONTHLY,MONTHLY,10,48,78,156000,144444,50812,239881,435137,278.933974,92.592308,20260511_FWD_LIFESAVING_CreativeFortunePlusII_PREMIUM1300_MONTHLY_10pay.pdf
2026-05-11,FWD,fwd_creative_fortune_plus_ii,創逸致富(豐裕版) II 保險計劃,life-savings,10Y_MONTHLY,MONTHLY,10,49,79,156000,144444,55554,246329,446328,286.107692,92.592308,20260511_FWD_LIFESAVING_CreativeFortunePlusII_PREMIUM1300_MONTHLY_10pay.pdf
2026-05-11,FWD,fwd_creative_fortune_plus_ii,創逸致富(豐裕版) II 保險計劃,life-savings,10Y_MONTHLY,MONTHLY,10,50,80,156000,144444,60604,251488,456537,292.651923,92.592308,20260511_FWD_LIFESAVING_CreativeFortunePlusII_PREMIUM1300_MONTHLY_10pay.pdf
2026-05-11,FWD,fwd_creative_fortune_plus_ii,創逸致富(豐裕版) II 保險計劃,life-savings,10Y_MONTHLY,MONTHLY,10,51,81,156000,144444,65972,257936,468353,300.226282,92.592308,20260511_FWD_LIFESAVING_CreativeFortunePlusII_PREMIUM1300_MONTHLY_10pay.pdf
2026-05-11,FWD,fwd_creative_fortune_plus_ii,創逸致富(豐裕版) II 保險計劃,life-savings,10Y_MONTHLY,MONTHLY,10,52,82,156000,144444,71541,264385,480371,307.930128,92.592308,20260511_FWD_LIFESAVING_CreativeFortunePlusII_PREMIUM1300_MONTHLY_10pay.pdf
2026-05-11,FWD,fwd_creative_fortune_plus_ii,創逸致富(豐裕版) II 保險計劃,life-savings,10Y_MONTHLY,MONTHLY,10,53,83,156000,144444,77319,270833,492597,315.767308,92.592308,20260511_FWD_LIFESAVING_CreativeFortunePlusII_PREMIUM1300_MONTHLY_10pay.pdf
2026-05-11,FWD,fwd_creative_fortune_plus_ii,創逸致富(豐裕版) II 保險計劃,life-savings,10Y_MONTHLY,MONTHLY,10,54,84,156000,144444,83314,277281,505040,323.74359,92.592308,20260511_FWD_LIFESAVING_CreativeFortunePlusII_PREMIUM1300_MONTHLY_10pay.pdf
2026-05-11,FWD,fwd_creative_fortune_plus_ii,創逸致富(豐裕版) II 保險計劃,life-savings,10Y_MONTHLY,MONTHLY,10,55,85,156000,144444,89533,285019,518998,332.691026,92.592308,20260511_FWD_LIFESAVING_CreativeFortunePlusII_PREMIUM1300_MONTHLY_10pay.pdf
2026-05-11,FWD,fwd_creative_fortune_plus_ii,創逸致富(豐裕版) II 保險計劃,life-savings,10Y_MONTHLY,MONTHLY,10,56,86,156000,144444,95986,291468,531899,340.960897,92.592308,20260511_FWD_LIFESAVING_CreativeFortunePlusII_PREMIUM1300_MONTHLY_10pay.pdf
2026-05-11,FWD,fwd_creative_fortune_plus_ii,創逸致富(豐裕版) II 保險計劃,life-savings,10Y_MONTHLY,MONTHLY,10,57,87,156000,144444,102681,297916,545042,349.385897,92.592308,20260511_FWD_LIFESAVING_CreativeFortunePlusII_PREMIUM1300_MONTHLY_10pay.pdf
2026-05-11,FWD,fwd_creative_fortune_plus_ii,創逸致富(豐裕版) II 保險計劃,life-savings,10Y_MONTHLY,MONTHLY,10,58,88,156000,144444,109627,305654,559726,358.798718,92.592308,20260511_FWD_LIFESAVING_CreativeFortunePlusII_PREMIUM1300_MONTHLY_10pay.pdf
2026-05-11,FWD,fwd_creative_fortune_plus_ii,創逸致富(豐裕版) II 保險計劃,life-savings,10Y_MONTHLY,MONTHLY,10,59,89,156000,144444,116833,312103,573381,367.551923,92.592308,20260511_FWD_LIFESAVING_CreativeFortunePlusII_PREMIUM1300_MONTHLY_10pay.pdf
2026-05-11,FWD,fwd_creative_fortune_plus_ii,創逸致富(豐裕版) II 保險計劃,life-savings,10Y_MONTHLY,MONTHLY,10,60,90,156000,144444,124309,319841,588595,377.304487,92.592308,20260511_FWD_LIFESAVING_CreativeFortunePlusII_PREMIUM1300_MONTHLY_10pay.pdf
2026-05-11,FWD,fwd_creative_fortune_plus_ii,創逸致富(豐裕版) II 保險計劃,life-savings,10Y_MONTHLY,MONTHLY,10,61,91,156000,144444,132066,326289,602801,386.410897,92.592308,20260511_FWD_LIFESAVING_CreativeFortunePlusII_PREMIUM1300_MONTHLY_10pay.pdf
2026-05-11,FWD,fwd_creative_fortune_plus_ii,創逸致富(豐裕版) II 保險計劃,life-savings,10Y_MONTHLY,MONTHLY,10,62,92,156000,144444,140114,334027,618586,396.529487,92.592308,20260511_FWD_LIFESAVING_CreativeFortunePlusII_PREMIUM1300_MONTHLY_10pay.pdf
2026-05-11,FWD,fwd_creative_fortune_plus_ii,創逸致富(豐裕版) II 保險計劃,life-savings,10Y_MONTHLY,MONTHLY,10,63,93,156000,144444,148464,341765,634674,406.842308,92.592308,20260511_FWD_LIFESAVING_CreativeFortunePlusII_PREMIUM1300_MONTHLY_10pay.pdf
2026-05-11,FWD,fwd_creative_fortune_plus_ii,創逸致富(豐裕版) II 保險計劃,life-savings,10Y_MONTHLY,MONTHLY,10,64,94,156000,144444,157126,349504,651075,417.355769,92.592308,20260511_FWD_LIFESAVING_CreativeFortunePlusII_PREMIUM1300_MONTHLY_10pay.pdf
2026-05-11,FWD,fwd_creative_fortune_plus_ii,創逸致富(豐裕版) II 保險計劃,life-savings,10Y_MONTHLY,MONTHLY,10,65,95,156000,144444,166114,355952,666511,427.250641,92.592308,20260511_FWD_LIFESAVING_CreativeFortunePlusII_PREMIUM1300_MONTHLY_10pay.pdf
2026-05-11,FWD,fwd_creative_fortune_plus_ii,創逸致富(豐裕版) II 保險計劃,life-savings,10Y_MONTHLY,MONTHLY,10,66,96,156000,144444,175438,363690,683573,438.187821,92.592308,20260511_FWD_LIFESAVING_CreativeFortunePlusII_PREMIUM1300_MONTHLY_10pay.pdf
2026-05-11,FWD,fwd_creative_fortune_plus_ii,創逸致富(豐裕版) II 保險計劃,life-savings,10Y_MONTHLY,MONTHLY,10,67,97,156000,144444,185112,371428,700986,449.35,92.592308,20260511_FWD_LIFESAVING_CreativeFortunePlusII_PREMIUM1300_MONTHLY_10pay.pdf
2026-05-11,FWD,fwd_creative_fortune_plus_ii,創逸致富(豐裕版) II 保險計劃,life-savings,10Y_MONTHLY,MONTHLY,10,68,98,156000,144444,195149,380456,720050,461.570513,92.592308,20260511_FWD_LIFESAVING_CreativeFortunePlusII_PREMIUM1300_MONTHLY_10pay.pdf
2026-05-11,FWD,fwd_creative_fortune_plus_ii,創逸致富(豐裕版) II 保險計劃,life-savings,10Y_MONTHLY,MONTHLY,10,69,99,156000,144444,205563,388194,738202,473.20641,92.592308,20260511_FWD_LIFESAVING_CreativeFortunePlusII_PREMIUM1300_MONTHLY_10pay.pdf
2026-05-11,FWD,fwd_creative_fortune_plus_ii,創逸致富(豐裕版) II 保險計劃,life-savings,10Y_MONTHLY,MONTHLY,10,70,100,156000,144444,216496,395932,756873,485.175,92.592308,20260511_FWD_LIFESAVING_CreativeFortunePlusII_PREMIUM1300_MONTHLY_10pay.pdf
2026-05-11,FWD,fwd_creative_fortune_plus_ii,創逸致富(豐裕版) II 保險計劃,life-savings,10Y_MONTHLY,MONTHLY,10,71,101,156000,144444,228354,403670,776469,497.736538,92.592308,20260511_FWD_LIFESAVING_CreativeFortunePlusII_PREMIUM1300_MONTHLY_10pay.pdf
2026-05-11,FWD,fwd_creative_fortune_plus_ii,創逸致富(豐裕版) II 保險計劃,life-savings,10Y_MONTHLY,MONTHLY,10,72,102,156000,144444,240658,410119,795221,509.757051,92.592308,20260511_FWD_LIFESAVING_CreativeFortunePlusII_PREMIUM1300_MONTHLY_10pay.pdf
2026-05-11,FWD,fwd_creative_fortune_plus_ii,創逸致富(豐裕版) II 保險計劃,life-savings,10Y_MONTHLY,MONTHLY,10,73,103,156000,144444,253422,417857,815724,522.9,92.592308,20260511_FWD_LIFESAVING_CreativeFortunePlusII_PREMIUM1300_MONTHLY_10pay.pdf
2026-05-11,FWD,fwd_creative_fortune_plus_ii,創逸致富(豐裕版) II 保險計劃,life-savings,10Y_MONTHLY,MONTHLY,10,74,104,156000,144444,266666,425595,836706,536.35,92.592308,20260511_FWD_LIFESAVING_CreativeFortunePlusII_PREMIUM1300_MONTHLY_10pay.pdf
2026-05-11,FWD,fwd_creative_fortune_plus_ii,創逸致富(豐裕版) II 保險計劃,life-savings,10Y_MONTHLY,MONTHLY,10,75,105,156000,144444,280406,433333,858184,550.117949,92.592308,20260511_FWD_LIFESAVING_CreativeFortunePlusII_PREMIUM1300_MONTHLY_10pay.pdf
2026-05-11,FWD,fwd_creative_fortune_plus_ii,創逸致富(豐裕版) II 保險計劃,life-savings,10Y_MONTHLY,MONTHLY,10,76,106,156000,144444,294661,441071,880177,564.216026,92.592308,20260511_FWD_LIFESAVING_CreativeFortunePlusII_PREMIUM1300_MONTHLY_10pay.pdf
2026-05-11,FWD,fwd_creative_fortune_plus_ii,創逸致富(豐裕版) II 保險計劃,life-savings,10Y_MONTHLY,MONTHLY,10,77,107,156000,144444,309451,448809,902705,578.657051,92.592308,20260511_FWD_LIFESAVING_CreativeFortunePlusII_PREMIUM1300_MONTHLY_10pay.pdf
2026-05-11,FWD,fwd_creative_fortune_plus_ii,創逸致富(豐裕版) II 保險計劃,life-savings,10Y_MONTHLY,MONTHLY,10,78,108,156000,144444,324796,456547,925788,593.453846,92.592308,20260511_FWD_LIFESAVING_CreativeFortunePlusII_PREMIUM1300_MONTHLY_10pay.pdf
2026-05-11,FWD,fwd_creative_fortune_plus_ii,創逸致富(豐裕版) II 保險計劃,life-savings,10Y_MONTHLY,MONTHLY,10,79,109,156000,144444,340716,464285,949446,608.619231,92.592308,20260511_FWD_LIFESAVING_CreativeFortunePlusII_PREMIUM1300_MONTHLY_10pay.pdf
2026-05-11,FWD,fwd_creative_fortune_plus_ii,創逸致富(豐裕版) II 保險計劃,life-savings,10Y_MONTHLY,MONTHLY,10,80,110,156000,144444,357232,472023,973701,624.167308,92.592308,20260511_FWD_LIFESAVING_CreativeFortunePlusII_PREMIUM1300_MONTHLY_10pay.pdf
2026-05-11,FWD,fwd_creative_fortune_plus_ii,創逸致富(豐裕版) II 保險計劃,life-savings,10Y_MONTHLY,MONTHLY,10,81,111,156000,144444,374369,479762,998575,640.112179,92.592308,20260511_FWD_LIFESAVING_CreativeFortunePlusII_PREMIUM1300_MONTHLY_10pay.pdf
2026-05-11,FWD,fwd_creative_fortune_plus_ii,創逸致富(豐裕版) II 保險計劃,life-savings,10Y_MONTHLY,MONTHLY,10,82,112,156000,144444,392148,487500,1024092,656.469231,92.592308,20260511_FWD_LIFESAVING_CreativeFortunePlusII_PREMIUM1300_MONTHLY_10pay.pdf
2026-05-11,FWD,fwd_creative_fortune_plus_ii,創逸致富(豐裕版) II 保險計劃,life-savings,10Y_MONTHLY,MONTHLY,10,83,113,156000,144444,410593,495238,1050276,673.253846,92.592308,20260511_FWD_LIFESAVING_CreativeFortunePlusII_PREMIUM1300_MONTHLY_10pay.pdf
2026-05-11,FWD,fwd_creative_fortune_plus_ii,創逸致富(豐裕版) II 保險計劃,life-savings,10Y_MONTHLY,MONTHLY,10,84,114,156000,144444,429731,502976,1077152,690.482051,92.592308,20260511_FWD_LIFESAVING_CreativeFortunePlusII_PREMIUM1300_MONTHLY_10pay.pdf
2026-05-11,FWD,fwd_creative_fortune_plus_ii,創逸致富(豐裕版) II 保險計劃,life-savings,10Y_MONTHLY,MONTHLY,10,85,115,156000,144444,449586,510714,1104745,708.169872,92.592308,20260511_FWD_LIFESAVING_CreativeFortunePlusII_PREMIUM1300_MONTHLY_10pay.pdf
2026-05-11,FWD,fwd_creative_fortune_plus_ii,創逸致富(豐裕版) II 保險計劃,life-savings,10Y_MONTHLY,MONTHLY,10,86,116,156000,144444,470185,518452,1133082,726.334615,92.592308,20260511_FWD_LIFESAVING_CreativeFortunePlusII_PREMIUM1300_MONTHLY_10pay.pdf
2026-05-11,FWD,fwd_creative_fortune_plus_ii,創逸致富(豐裕版) II 保險計劃,life-savings,10Y_MONTHLY,MONTHLY,10,87,117,156000,144444,491557,524900,1160903,744.16859,92.592308,20260511_FWD_LIFESAVING_CreativeFortunePlusII_PREMIUM1300_MONTHLY_10pay.pdf
2026-05-11,FWD,fwd_creative_fortune_plus_ii,創逸致富(豐裕版) II 保險計劃,life-savings,10Y_MONTHLY,MONTHLY,10,88,118,156000,144444,513731,532639,1190814,763.342308,92.592308,20260511_FWD_LIFESAVING_CreativeFortunePlusII_PREMIUM1300_MONTHLY_10pay.pdf
2026-05-11,FWD,fwd_creative_fortune_plus_ii,創逸致富(豐裕版) II 保險計劃,life-savings,10Y_MONTHLY,MONTHLY,10,89,119,156000,144444,536736,540377,1221557,783.049359,92.592308,20260511_FWD_LIFESAVING_CreativeFortunePlusII_PREMIUM1300_MONTHLY_10pay.pdf
2026-05-11,FWD,fwd_creative_fortune_plus_ii,創逸致富(豐裕版) II 保險計劃,life-savings,10Y_MONTHLY,MONTHLY,10,90,120,156000,144444,560732,548115,1253292,803.392308,92.592308,20260511_FWD_LIFESAVING_CreativeFortunePlusII_PREMIUM1300_MONTHLY_10pay.pdf
2026-05-11,FWD,fwd_creative_fortune_plus_ii,創逸致富(豐裕版) II 保險計劃,life-savings,10Y_ANNUAL,ANNUAL,10,1,31,15599,0,139,0,139,0.891083,0.0,20260511_FWD_LIFESAVING_CreativeFortunePlusII_PREMIUM15600_ANNUAL_10pay.pdf
2026-05-11,FWD,fwd_creative_fortune_plus_ii,創逸致富(豐裕版) II 保險計劃,life-savings,10Y_ANNUAL,ANNUAL,10,2,32,31199,2813,283,0,3097,9.9266,9.016315,20260511_FWD_LIFESAVING_CreativeFortunePlusII_PREMIUM15600_ANNUAL_10pay.pdf
2026-05-11,FWD,fwd_creative_fortune_plus_ii,創逸致富(豐裕版) II 保險計劃,life-savings,10Y_ANNUAL,ANNUAL,10,3,33,46799,8426,433,9749,18610,39.765807,18.004658,20260511_FWD_LIFESAVING_CreativeFortunePlusII_PREMIUM15600_ANNUAL_10pay.pdf
2026-05-11,FWD,fwd_creative_fortune_plus_ii,創逸致富(豐裕版) II 保險計劃,life-savings,10Y_ANNUAL,ANNUAL,10,4,34,62399,16853,589,9749,27192,43.577621,27.008446,20260511_FWD_LIFESAVING_CreativeFortunePlusII_PREMIUM15600_ANNUAL_10pay.pdf
2026-05-11,FWD,fwd_creative_fortune_plus_ii,創逸致富(豐裕版) II 保險計劃,life-savings,10Y_ANNUAL,ANNUAL,10,5,35,77999,28079,750,9749,38580,49.462173,35.999179,20260511_FWD_LIFESAVING_CreativeFortunePlusII_PREMIUM15600_ANNUAL_10pay.pdf
2026-05-11,FWD,fwd_creative_fortune_plus_ii,創逸致富(豐裕版) II 保險計劃,life-savings,10Y_ANNUAL,ANNUAL,10,6,36,93599,42119,918,9749,52788,56.398038,44.999412,20260511_FWD_LIFESAVING_CreativeFortunePlusII_PREMIUM15600_ANNUAL_10pay.pdf
2026-05-11,FWD,fwd_creative_fortune_plus_ii,創逸致富(豐裕版) II 保險計劃,life-savings,10Y_ANNUAL,ANNUAL,10,7,37,109199,58973,1091,9749,69815,63.933736,54.005073,20260511_FWD_LIFESAVING_CreativeFortunePlusII_PREMIUM15600_ANNUAL_10pay.pdf
2026-05-11,FWD,fwd_creative_fortune_plus_ii,創逸致富(豐裕版) II 保險計劃,life-savings,10Y_ANNUAL,ANNUAL,10,8,38,124799,78626,1272,9749,89648,71.833909,63.002107,20260511_FWD_LIFESAVING_CreativeFortunePlusII_PREMIUM15600_ANNUAL_10pay.pdf
2026-05-11,FWD,fwd_creative_fortune_plus_ii,創逸致富(豐裕版) II 保險計劃,life-savings,10Y_ANNUAL,ANNUAL,10,9,39,140399,101093,1459,9749,112302,79.987749,72.004074,20260511_FWD_LIFESAVING_CreativeFortunePlusII_PREMIUM15600_ANNUAL_10pay.pdf
2026-05-11,FWD,fwd_creative_fortune_plus_ii,創逸致富(豐裕版) II 保險計劃,life-savings,10Y_ANNUAL,ANNUAL,10,10,40,155999,127919,1653,9749,139323,89.310188,81.999885,20260511_FWD_LIFESAVING_CreativeFortunePlusII_PREMIUM15600_ANNUAL_10pay.pdf
2026-05-11,FWD,fwd_creative_fortune_plus_ii,創逸致富(豐裕版) II 保險計劃,life-savings,10Y_ANNUAL,ANNUAL,10,11,41,155999,127919,1854,9749,139524,89.439035,81.999885,20260511_FWD_LIFESAVING_CreativeFortunePlusII_PREMIUM15600_ANNUAL_10pay.pdf
2026-05-11,FWD,fwd_creative_fortune_plus_ii,創逸致富(豐裕版) II 保險計劃,life-savings,10Y_ANNUAL,ANNUAL,10,12,42,155999,127919,2063,9749,139733,89.57301,81.999885,20260511_FWD_LIFESAVING_CreativeFortunePlusII_PREMIUM15600_ANNUAL_10pay.pdf
2026-05-11,FWD,fwd_creative_fortune_plus_ii,創逸致富(豐裕版) II 保險計劃,life-savings,10Y_ANNUAL,ANNUAL,10,13,43,155999,127919,2279,33428,163628,104.890416,81.999885,20260511_FWD_LIFESAVING_CreativeFortunePlusII_PREMIUM15600_ANNUAL_10pay.pdf
2026-05-11,FWD,fwd_creative_fortune_plus_ii,創逸致富(豐裕版) II 保險計劃,life-savings,10Y_ANNUAL,ANNUAL,10,14,44,155999,127919,2504,34821,165245,105.926961,81.999885,20260511_FWD_LIFESAVING_CreativeFortunePlusII_PREMIUM15600_ANNUAL_10pay.pdf
2026-05-11,FWD,fwd_creative_fortune_plus_ii,創逸致富(豐裕版) II 保險計劃,life-savings,10Y_ANNUAL,ANNUAL,10,15,45,155999,127919,2737,37607,168264,107.86223,81.999885,20260511_FWD_LIFESAVING_CreativeFortunePlusII_PREMIUM15600_ANNUAL_10pay.pdf
2026-05-11,FWD,fwd_creative_fortune_plus_ii,創逸致富(豐裕版) II 保險計劃,life-savings,10Y_ANNUAL,ANNUAL,10,16,46,155999,127919,2979,41785,172685,110.696222,81.999885,20260511_FWD_LIFESAVING_CreativeFortunePlusII_PREMIUM15600_ANNUAL_10pay.pdf
2026-05-11,FWD,fwd_creative_fortune_plus_ii,創逸致富(豐裕版) II 保險計劃,life-savings,10Y_ANNUAL,ANNUAL,10,17,47,155999,127919,3230,45964,177114,113.535343,81.999885,20260511_FWD_LIFESAVING_CreativeFortunePlusII_PREMIUM15600_ANNUAL_10pay.pdf
2026-05-11,FWD,fwd_creative_fortune_plus_ii,創逸致富(豐裕版) II 保險計劃,life-savings,10Y_ANNUAL,ANNUAL,10,18,48,155999,127919,3491,50142,181554,116.381515,81.999885,20260511_FWD_LIFESAVING_CreativeFortunePlusII_PREMIUM15600_ANNUAL_10pay.pdf
2026-05-11,FWD,fwd_creative_fortune_plus_ii,創逸致富(豐裕版) II 保險計劃,life-savings,10Y_ANNUAL,ANNUAL,10,19,49,155999,127919,3761,55714,187395,120.12577,81.999885,20260511_FWD_LIFESAVING_CreativeFortunePlusII_PREMIUM15600_ANNUAL_10pay.pdf
2026-05-11,FWD,fwd_creative_fortune_plus_ii,創逸致富(豐裕版) II 保險計劃,life-savings,10Y_ANNUAL,ANNUAL,10,20,50,155999,127919,4180,61285,193386,123.966179,81.999885,20260511_FWD_LIFESAVING_CreativeFortunePlusII_PREMIUM15600_ANNUAL_10pay.pdf
2026-05-11,FWD,fwd_creative_fortune_plus_ii,創逸致富(豐裕版) II 保險計劃,life-savings,10Y_ANNUAL,ANNUAL,10,21,51,155999,127919,4616,65464,198000,126.923891,81.999885,20260511_FWD_LIFESAVING_CreativeFortunePlusII_PREMIUM15600_ANNUAL_10pay.pdf
2026-05-11,FWD,fwd_creative_fortune_plus_ii,創逸致富(豐裕版) II 保險計劃,life-savings,10Y_ANNUAL,ANNUAL,10,22,52,155999,127919,5068,71035,204023,130.784813,81.999885,20260511_FWD_LIFESAVING_CreativeFortunePlusII_PREMIUM15600_ANNUAL_10pay.pdf
2026-05-11,FWD,fwd_creative_fortune_plus_ii,創逸致富(豐裕版) II 保險計劃,life-savings,10Y_ANNUAL,ANNUAL,10,23,53,155999,127919,5536,75214,208670,133.763678,81.999885,20260511_FWD_LIFESAVING_CreativeFortunePlusII_PREMIUM15600_ANNUAL_10pay.pdf
2026-05-11,FWD,fwd_creative_fortune_plus_ii,創逸致富(豐裕版) II 保險計劃,life-savings,10Y_ANNUAL,ANNUAL,10,24,54,155999,127919,6022,80785,214728,137.647036,81.999885,20260511_FWD_LIFESAVING_CreativeFortunePlusII_PREMIUM15600_ANNUAL_10pay.pdf
2026-05-11,FWD,fwd_creative_fortune_plus_ii,創逸致富(豐裕版) II 保險計劃,life-savings,10Y_ANNUAL,ANNUAL,10,25,55,155999,155999,6527,80785,243312,155.970231,100.0,20260511_FWD_LIFESAVING_CreativeFortunePlusII_PREMIUM15600_ANNUAL_10pay.pdf
2026-05-11,FWD,fwd_creative_fortune_plus_ii,創逸致富(豐裕版) II 保險計劃,life-savings,10Y_ANNUAL,ANNUAL,10,26,56,155999,155999,7050,80785,243836,156.30613,100.0,20260511_FWD_LIFESAVING_CreativeFortunePlusII_PREMIUM15600_ANNUAL_10pay.pdf
2026-05-11,FWD,fwd_creative_fortune_plus_ii,創逸致富(豐裕版) II 保險計劃,life-savings,10Y_ANNUAL,ANNUAL,10,27,57,155999,155999,7593,80785,244379,156.654209,100.0,20260511_FWD_LIFESAVING_CreativeFortunePlusII_PREMIUM15600_ANNUAL_10pay.pdf
2026-05-11,FWD,fwd_creative_fortune_plus_ii,創逸致富(豐裕版) II 保險計劃,life-savings,10Y_ANNUAL,ANNUAL,10,28,58,155999,155999,8156,80785,244942,157.015109,100.0,20260511_FWD_LIFESAVING_CreativeFortunePlusII_PREMIUM15600_ANNUAL_10pay.pdf
2026-05-11,FWD,fwd_creative_fortune_plus_ii,創逸致富(豐裕版) II 保險計劃,life-savings,10Y_ANNUAL,ANNUAL,10,29,59,155999,155999,8741,89142,253884,162.747197,100.0,20260511_FWD_LIFESAVING_CreativeFortunePlusII_PREMIUM15600_ANNUAL_10pay.pdf
2026-05-11,FWD,fwd_creative_fortune_plus_ii,創逸致富(豐裕版) II 保險計劃,life-savings,10Y_ANNUAL,ANNUAL,10,30,60,155999,155999,9487,97499,262987,168.582491,100.0,20260511_FWD_LIFESAVING_CreativeFortunePlusII_PREMIUM15600_ANNUAL_10pay.pdf
2026-05-11,FWD,fwd_creative_fortune_plus_ii,創逸致富(豐裕版) II 保險計劃,life-savings,10Y_ANNUAL,ANNUAL,10,31,61,155999,155999,10539,103071,269610,172.828031,100.0,20260511_FWD_LIFESAVING_CreativeFortunePlusII_PREMIUM15600_ANNUAL_10pay.pdf
2026-05-11,FWD,fwd_creative_fortune_plus_ii,創逸致富(豐裕版) II 保險計劃,life-savings,10Y_ANNUAL,ANNUAL,10,32,62,155999,155999,11770,110035,277805,178.08127,100.0,20260511_FWD_LIFESAVING_CreativeFortunePlusII_PREMIUM15600_ANNUAL_10pay.pdf
2026-05-11,FWD,fwd_creative_fortune_plus_ii,創逸致富(豐裕版) II 保險計劃,life-savings,10Y_ANNUAL,ANNUAL,10,33,63,155999,155999,13047,116999,286047,183.364637,100.0,20260511_FWD_LIFESAVING_CreativeFortunePlusII_PREMIUM15600_ANNUAL_10pay.pdf
2026-05-11,FWD,fwd_creative_fortune_plus_ii,創逸致富(豐裕版) II 保險計劃,life-savings,10Y_ANNUAL,ANNUAL,10,34,64,155999,155999,14511,123964,294475,188.767236,100.0,20260511_FWD_LIFESAVING_CreativeFortunePlusII_PREMIUM15600_ANNUAL_10pay.pdf
2026-05-11,FWD,fwd_creative_fortune_plus_ii,創逸致富(豐裕版) II 保險計劃,life-savings,10Y_ANNUAL,ANNUAL,10,35,65,155999,155999,16170,130928,303098,194.294835,100.0,20260511_FWD_LIFESAVING_CreativeFortunePlusII_PREMIUM15600_ANNUAL_10pay.pdf
2026-05-11,FWD,fwd_creative_fortune_plus_ii,創逸致富(豐裕版) II 保險計劃,life-savings,10Y_ANNUAL,ANNUAL,10,36,66,155999,155999,17890,143464,317354,203.433355,100.0,20260511_FWD_LIFESAVING_CreativeFortunePlusII_PREMIUM15600_ANNUAL_10pay.pdf
2026-05-11,FWD,fwd_creative_fortune_plus_ii,創逸致富(豐裕版) II 保險計劃,life-savings,10Y_ANNUAL,ANNUAL,10,37,67,155999,155999,19815,151821,327636,210.024423,100.0,20260511_FWD_LIFESAVING_CreativeFortunePlusII_PREMIUM15600_ANNUAL_10pay.pdf
2026-05-11,FWD,fwd_creative_fortune_plus_ii,創逸致富(豐裕版) II 保險計劃,life-savings,10Y_ANNUAL,ANNUAL,10,38,68,155999,155999,21951,160178,338129,216.750748,100.0,20260511_FWD_LIFESAVING_CreativeFortunePlusII_PREMIUM15600_ANNUAL_10pay.pdf
2026-05-11,FWD,fwd_creative_fortune_plus_ii,創逸致富(豐裕版) II 保險計劃,life-savings,10Y_ANNUAL,ANNUAL,10,39,69,155999,155999,24306,169928,350234,224.510414,100.0,20260511_FWD_LIFESAVING_CreativeFortunePlusII_PREMIUM15600_ANNUAL_10pay.pdf
2026-05-11,FWD,fwd_creative_fortune_plus_ii,創逸致富(豐裕版) II 保險計劃,life-savings,10Y_ANNUAL,ANNUAL,10,40,70,155999,155999,26889,178285,361174,231.523279,100.0,20260511_FWD_LIFESAVING_CreativeFortunePlusII_PREMIUM15600_ANNUAL_10pay.pdf
2026-05-11,FWD,fwd_creative_fortune_plus_ii,創逸致富(豐裕版) II 保險計劃,life-savings,10Y_ANNUAL,ANNUAL,10,41,71,155999,155999,29569,188035,373604,239.491279,100.0,20260511_FWD_LIFESAVING_CreativeFortunePlusII_PREMIUM15600_ANNUAL_10pay.pdf
2026-05-11,FWD,fwd_creative_fortune_plus_ii,創逸致富(豐裕版) II 保險計劃,life-savings,10Y_ANNUAL,ANNUAL,10,42,72,155999,155999,32349,199178,387527,248.416336,100.0,20260511_FWD_LIFESAVING_CreativeFortunePlusII_PREMIUM15600_ANNUAL_10pay.pdf
2026-05-11,FWD,fwd_creative_fortune_plus_ii,創逸致富(豐裕版) II 保險計劃,life-savings,10Y_ANNUAL,ANNUAL,10,43,73,155999,155999,35233,208928,400162,256.515747,100.0,20260511_FWD_LIFESAVING_CreativeFortunePlusII_PREMIUM15600_ANNUAL_10pay.pdf
2026-05-11,FWD,fwd_creative_fortune_plus_ii,創逸致富(豐裕版) II 保險計劃,life-savings,10Y_ANNUAL,ANNUAL,10,44,74,155999,155999,38365,221464,415830,266.559401,100.0,20260511_FWD_LIFESAVING_CreativeFortunePlusII_PREMIUM15600_ANNUAL_10pay.pdf
2026-05-11,FWD,fwd_creative_fortune_plus_ii,創逸致富(豐裕版) II 保險計劃,life-savings,10Y_ANNUAL,ANNUAL,10,45,75,155999,155999,42033,232607,430640,276.053052,100.0,20260511_FWD_LIFESAVING_CreativeFortunePlusII_PREMIUM15600_ANNUAL_10pay.pdf
2026-05-11,FWD,fwd_creative_fortune_plus_ii,創逸致富(豐裕版) II 保險計劃,life-savings,10Y_ANNUAL,ANNUAL,10,46,76,155999,155999,45977,243749,445727,285.724267,100.0,20260511_FWD_LIFESAVING_CreativeFortunePlusII_PREMIUM15600_ANNUAL_10pay.pdf
2026-05-11,FWD,fwd_creative_fortune_plus_ii,創逸致富(豐裕版) II 保險計劃,life-savings,10Y_ANNUAL,ANNUAL,10,47,77,155999,155999,50208,252107,458315,293.79355,100.0,20260511_FWD_LIFESAVING_CreativeFortunePlusII_PREMIUM15600_ANNUAL_10pay.pdf
2026-05-11,FWD,fwd_creative_fortune_plus_ii,創逸致富(豐裕版) II 保險計劃,life-savings,10Y_ANNUAL,ANNUAL,10,48,78,155999,155999,54877,259071,469948,301.250649,100.0,20260511_FWD_LIFESAVING_CreativeFortunePlusII_PREMIUM15600_ANNUAL_10pay.pdf
2026-05-11,FWD,fwd_creative_fortune_plus_ii,創逸致富(豐裕版) II 保險計劃,life-savings,10Y_ANNUAL,ANNUAL,10,49,79,155999,155999,59999,266035,482034,308.998135,100.0,20260511_FWD_LIFESAVING_CreativeFortunePlusII_PREMIUM15600_ANNUAL_10pay.pdf
2026-05-11,FWD,fwd_creative_fortune_plus_ii,創逸致富(豐裕版) II 保險計劃,life-savings,10Y_ANNUAL,ANNUAL,10,50,80,155999,155999,65452,271607,493059,316.065488,100.0,20260511_FWD_LIFESAVING_CreativeFortunePlusII_PREMIUM15600_ANNUAL_10pay.pdf
2026-05-11,FWD,fwd_creative_fortune_plus_ii,創逸致富(豐裕版) II 保險計劃,life-savings,10Y_ANNUAL,ANNUAL,10,51,81,155999,155999,71250,278571,505821,324.246309,100.0,20260511_FWD_LIFESAVING_CreativeFortunePlusII_PREMIUM15600_ANNUAL_10pay.pdf
2026-05-11,FWD,fwd_creative_fortune_plus_ii,創逸致富(豐裕版) II 保險計劃,life-savings,10Y_ANNUAL,ANNUAL,10,52,82,155999,155999,77264,285535,518800,332.566234,100.0,20260511_FWD_LIFESAVING_CreativeFortunePlusII_PREMIUM15600_ANNUAL_10pay.pdf
2026-05-11,FWD,fwd_creative_fortune_plus_ii,創逸致富(豐裕版) II 保險計劃,life-savings,10Y_ANNUAL,ANNUAL,10,53,83,155999,155999,83505,292499,532005,341.031032,100.0,20260511_FWD_LIFESAVING_CreativeFortunePlusII_PREMIUM15600_ANNUAL_10pay.pdf
2026-05-11,FWD,fwd_creative_fortune_plus_ii,創逸致富(豐裕版) II 保險計劃,life-savings,10Y_ANNUAL,ANNUAL,10,54,84,155999,155999,89979,299464,545443,349.64519,100.0,20260511_FWD_LIFESAVING_CreativeFortunePlusII_PREMIUM15600_ANNUAL_10pay.pdf
2026-05-11,FWD,fwd_creative_fortune_plus_ii,創逸致富(豐裕版) II 保險計劃,life-savings,10Y_ANNUAL,ANNUAL,10,55,85,155999,155999,96696,307821,560517,359.308072,100.0,20260511_FWD_LIFESAVING_CreativeFortunePlusII_PREMIUM15600_ANNUAL_10pay.pdf
2026-05-11,FWD,fwd_creative_fortune_plus_ii,創逸致富(豐裕版) II 保險計劃,life-savings,10Y_ANNUAL,ANNUAL,10,56,86,155999,155999,103665,314785,574451,368.240181,100.0,20260511_FWD_LIFESAVING_CreativeFortunePlusII_PREMIUM15600_ANNUAL_10pay.pdf
2026-05-11,FWD,fwd_creative_fortune_plus_ii,創逸致富(豐裕版) II 保險計劃,life-savings,10Y_ANNUAL,ANNUAL,10,57,87,155999,155999,110895,321749,588645,377.338957,100.0,20260511_FWD_LIFESAVING_CreativeFortunePlusII_PREMIUM15600_ANNUAL_10pay.pdf
2026-05-11,FWD,fwd_creative_fortune_plus_ii,創逸致富(豐裕版) II 保險計劃,life-savings,10Y_ANNUAL,ANNUAL,10,58,88,155999,155999,118397,330107,604504,387.505048,100.0,20260511_FWD_LIFESAVING_CreativeFortunePlusII_PREMIUM15600_ANNUAL_10pay.pdf
2026-05-11,FWD,fwd_creative_fortune_plus_ii,創逸致富(豐裕版) II 保險計劃,life-savings,10Y_ANNUAL,ANNUAL,10,59,89,155999,155999,126180,337071,619251,396.958314,100.0,20260511_FWD_LIFESAVING_CreativeFortunePlusII_PREMIUM15600_ANNUAL_10pay.pdf
2026-05-11,FWD,fwd_creative_fortune_plus_ii,創逸致富(豐裕版) II 保險計劃,life-savings,10Y_ANNUAL,ANNUAL,10,60,90,155999,155999,134254,345428,635683,407.491715,100.0,20260511_FWD_LIFESAVING_CreativeFortunePlusII_PREMIUM15600_ANNUAL_10pay.pdf
2026-05-11,FWD,fwd_creative_fortune_plus_ii,創逸致富(豐裕版) II 保險計劃,life-savings,10Y_ANNUAL,ANNUAL,10,61,91,155999,155999,142632,352392,651024,417.325752,100.0,20260511_FWD_LIFESAVING_CreativeFortunePlusII_PREMIUM15600_ANNUAL_10pay.pdf
2026-05-11,FWD,fwd_creative_fortune_plus_ii,創逸致富(豐裕版) II 保險計劃,life-savings,10Y_ANNUAL,ANNUAL,10,62,92,155999,155999,151323,360749,668073,428.254668,100.0,20260511_FWD_LIFESAVING_CreativeFortunePlusII_PREMIUM15600_ANNUAL_10pay.pdf
2026-05-11,FWD,fwd_creative_fortune_plus_ii,創逸致富(豐裕版) II 保險計劃,life-savings,10Y_ANNUAL,ANNUAL,10,63,93,155999,155999,160341,369107,685448,439.39256,100.0,20260511_FWD_LIFESAVING_CreativeFortunePlusII_PREMIUM15600_ANNUAL_10pay.pdf
2026-05-11,FWD,fwd_creative_fortune_plus_ii,創逸致富(豐裕版) II 保險計劃,life-savings,10Y_ANNUAL,ANNUAL,10,64,94,155999,155999,169696,377464,703160,450.746479,100.0,20260511_FWD_LIFESAVING_CreativeFortunePlusII_PREMIUM15600_ANNUAL_10pay.pdf
2026-05-11,FWD,fwd_creative_fortune_plus_ii,創逸致富(豐裕版) II 保險計劃,life-savings,10Y_ANNUAL,ANNUAL,10,65,95,155999,155999,179403,384428,719831,461.433086,100.0,20260511_FWD_LIFESAVING_CreativeFortunePlusII_PREMIUM15600_ANNUAL_10pay.pdf
2026-05-11,FWD,fwd_creative_fortune_plus_ii,創逸致富(豐裕版) II 保險計劃,life-savings,10Y_ANNUAL,ANNUAL,10,66,96,155999,155999,189473,392785,738259,473.245982,100.0,20260511_FWD_LIFESAVING_CreativeFortunePlusII_PREMIUM15600_ANNUAL_10pay.pdf
2026-05-11,FWD,fwd_creative_fortune_plus_ii,創逸致富(豐裕版) II 保險計劃,life-savings,10Y_ANNUAL,ANNUAL,10,67,97,155999,155999,199921,401142,757064,485.300547,100.0,20260511_FWD_LIFESAVING_CreativeFortunePlusII_PREMIUM15600_ANNUAL_10pay.pdf
2026-05-11,FWD,fwd_creative_fortune_plus_ii,創逸致富(豐裕版) II 保險計劃,life-savings,10Y_ANNUAL,ANNUAL,10,68,98,155999,155999,210761,410892,777654,498.499349,100.0,20260511_FWD_LIFESAVING_CreativeFortunePlusII_PREMIUM15600_ANNUAL_10pay.pdf
2026-05-11,FWD,fwd_creative_fortune_plus_ii,創逸致富(豐裕版) II 保險計劃,life-savings,10Y_ANNUAL,ANNUAL,10,69,99,155999,155999,222008,419249,797258,511.066097,100.0,20260511_FWD_LIFESAVING_CreativeFortunePlusII_PREMIUM15600_ANNUAL_10pay.pdf
2026-05-11,FWD,fwd_creative_fortune_plus_ii,創逸致富(豐裕版) II 保險計劃,life-savings,10Y_ANNUAL,ANNUAL,10,70,100,155999,155999,233815,427607,817422,523.99182,100.0,20260511_FWD_LIFESAVING_CreativeFortunePlusII_PREMIUM15600_ANNUAL_10pay.pdf
2026-05-11,FWD,fwd_creative_fortune_plus_ii,創逸致富(豐裕版) II 保險計劃,life-savings,10Y_ANNUAL,ANNUAL,10,71,101,155999,155999,246622,435964,838587,537.559215,100.0,20260511_FWD_LIFESAVING_CreativeFortunePlusII_PREMIUM15600_ANNUAL_10pay.pdf
2026-05-11,FWD,fwd_creative_fortune_plus_ii,創逸致富(豐裕版) II 保險計劃,life-savings,10Y_ANNUAL,ANNUAL,10,72,102,155999,155999,259910,442928,858839,550.54135,100.0,20260511_FWD_LIFESAVING_CreativeFortunePlusII_PREMIUM15600_ANNUAL_10pay.pdf
2026-05-11,FWD,fwd_creative_fortune_plus_ii,創逸致富(豐裕版) II 保險計劃,life-savings,10Y_ANNUAL,ANNUAL,10,73,103,155999,155999,273696,451285,880982,564.735671,100.0,20260511_FWD_LIFESAVING_CreativeFortunePlusII_PREMIUM15600_ANNUAL_10pay.pdf
2026-05-11,FWD,fwd_creative_fortune_plus_ii,創逸致富(豐裕版) II 保險計劃,life-savings,10Y_ANNUAL,ANNUAL,10,74,104,155999,155999,287999,459642,903642,579.261406,100.0,20260511_FWD_LIFESAVING_CreativeFortunePlusII_PREMIUM15600_ANNUAL_10pay.pdf
2026-05-11,FWD,fwd_creative_fortune_plus_ii,創逸致富(豐裕版) II 保險計劃,life-savings,10Y_ANNUAL,ANNUAL,10,75,105,155999,155999,302838,467999,926838,594.130732,100.0,20260511_FWD_LIFESAVING_CreativeFortunePlusII_PREMIUM15600_ANNUAL_10pay.pdf
2026-05-11,FWD,fwd_creative_fortune_plus_ii,創逸致富(豐裕版) II 保險計劃,life-savings,10Y_ANNUAL,ANNUAL,10,76,106,155999,155999,318234,476357,950591,609.357111,100.0,20260511_FWD_LIFESAVING_CreativeFortunePlusII_PREMIUM15600_ANNUAL_10pay.pdf
2026-05-11,FWD,fwd_creative_fortune_plus_ii,創逸致富(豐裕版) II 保險計劃,life-savings,10Y_ANNUAL,ANNUAL,10,77,107,155999,155999,334207,484714,974921,624.953365,100.0,20260511_FWD_LIFESAVING_CreativeFortunePlusII_PREMIUM15600_ANNUAL_10pay.pdf
2026-05-11,FWD,fwd_creative_fortune_plus_ii,創逸致富(豐裕版) II 保險計劃,life-savings,10Y_ANNUAL,ANNUAL,10,78,108,155999,155999,350779,493071,999850,640.933596,100.0,20260511_FWD_LIFESAVING_CreativeFortunePlusII_PREMIUM15600_ANNUAL_10pay.pdf
2026-05-11,FWD,fwd_creative_fortune_plus_ii,創逸致富(豐裕版) II 保險計劃,life-savings,10Y_ANNUAL,ANNUAL,10,79,109,155999,155999,367973,501428,1025401,657.312547,100.0,20260511_FWD_LIFESAVING_CreativeFortunePlusII_PREMIUM15600_ANNUAL_10pay.pdf
2026-05-11,FWD,fwd_creative_fortune_plus_ii,創逸致富(豐裕版) II 保險計劃,life-savings,10Y_ANNUAL,ANNUAL,10,80,110,155999,155999,385811,509785,1051597,674.104962,100.0,20260511_FWD_LIFESAVING_CreativeFortunePlusII_PREMIUM15600_ANNUAL_10pay.pdf
2026-05-11,FWD,fwd_creative_fortune_plus_ii,創逸致富(豐裕版) II 保險計劃,life-savings,10Y_ANNUAL,ANNUAL,10,81,111,155999,155999,404318,518142,1078461,691.325585,100.0,20260511_FWD_LIFESAVING_CreativeFortunePlusII_PREMIUM15600_ANNUAL_10pay.pdf
2026-05-11,FWD,fwd_creative_fortune_plus_ii,創逸致富(豐裕版) II 保險計劃,life-savings,10Y_ANNUAL,ANNUAL,10,82,112,155999,155999,423519,526499,1106019,708.991083,100.0,20260511_FWD_LIFESAVING_CreativeFortunePlusII_PREMIUM15600_ANNUAL_10pay.pdf
2026-05-11,FWD,fwd_creative_fortune_plus_ii,創逸致富(豐裕版) II 保險計劃,life-savings,10Y_ANNUAL,ANNUAL,10,83,113,155999,155999,443441,534857,1134298,727.118764,100.0,20260511_FWD_LIFESAVING_CreativeFortunePlusII_PREMIUM15600_ANNUAL_10pay.pdf
2026-05-11,FWD,fwd_creative_fortune_plus_ii,創逸致富(豐裕版) II 保險計劃,life-savings,10Y_ANNUAL,ANNUAL,10,84,114,155999,155999,464109,543214,1163323,745.724652,100.0,20260511_FWD_LIFESAVING_CreativeFortunePlusII_PREMIUM15600_ANNUAL_10pay.pdf
2026-05-11,FWD,fwd_creative_fortune_plus_ii,創逸致富(豐裕版) II 保險計劃,life-savings,10Y_ANNUAL,ANNUAL,10,85,115,155999,155999,485552,551571,1193124,764.82798,100.0,20260511_FWD_LIFESAVING_CreativeFortunePlusII_PREMIUM15600_ANNUAL_10pay.pdf
2026-05-11,FWD,fwd_creative_fortune_plus_ii,創逸致富(豐裕版) II 保險計劃,life-savings,10Y_ANNUAL,ANNUAL,10,86,116,155999,155999,507800,559928,1223728,784.446054,100.0,20260511_FWD_LIFESAVING_CreativeFortunePlusII_PREMIUM15600_ANNUAL_10pay.pdf
2026-05-11,FWD,fwd_creative_fortune_plus_ii,創逸致富(豐裕版) II 保險計劃,life-savings,10Y_ANNUAL,ANNUAL,10,87,117,155999,155999,530882,566892,1253774,803.706434,100.0,20260511_FWD_LIFESAVING_CreativeFortunePlusII_PREMIUM15600_ANNUAL_10pay.pdf
2026-05-11,FWD,fwd_creative_fortune_plus_ii,創逸致富(豐裕版) II 保險計劃,life-savings,10Y_ANNUAL,ANNUAL,10,88,118,155999,155999,554829,575249,1286079,824.4149,100.0,20260511_FWD_LIFESAVING_CreativeFortunePlusII_PREMIUM15600_ANNUAL_10pay.pdf
2026-05-11,FWD,fwd_creative_fortune_plus_ii,創逸致富(豐裕版) II 保險計劃,life-savings,10Y_ANNUAL,ANNUAL,10,89,119,155999,155999,579674,583607,1319282,845.699011,100.0,20260511_FWD_LIFESAVING_CreativeFortunePlusII_PREMIUM15600_ANNUAL_10pay.pdf
2026-05-11,FWD,fwd_creative_fortune_plus_ii,創逸致富(豐裕版) II 保險計劃,life-savings,10Y_ANNUAL,ANNUAL,10,90,120,155999,155999,605591,591964,1353555,867.669024,100.0,20260511_FWD_LIFESAVING_CreativeFortunePlusII_PREMIUM15600_ANNUAL_10pay.pdf
